instance,n,m,algo,seed,cost,lb,time,error
pace-exact/exact001.gr,10,11,pivot,1,4.0,,0.7284045219421387,
pace-exact/exact001.gr,10,11,pivot50,1,3.0,,0.001253604888916,
pace-exact/exact001.gr,10,11,pivot50,2,3.0,,0.0051076412200927,
pace-exact/exact001.gr,10,11,vote,0,3.0,,0.004645824432373,
pace-exact/exact001.gr,10,11,pivot50,0,3.0,,0.7396426200866699,
pace-exact/exact001.gr,10,11,vote,2,3.0,,0.0001139640808105,
pace-exact/exact001.gr,10,11,vote,1,4.0,,0.0084693431854248,
pace-exact/exact001.gr,10,11,pivot,0,3.0,,0.779193639755249,
pace-exact/exact001.gr,10,11,louvain,0,3.0,,0.0111222267150878,
pace-exact/exact001.gr,10,11,louvain,1,3.0,,0.0151941776275634,
pace-exact/exact001.gr,10,11,louvain,2,3.0,,0.0197138786315917,
pace-exact/exact001.gr,10,11,pivot,2,5.0,,0.8788702487945557,
pace-exact/exact001.gr,10,11,mfp,0,11.0,,0.0364611148834228,
pace-exact/exact001.gr,10,11,mfp,1,10.0,,0.0003077983856201,
pace-exact/exact001.gr,10,11,mfp,2,12.0,,0.0002431869506835,
pace-exact/exact001.gr,10,11,ins,0,3.0,,0.0168535709381103,
pace-exact/exact001.gr,10,11,ins,1,3.0,,0.000669240951538,
pace-exact/exact001.gr,10,11,ins,2,3.0,,0.0005023479461669,
pace-exact/exact001.gr,10,11,flip,0,3.0,,0.0104784965515136,
pace-exact/exact001.gr,10,11,flip,1,3.0,,0.0078773498535156,
pace-exact/exact001.gr,10,11,flip,2,3.0,,0.00993013381958,
pace-exact/exact001.gr,10,11,kapoce,0,3.0,,0.354292631149292,
pace-exact/exact001.gr,10,11,lb:greedy,0,,3.0,0.0073359012603759,
pace-exact/exact001.gr,10,11,lb:tri-mwu,0,,2.989399293286219,0.0120513439178466,
pace-exact/exact002.gr,20,68,pivot,0,37.0,,0.0001149177551269,
pace-exact/exact002.gr,20,68,pivot,1,7.0,,4.601478576660156e-05,
pace-exact/exact002.gr,20,68,pivot,2,17.0,,4.529953002929688e-05,
pace-exact/exact002.gr,20,68,pivot50,0,7.0,,0.0032417774200439,
pace-exact/exact002.gr,20,68,pivot50,1,7.0,,0.0015392303466796,
pace-exact/exact002.gr,20,68,pivot50,2,7.0,,0.0018823146820068,
pace-exact/exact001.gr,10,11,leiden,0,3.0,,0.8784430027008057,
pace-exact/exact002.gr,20,68,vote,1,7.0,,0.0002284049987792,
pace-exact/exact001.gr,10,11,leiden,1,3.0,,0.8771452903747559,
pace-exact/exact002.gr,20,68,louvain,0,7.0,,0.0004642009735107,
pace-exact/exact002.gr,20,68,louvain,1,7.0,,0.0002906322479248,
pace-exact/exact002.gr,20,68,louvain,2,7.0,,0.000279426574707,
pace-exact/exact002.gr,20,68,leiden,0,7.0,,0.0009658336639404,
pace-exact/exact002.gr,20,68,vote,2,7.0,,0.0001149177551269,
pace-exact/exact002.gr,20,68,leiden,2,7.0,,0.0010468959808349,
pace-exact/exact002.gr,20,68,leiden,1,7.0,,0.0097653865814208,
pace-exact/exact001.gr,10,11,leiden,2,3.0,,0.9362831115722656,
pace-exact/exact002.gr,20,68,mfp,0,36.0,,0.0630557537078857,
pace-exact/exact002.gr,20,68,mfp,1,25.0,,0.0628814697265625,
pace-exact/exact002.gr,20,68,ins,0,7.0,,0.0099530220031738,
pace-exact/exact002.gr,20,68,ins,2,7.0,,0.0006053447723388,
pace-exact/exact002.gr,20,68,ins,1,7.0,,0.0203514099121093,
pace-exact/exact002.gr,20,68,flip,0,7.0,,0.0181853771209716,
pace-exact/exact002.gr,20,68,flip,1,7.0,,0.0266308784484863,
pace-exact/exact002.gr,20,68,mfp,2,21.0,,0.0621759891510009,
pace-exact/exact002.gr,20,68,flip,2,7.0,,0.0148053169250488,
pace-exact/exact002.gr,20,68,lb:greedy,0,,7.0,0.0075047016143798,
pace-exact/exact002.gr,20,68,lb:tri-mwu,0,,7.0,0.0241734981536865,
pace-exact/exact003.gr,20,73,pivot,0,56.0,,7.414817810058594e-05,
pace-exact/exact003.gr,20,73,pivot,1,59.0,,3.910064697265625e-05,
pace-exact/exact003.gr,20,73,pivot,2,59.0,,3.790855407714844e-05,
pace-exact/exact003.gr,20,73,pivot50,1,45.0,,0.0011723041534423,
pace-exact/exact003.gr,20,73,pivot50,2,44.0,,0.0010387897491455,
pace-exact/exact003.gr,20,73,vote,0,46.0,,9.012222290039062e-05,
pace-exact/exact003.gr,20,73,vote,1,42.0,,0.0001163482666015,
pace-exact/exact003.gr,20,73,vote,2,42.0,,8.296966552734375e-05,
pace-exact/exact003.gr,20,73,louvain,0,43.0,,0.0004622936248779,
pace-exact/exact003.gr,20,73,louvain,1,42.0,,0.0003168582916259,
pace-exact/exact002.gr,20,68,vote,0,7.0,,0.5419032573699951,
pace-exact/exact003.gr,20,73,pivot50,0,43.0,,0.7649972438812256,
pace-exact/exact003.gr,20,73,louvain,2,42.0,,0.6672189235687256,
pace-exact/exact003.gr,20,73,leiden,0,42.0,,0.9800078868865968,
pace-exact/exact003.gr,20,73,mfp,0,76.0,,0.0465002059936523,
pace-exact/exact003.gr,20,73,mfp,1,76.0,,0.0005757808685302,
pace-exact/exact003.gr,20,73,mfp,2,88.0,,0.0004620552062988,
pace-exact/exact003.gr,20,73,ins,0,45.0,,0.0302221775054931,
pace-exact/exact003.gr,20,73,ins,1,42.0,,0.000847578048706,
pace-exact/exact003.gr,20,73,ins,2,42.0,,0.0006308555603027,
pace-exact/exact003.gr,20,73,flip,0,42.0,,0.0298161506652832,
pace-exact/exact003.gr,20,73,flip,1,42.0,,0.0253078937530517,
pace-exact/exact003.gr,20,73,flip,2,42.0,,0.0272474288940429,
pace-exact/exact003.gr,20,73,leiden,2,46.0,,0.8797335624694824,
pace-exact/exact003.gr,20,73,leiden,1,42.0,,0.904067039489746,
pace-exact/exact002.gr,20,68,kapoce,0,7.0,,1.7841105461120603,
pace-exact/exact004.gr,20,75,pivot,0,42.0,,0.0001137256622314,
pace-exact/exact004.gr,20,75,pivot,1,58.0,,6.4849853515625e-05,
pace-exact/exact004.gr,20,75,pivot,2,48.0,,5.459785461425781e-05,
pace-exact/exact004.gr,20,75,pivot50,0,33.0,,0.0016179084777832,
pace-exact/exact004.gr,20,75,pivot50,1,33.0,,0.0028572082519531,
pace-exact/exact004.gr,20,75,pivot50,2,35.0,,0.0018398761749267,
pace-exact/exact004.gr,20,75,vote,0,32.0,,0.0001327991485595,
pace-exact/exact004.gr,20,75,vote,1,32.0,,0.0001547336578369,
pace-exact/exact004.gr,20,75,vote,2,32.0,,0.0001411437988281,
pace-exact/exact004.gr,20,75,louvain,0,32.0,,0.0004839897155761,
pace-exact/exact004.gr,20,75,louvain,1,32.0,,0.0005178451538085,
pace-exact/exact004.gr,20,75,louvain,2,32.0,,0.0005197525024414,
pace-exact/exact004.gr,20,75,leiden,0,32.0,,0.0017957687377929,
pace-exact/exact004.gr,20,75,leiden,1,32.0,,0.0016050338745117,
pace-exact/exact004.gr,20,75,leiden,2,32.0,,0.0017809867858886,
pace-exact/exact003.gr,20,73,lb:greedy,0,,31.0,0.0340456962585449,
pace-exact/exact004.gr,20,75,mfp,0,64.0,,0.0066683292388916,
pace-exact/exact004.gr,20,75,mfp,1,76.0,,0.0006020069122314,
pace-exact/exact004.gr,20,75,mfp,2,74.0,,0.0006346702575683,
pace-exact/exact004.gr,20,75,ins,0,32.0,,0.0062618255615234,
pace-exact/exact004.gr,20,75,ins,1,32.0,,0.0034615993499755,
pace-exact/exact004.gr,20,75,ins,2,32.0,,0.0006537437438964,
pace-exact/exact004.gr,20,75,flip,1,32.0,,0.0115046501159667,
pace-exact/exact004.gr,20,75,flip,2,32.0,,0.0070834159851074,
pace-exact/exact003.gr,20,73,lb:tri-mwu,0,,36.407407407407405,0.0864794254302978,
pace-exact/exact004.gr,20,75,lb:greedy,0,,26.0,0.0001015663146972,
pace-exact/exact004.gr,20,75,lb:tri-mwu,0,,31.83745583038869,0.0321438312530517,
pace-exact/exact005.gr,20,97,pivot,0,57.0,,9.107589721679688e-05,
pace-exact/exact005.gr,20,97,pivot,1,72.0,,6.771087646484375e-05,
pace-exact/exact005.gr,20,97,pivot,2,57.0,,3.8623809814453125e-05,
pace-exact/exact005.gr,20,97,pivot50,0,50.0,,0.0010724067687988,
pace-exact/exact005.gr,20,97,pivot50,1,50.0,,0.001044750213623,
pace-exact/exact005.gr,20,97,pivot50,2,50.0,,0.0091803073883056,
pace-exact/exact004.gr,20,75,flip,0,32.0,,0.89426589012146,
pace-exact/exact005.gr,20,97,vote,1,50.0,,0.0001368522644042,
pace-exact/exact005.gr,20,97,vote,2,46.0,,8.130073547363281e-05,
pace-exact/exact005.gr,20,97,louvain,0,48.0,,0.0003652572631835,
pace-exact/exact005.gr,20,97,louvain,1,48.0,,0.0003252029418945,
pace-exact/exact005.gr,20,97,louvain,2,46.0,,0.0003154277801513,
pace-exact/exact005.gr,20,97,vote,0,48.0,,0.6658046245574951,
pace-exact/exact005.gr,20,97,leiden,0,46.0,,0.8499059677124023,
pace-exact/exact005.gr,20,97,leiden,2,46.0,,0.0010805130004882,
pace-exact/exact005.gr,20,97,mfp,0,101.0,,0.0390706062316894,
pace-exact/exact005.gr,20,97,mfp,1,86.0,,0.0006899833679199,
pace-exact/exact005.gr,20,97,mfp,2,86.0,,0.0006599426269531,
pace-exact/exact005.gr,20,97,leiden,1,46.0,,0.8190674781799316,
pace-exact/exact005.gr,20,97,ins,0,46.0,,0.0007030963897705,
pace-exact/exact005.gr,20,97,ins,2,46.0,,0.0006968975067138,
pace-exact/exact005.gr,20,97,flip,0,46.0,,0.0123708248138427,
pace-exact/exact005.gr,20,97,flip,1,46.0,,0.0126769542694091,
pace-exact/exact005.gr,20,97,ins,1,46.0,,0.0306377410888671,
pace-exact/exact005.gr,20,97,flip,2,46.0,,0.0128319263458251,
pace-exact/exact005.gr,20,97,lb:greedy,0,,32.0,0.0078136920928955,
pace-exact/exact005.gr,20,97,lb:tri-mwu,0,,43.232394366197184,0.0238099098205566,
pace-exact/exact006.gr,20,113,pivot,0,9.0,,0.0001022815704345,
pace-exact/exact006.gr,20,113,pivot,1,37.0,,7.319450378417969e-05,
pace-exact/exact006.gr,20,113,pivot,2,9.0,,4.553794860839844e-05,
pace-exact/exact006.gr,20,113,pivot50,0,9.0,,0.0010185241699218,
pace-exact/exact006.gr,20,113,pivot50,1,9.0,,0.0009841918945312,
pace-exact/exact006.gr,20,113,pivot50,2,9.0,,0.001371145248413,
pace-exact/exact006.gr,20,113,vote,0,9.0,,0.0001001358032226,
pace-exact/exact006.gr,20,113,vote,1,9.0,,0.0001101493835449,
pace-exact/exact006.gr,20,113,vote,2,9.0,,9.751319885253906e-05,
pace-exact/exact006.gr,20,113,louvain,0,9.0,,0.0003097057342529,
pace-exact/exact006.gr,20,113,louvain,1,9.0,,0.0003008842468261,
pace-exact/exact006.gr,20,113,louvain,2,9.0,,0.0003230571746826,
pace-exact/exact006.gr,20,113,leiden,0,9.0,,0.0012423992156982,
pace-exact/exact006.gr,20,113,leiden,1,9.0,,0.001216173171997,
pace-exact/exact004.gr,20,75,kapoce,0,32.0,,2.5084946155548096,
pace-exact/exact006.gr,20,113,mfp,0,9.0,,0.0123863220214843,
pace-exact/exact006.gr,20,113,mfp,1,41.0,,0.0009388923645019,
pace-exact/exact006.gr,20,113,mfp,2,28.0,,0.0008833408355712,
pace-exact/exact006.gr,20,113,ins,0,9.0,,0.0336840152740478,
pace-exact/exact006.gr,20,113,ins,1,9.0,,0.0007104873657226,
pace-exact/exact006.gr,20,113,ins,2,9.0,,0.0003175735473632,
pace-exact/exact006.gr,20,113,flip,0,9.0,,0.0146722793579101,
pace-exact/exact006.gr,20,113,flip,1,9.0,,0.0150215625762939,
pace-exact/exact006.gr,20,113,flip,2,9.0,,0.0112342834472656,
pace-exact/exact003.gr,20,73,kapoce,0,42.0,,3.097562074661255,
pace-exact/exact006.gr,20,113,lb:greedy,0,,9.0,0.011695384979248,
pace-exact/exact006.gr,20,113,lb:tri-mwu,0,,9.0,0.0244524478912353,
pace-exact/exact007.gr,30,147,pivot,0,137.0,,0.0001046657562255,
pace-exact/exact007.gr,30,147,pivot,1,113.0,,4.434585571289063e-05,
pace-exact/exact007.gr,30,147,pivot,2,116.0,,3.910064697265625e-05,
pace-exact/exact007.gr,30,147,pivot50,0,99.0,,0.0012953281402587,
pace-exact/exact007.gr,30,147,pivot50,1,96.0,,0.0010802745819091,
pace-exact/exact007.gr,30,147,pivot50,2,98.0,,0.707571268081665,
pace-exact/exact007.gr,30,147,vote,0,89.0,,0.0084562301635742,
pace-exact/exact007.gr,30,147,vote,1,89.0,,0.0001337528228759,
pace-exact/exact007.gr,30,147,vote,2,88.0,,0.0001239776611328,
pace-exact/exact007.gr,30,147,louvain,0,86.0,,0.0155489444732666,
pace-exact/exact007.gr,30,147,louvain,1,86.0,,0.0004234313964843,
pace-exact/exact007.gr,30,147,louvain,2,88.0,,0.00034761428833,
pace-exact/exact006.gr,20,113,leiden,2,9.0,,0.8377926349639893,
pace-exact/exact007.gr,30,147,leiden,1,86.0,,0.0063190460205078,
pace-exact/exact007.gr,30,147,leiden,2,91.0,,0.002298355102539,
pace-exact/exact007.gr,30,147,mfp,0,191.0,,0.0420291423797607,
pace-exact/exact007.gr,30,147,mfp,1,149.0,,0.0008325576782226,
pace-exact/exact007.gr,30,147,mfp,2,155.0,,0.0008313655853271,
pace-exact/exact007.gr,30,147,ins,0,86.0,,0.0331485271453857,
pace-exact/exact007.gr,30,147,ins,1,86.0,,0.0008580684661865,
pace-exact/exact007.gr,30,147,ins,2,86.0,,0.0009770393371582,
pace-exact/exact007.gr,30,147,flip,0,86.0,,0.0323808193206787,
pace-exact/exact007.gr,30,147,flip,1,86.0,,0.0329675674438476,
pace-exact/exact007.gr,30,147,flip,2,86.0,,0.0326118469238281,
pace-exact/exact005.gr,20,97,kapoce,0,46.0,,2.5866453647613525,
pace-exact/exact007.gr,30,147,leiden,0,88.0,,0.8458478450775146,
pace-exact/exact007.gr,30,147,lb:greedy,0,,63.0,0.0297694206237792,
pace-exact/exact007.gr,30,147,lb:tri-mwu,0,,73.04059040590406,0.0206243991851806,
pace-exact/exact008.gr,30,172,pivot,0,110.0,,8.320808410644531e-05,
pace-exact/exact008.gr,30,172,pivot,1,113.0,,5.078315734863281e-05,
pace-exact/exact008.gr,30,172,pivot,2,135.0,,5.197525024414063e-05,
pace-exact/exact008.gr,30,172,pivot50,0,92.0,,0.0010938644409179,
pace-exact/exact008.gr,30,172,pivot50,1,94.0,,0.0010538101196289,
pace-exact/exact008.gr,30,172,pivot50,2,96.0,,0.0091850757598876,
pace-exact/exact008.gr,30,172,vote,0,81.0,,0.0001158714294433,
pace-exact/exact008.gr,30,172,vote,1,81.0,,9.27448272705078e-05,
pace-exact/exact008.gr,30,172,vote,2,81.0,,0.0001118183135986,
pace-exact/exact008.gr,30,172,louvain,0,81.0,,0.0003728866577148,
pace-exact/exact008.gr,30,172,louvain,1,81.0,,0.7440307140350342,
pace-exact/exact008.gr,30,172,louvain,2,81.0,,0.0004746913909912,
pace-exact/exact006.gr,20,113,kapoce,0,9.0,,2.85864782333374,
pace-exact/exact008.gr,30,172,leiden,1,81.0,,0.0018055438995361,
pace-exact/exact008.gr,30,172,leiden,2,81.0,,0.0060150623321533,
pace-exact/exact008.gr,30,172,mfp,0,199.0,,0.0010652542114257,
pace-exact/exact008.gr,30,172,mfp,1,168.0,,0.0171449184417724,
pace-exact/exact008.gr,30,172,mfp,2,174.0,,0.001011848449707,
pace-exact/exact008.gr,30,172,leiden,0,81.0,,0.8030064105987549,
pace-exact/exact008.gr,30,172,ins,1,81.0,,0.0280220508575439,
pace-exact/exact008.gr,30,172,ins,2,81.0,,0.0009057521820068,
pace-exact/exact008.gr,30,172,flip,0,81.0,,0.0369346141815185,
pace-exact/exact008.gr,30,172,ins,0,81.0,,0.7266533374786377,
pace-exact/exact008.gr,30,172,flip,1,81.0,,0.0273358821868896,
pace-exact/exact008.gr,30,172,flip,2,81.0,,0.0328345298767089,
pace-exact/exact008.gr,30,172,lb:greedy,0,,63.0,0.0077016353607177,
pace-exact/exact008.gr,30,172,lb:tri-mwu,0,,78.85915492957747,0.026216983795166,
pace-exact/exact009.gr,30,175,pivot,0,131.0,,8.845329284667969e-05,
pace-exact/exact009.gr,30,175,pivot,1,138.0,,4.696846008300781e-05,
pace-exact/exact009.gr,30,175,pivot,2,119.0,,8.249282836914062e-05,
pace-exact/exact009.gr,30,175,pivot50,0,101.0,,0.0011272430419921,
pace-exact/exact009.gr,30,175,pivot50,1,98.0,,0.0010716915130615,
pace-exact/exact009.gr,30,175,pivot50,2,97.0,,0.0051679611206054,
pace-exact/exact009.gr,30,175,vote,0,90.0,,0.0001373291015625,
pace-exact/exact009.gr,30,175,vote,1,91.0,,8.654594421386719e-05,
pace-exact/exact009.gr,30,175,vote,2,91.0,,7.462501525878906e-05,
pace-exact/exact009.gr,30,175,louvain,0,90.0,,0.0003519058227539,
pace-exact/exact009.gr,30,175,louvain,1,91.0,,0.7581813335418701,
pace-exact/exact009.gr,30,175,louvain,2,91.0,,0.000507116317749,
pace-exact/exact009.gr,30,175,leiden,0,91.0,,0.837479829788208,
pace-exact/exact009.gr,30,175,leiden,1,90.0,,0.0063312053680419,
pace-exact/exact009.gr,30,175,leiden,2,90.0,,0.0017662048339843,
pace-exact/exact009.gr,30,175,mfp,0,167.0,,0.0419051647186279,
pace-exact/exact009.gr,30,175,mfp,1,194.0,,0.001007080078125,
pace-exact/exact009.gr,30,175,mfp,2,196.0,,0.001016616821289,
pace-exact/exact009.gr,30,175,ins,0,90.0,,0.0100407600402832,
pace-exact/exact009.gr,30,175,ins,1,90.0,,0.0009467601776123,
pace-exact/exact009.gr,30,175,ins,2,91.0,,0.0007846355438232,
pace-exact/exact009.gr,30,175,flip,0,90.0,,0.031191349029541,
pace-exact/exact009.gr,30,175,flip,1,90.0,,0.0309453010559082,
pace-exact/exact009.gr,30,175,flip,2,90.0,,0.0311148166656494,
pace-exact/exact007.gr,30,147,kapoce,0,86.0,,4.928161859512329,
pace-exact/exact009.gr,30,175,lb:greedy,0,,71.0,0.0125856399536132,
pace-exact/exact009.gr,30,175,lb:tri-mwu,0,,85.77372262773723,0.0254676342010498,
pace-exact/exact010.gr,30,235,pivot,0,16.0,,0.6911880970001221,
pace-exact/exact010.gr,30,235,pivot,1,89.0,,0.0001344680786132,
pace-exact/exact010.gr,30,235,pivot,2,52.0,,5.292892456054688e-05,
pace-exact/exact010.gr,30,235,pivot50,0,16.0,,0.0013728141784667,
pace-exact/exact010.gr,30,235,pivot50,1,16.0,,0.001178503036499,
pace-exact/exact010.gr,30,235,pivot50,2,16.0,,0.0010821819305419,
pace-exact/exact010.gr,30,235,vote,0,16.0,,0.0049901008605957,
pace-exact/exact010.gr,30,235,vote,1,16.0,,0.0001254081726074,
pace-exact/exact010.gr,30,235,vote,2,16.0,,0.0001237392425537,
pace-exact/exact010.gr,30,235,louvain,0,16.0,,0.0081756114959716,
pace-exact/exact010.gr,30,235,louvain,1,16.0,,0.0003421306610107,
pace-exact/exact010.gr,30,235,louvain,2,16.0,,0.0003645420074462,
pace-exact/exact010.gr,30,235,leiden,0,16.0,,0.8040111064910889,
pace-exact/exact010.gr,30,235,leiden,1,16.0,,0.0025970935821533,
pace-exact/exact010.gr,30,235,leiden,2,16.0,,0.0024936199188232,
pace-exact/exact010.gr,30,235,mfp,0,76.0,,0.0408236980438232,
pace-exact/exact010.gr,30,235,mfp,1,33.0,,0.0036752223968505,
pace-exact/exact010.gr,30,235,mfp,2,113.0,,0.0035793781280517,
pace-exact/exact010.gr,30,235,ins,0,16.0,,0.0077886581420898,
pace-exact/exact010.gr,30,235,ins,1,16.0,,0.0009665489196777,
pace-exact/exact008.gr,30,172,kapoce,0,81.0,,4.78441333770752,
pace-exact/exact010.gr,30,235,flip,0,16.0,,0.0290629863739013,
pace-exact/exact010.gr,30,235,flip,1,16.0,,0.0335116386413574,
pace-exact/exact010.gr,30,235,flip,2,16.0,,0.0424237251281738,
pace-exact/exact010.gr,30,235,lb:greedy,0,,16.0,0.0078828334808349,
pace-exact/exact010.gr,30,235,lb:tri-mwu,0,,16.0,0.0358409881591796,
pace-exact/exact011.gr,30,291,pivot,0,193.0,,0.0001049041748046,
pace-exact/exact011.gr,30,291,pivot,1,97.0,,8.225440979003906e-05,
pace-exact/exact011.gr,30,291,pivot,2,93.0,,6.508827209472656e-05,
pace-exact/exact010.gr,30,235,ins,2,16.0,,1.0004510879516602,
pace-exact/exact011.gr,30,291,pivot50,1,97.0,,0.0013244152069091,
pace-exact/exact011.gr,30,291,pivot50,2,93.0,,0.0058262348175048,
pace-exact/exact011.gr,30,291,vote,0,81.0,,0.0002892017364501,
pace-exact/exact011.gr,30,291,vote,1,81.0,,0.0001192092895507,
pace-exact/exact011.gr,30,291,vote,2,81.0,,9.72747802734375e-05,
pace-exact/exact011.gr,30,291,louvain,0,81.0,,0.0003855228424072,
pace-exact/exact011.gr,30,291,louvain,1,81.0,,0.0004189014434814,
pace-exact/exact011.gr,30,291,louvain,2,81.0,,0.0004534721374511,
pace-exact/exact011.gr,30,291,pivot50,0,95.0,,0.7706615924835205,
pace-exact/exact011.gr,30,291,leiden,0,81.0,,0.8659136295318604,
pace-exact/exact011.gr,30,291,leiden,2,81.0,,0.0019752979278564,
pace-exact/exact011.gr,30,291,mfp,0,256.0,,0.0406193733215332,
pace-exact/exact011.gr,30,291,mfp,1,163.0,,0.0028498172760009,
pace-exact/exact011.gr,30,291,mfp,2,227.0,,0.0024113655090332,
pace-exact/exact011.gr,30,291,ins,0,81.0,,0.00093674659729,
pace-exact/exact011.gr,30,291,ins,1,81.0,,0.000842809677124,
pace-exact/exact011.gr,30,291,ins,2,81.0,,0.0007929801940917,
pace-exact/exact011.gr,30,291,flip,0,81.0,,0.0361754894256591,
pace-exact/exact011.gr,30,291,flip,1,81.0,,0.0328810214996337,
pace-exact/exact011.gr,30,291,flip,2,81.0,,0.0332891941070556,
pace-exact/exact011.gr,30,291,leiden,1,81.0,,0.9684004783630372,
pace-exact/exact009.gr,30,175,kapoce,0,90.0,,5.012603759765625,
pace-exact/exact011.gr,30,291,lb:greedy,0,,66.0,0.0078182220458984,
pace-exact/exact011.gr,30,291,lb:tri-mwu,0,,80.57042253521126,0.0300686359405517,
pace-exact/exact012.gr,40,283,pivot,0,212.0,,8.893013000488281e-05,
pace-exact/exact012.gr,40,283,pivot,1,208.0,,4.482269287109375e-05,
pace-exact/exact012.gr,40,283,pivot50,0,170.0,,0.0012917518615722,
pace-exact/exact012.gr,40,283,pivot50,1,169.0,,0.0011770725250244,
pace-exact/exact012.gr,40,283,pivot50,2,175.0,,0.001155138015747,
pace-exact/exact012.gr,40,283,vote,0,137.0,,0.0001018047332763,
pace-exact/exact012.gr,40,283,vote,1,137.0,,0.0001523494720458,
pace-exact/exact012.gr,40,283,vote,2,137.0,,0.0001137256622314,
pace-exact/exact012.gr,40,283,louvain,0,137.0,,0.0004281997680664,
pace-exact/exact012.gr,40,283,louvain,1,137.0,,0.0003941059112548,
pace-exact/exact012.gr,40,283,louvain,2,137.0,,0.0003192424774169,
pace-exact/exact012.gr,40,283,pivot,2,195.0,,0.7350995540618896,
pace-exact/exact010.gr,30,235,kapoce,0,16.0,,3.85803484916687,
pace-exact/exact012.gr,40,283,leiden,0,137.0,,1.0125958919525146,
pace-exact/exact012.gr,40,283,mfp,0,310.0,,0.0092811584472656,
pace-exact/exact012.gr,40,283,mfp,1,311.0,,0.0016548633575439,
pace-exact/exact012.gr,40,283,mfp,2,294.0,,0.0016977787017822,
pace-exact/exact012.gr,40,283,ins,0,137.0,,0.0015771389007568,
pace-exact/exact012.gr,40,283,ins,1,137.0,,0.0010073184967041,
pace-exact/exact012.gr,40,283,ins,2,137.0,,0.0052392482757568,
pace-exact/exact012.gr,40,283,flip,0,137.0,,0.0515124797821044,
pace-exact/exact012.gr,40,283,flip,1,137.0,,0.0471174716949462,
pace-exact/exact012.gr,40,283,flip,2,137.0,,0.0550992488861084,
pace-exact/exact012.gr,40,283,leiden,1,137.0,,1.05031156539917,
pace-exact/exact012.gr,40,283,leiden,2,137.0,,1.067835807800293,
pace-exact/exact012.gr,40,283,lb:greedy,0,,113.0,0.0249638557434082,
pace-exact/exact012.gr,40,283,lb:tri-mwu,0,,132.37857142857143,0.0222702026367187,
pace-exact/exact013.gr,40,297,pivot,0,259.0,,0.0001039505004882,
pace-exact/exact013.gr,40,297,pivot,1,205.0,,6.413459777832031e-05,
pace-exact/exact013.gr,40,297,pivot,2,227.0,,4.172325134277344e-05,
pace-exact/exact013.gr,40,297,pivot50,0,209.0,,0.0011637210845947,
pace-exact/exact013.gr,40,297,pivot50,1,205.0,,0.0012476444244384,
pace-exact/exact013.gr,40,297,pivot50,2,203.0,,0.0011422634124755,
pace-exact/exact013.gr,40,297,vote,0,187.0,,0.0001130104064941,
pace-exact/exact013.gr,40,297,vote,1,185.0,,0.0001018047332763,
pace-exact/exact013.gr,40,297,vote,2,181.0,,0.000119924545288,
pace-exact/exact013.gr,40,297,louvain,0,187.0,,0.0004410743713378,
pace-exact/exact013.gr,40,297,louvain,1,185.0,,0.0004074573516845,
pace-exact/exact013.gr,40,297,louvain,2,181.0,,0.7018587589263916,
pace-exact/exact013.gr,40,297,leiden,0,185.0,,0.8126802444458008,
pace-exact/exact013.gr,40,297,leiden,2,181.0,,0.0049071311950683,
pace-exact/exact013.gr,40,297,mfp,0,326.0,,0.0094134807586669,
pace-exact/exact013.gr,40,297,mfp,1,354.0,,0.0016183853149414,
pace-exact/exact013.gr,40,297,mfp,2,311.0,,0.0016846656799316,
pace-exact/exact013.gr,40,297,ins,0,182.0,,0.0014944076538085,
pace-exact/exact013.gr,40,297,ins,1,183.0,,0.0012421607971191,
pace-exact/exact013.gr,40,297,ins,2,182.0,,0.0013501644134521,
pace-exact/exact013.gr,40,297,flip,0,181.0,,0.0251152515411376,
pace-exact/exact013.gr,40,297,flip,1,182.0,,0.0546381473541259,
pace-exact/exact013.gr,40,297,flip,2,181.0,,0.041060447692871,
pace-exact/exact013.gr,40,297,leiden,1,185.0,,0.8552916049957275,
pace-exact/exact011.gr,30,291,kapoce,0,81.0,,5.582383632659912,
pace-exact/exact013.gr,40,297,lb:greedy,0,,131.0,0.0319592952728271,
pace-exact/exact013.gr,40,297,lb:tri-mwu,0,,148.06296296296296,0.0226416587829589,
pace-exact/exact014.gr,40,311,pivot,0,112.0,,0.0001158714294433,
pace-exact/exact014.gr,40,311,pivot,1,178.0,,5.674362182617188e-05,
pace-exact/exact014.gr,40,311,pivot,2,204.0,,5.292892456054688e-05,
pace-exact/exact014.gr,40,311,pivot50,0,79.0,,0.001103401184082,
pace-exact/exact014.gr,40,311,pivot50,1,94.0,,0.0027694702148437,
pace-exact/exact014.gr,40,311,pivot50,2,79.0,,0.0011563301086425,
pace-exact/exact014.gr,40,311,vote,0,79.0,,0.004866600036621,
pace-exact/exact014.gr,40,311,vote,1,79.0,,0.0001451969146728,
pace-exact/exact014.gr,40,311,vote,2,79.0,,0.0001120567321777,
pace-exact/exact014.gr,40,311,louvain,0,79.0,,0.0114674568176269,
pace-exact/exact014.gr,40,311,louvain,1,79.0,,0.0003793239593505,
pace-exact/exact014.gr,40,311,louvain,2,79.0,,0.0003504753112792,
pace-exact/exact014.gr,40,311,leiden,0,79.0,,0.0023474693298339,
pace-exact/exact014.gr,40,311,leiden,1,79.0,,0.0022957324981689,
pace-exact/exact014.gr,40,311,leiden,2,79.0,,0.0062694549560546,
pace-exact/exact014.gr,40,311,mfp,0,249.0,,0.7079896926879883,
pace-exact/exact014.gr,40,311,mfp,1,192.0,,0.0022385120391845,
pace-exact/exact014.gr,40,311,mfp,2,233.0,,0.0022306442260742,
pace-exact/exact014.gr,40,311,ins,0,79.0,,0.0171775817871093,
pace-exact/exact014.gr,40,311,ins,1,79.0,,0.0011489391326904,
pace-exact/exact014.gr,40,311,ins,2,79.0,,0.0008563995361328,
pace-exact/exact014.gr,40,311,flip,0,79.0,,0.0092341899871826,
pace-exact/exact014.gr,40,311,flip,1,79.0,,0.00907564163208,
pace-exact/exact014.gr,40,311,flip,2,79.0,,0.0088541507720947,
pace-exact/exact012.gr,40,283,kapoce,0,137.0,,6.757317781448364,
pace-exact/exact014.gr,40,311,lb:greedy,0,,74.0,0.0538344383239746,
pace-exact/exact014.gr,40,311,lb:tri-mwu,0,,78.96126760563381,0.0417678356170654,
pace-exact/exact015.gr,40,360,pivot,0,275.0,,0.0001139640808105,
pace-exact/exact015.gr,40,360,pivot,1,236.0,,8.869171142578125e-05,
pace-exact/exact015.gr,40,360,pivot,2,240.0,,5.221366882324219e-05,
pace-exact/exact015.gr,40,360,pivot50,0,185.0,,0.001253604888916,
pace-exact/exact015.gr,40,360,pivot50,1,177.0,,0.0052907466888427,
pace-exact/exact015.gr,40,360,pivot50,2,175.0,,0.0011496543884277,
pace-exact/exact015.gr,40,360,vote,0,165.0,,0.0083315372467041,
pace-exact/exact015.gr,40,360,vote,1,164.0,,0.0001485347747802,
pace-exact/exact015.gr,40,360,vote,2,164.0,,0.0001099109649658,
pace-exact/exact015.gr,40,360,louvain,0,165.0,,0.0156939029693603,
pace-exact/exact015.gr,40,360,louvain,1,164.0,,0.0003857612609863,
pace-exact/exact015.gr,40,360,louvain,2,164.0,,0.000352144241333,
pace-exact/exact015.gr,40,360,leiden,0,164.0,,0.0066652297973632,
pace-exact/exact015.gr,40,360,leiden,1,165.0,,0.0064399242401123,
pace-exact/exact015.gr,40,360,leiden,2,164.0,,0.0064978599548339,
pace-exact/exact015.gr,40,360,mfp,0,391.0,,0.7592790126800537,
pace-exact/exact015.gr,40,360,mfp,1,367.0,,0.0024037361145019,
pace-exact/exact015.gr,40,360,mfp,2,343.0,,0.0024416446685791,
pace-exact/exact015.gr,40,360,ins,0,165.0,,0.0338194370269775,
pace-exact/exact015.gr,40,360,ins,1,164.0,,0.0014035701751708,
pace-exact/exact015.gr,40,360,ins,2,164.0,,0.0014097690582275,
pace-exact/exact015.gr,40,360,flip,0,164.0,,0.0490436553955078,
pace-exact/exact015.gr,40,360,flip,1,164.0,,0.0481526851654052,
pace-exact/exact015.gr,40,360,flip,2,164.0,,0.0496168136596679,
pace-exact/exact013.gr,40,297,kapoce,0,181.0,,7.072584867477417,
pace-exact/exact015.gr,40,360,lb:greedy,0,,131.0,0.0320911407470703,
pace-exact/exact015.gr,40,360,lb:tri-mwu,0,,157.84098939929328,0.0308270454406738,
pace-exact/exact016.gr,40,430,pivot,0,218.0,,0.0030369758605957,
pace-exact/exact016.gr,40,430,pivot,1,225.0,,9.608268737792967e-05,
pace-exact/exact016.gr,40,430,pivot,2,193.0,,6.961822509765625e-05,
pace-exact/exact016.gr,40,430,pivot50,0,129.0,,0.0012407302856445,
pace-exact/exact016.gr,40,430,pivot50,1,141.0,,0.0011947154998779,
pace-exact/exact016.gr,40,430,pivot50,2,138.0,,0.0015313625335693,
pace-exact/exact016.gr,40,430,vote,0,126.0,,0.0001189708709716,
pace-exact/exact016.gr,40,430,vote,1,126.0,,0.0001173019409179,
pace-exact/exact016.gr,40,430,vote,2,126.0,,8.368492126464844e-05,
pace-exact/exact016.gr,40,430,louvain,0,126.0,,0.000434398651123,
pace-exact/exact016.gr,40,430,louvain,1,126.0,,0.0003268718719482,
pace-exact/exact016.gr,40,430,louvain,2,126.0,,0.0003144741058349,
pace-exact/exact016.gr,40,430,leiden,0,126.0,,0.006601333618164,
pace-exact/exact016.gr,40,430,leiden,1,126.0,,0.0025954246520996,
pace-exact/exact016.gr,40,430,leiden,2,126.0,,0.0107936859130859,
pace-exact/exact016.gr,40,430,mfp,0,397.0,,0.6919267177581787,
pace-exact/exact016.gr,40,430,mfp,1,391.0,,0.0078670978546142,
pace-exact/exact016.gr,40,430,mfp,2,353.0,,0.0087640285491943,
pace-exact/exact016.gr,40,430,ins,0,126.0,,0.0366020202636718,
pace-exact/exact016.gr,40,430,ins,1,126.0,,0.0012259483337402,
pace-exact/exact016.gr,40,430,ins,2,126.0,,0.00108003616333,
pace-exact/exact016.gr,40,430,flip,0,126.0,,0.0359988212585449,
pace-exact/exact014.gr,40,311,kapoce,0,79.0,,6.062390804290772,
pace-exact/exact016.gr,40,430,flip,1,126.0,,0.0397882461547851,
pace-exact/exact016.gr,40,430,flip,2,126.0,,0.0198924541473388,
pace-exact/exact016.gr,40,430,lb:greedy,0,,122.0,0.0089190006256103,
pace-exact/exact016.gr,40,430,lb:tri-mwu,0,,125.59154929577464,0.0270431041717529,
pace-exact/exact017.gr,50,385,pivot,0,366.0,,9.369850158691406e-05,
pace-exact/exact017.gr,50,385,pivot,1,312.0,,6.842613220214844e-05,
pace-exact/exact017.gr,50,385,pivot,2,342.0,,5.292892456054688e-05,
pace-exact/exact017.gr,50,385,pivot50,0,295.0,,0.0012311935424804,
pace-exact/exact017.gr,50,385,pivot50,1,294.0,,0.0053744316101074,
pace-exact/exact017.gr,50,385,pivot50,2,270.0,,0.001206636428833,
pace-exact/exact017.gr,50,385,vote,0,246.0,,0.0001275539398193,
pace-exact/exact017.gr,50,385,vote,1,247.0,,0.0001082420349121,
pace-exact/exact017.gr,50,385,vote,2,245.0,,0.0001933574676513,
pace-exact/exact017.gr,50,385,louvain,0,246.0,,0.6792068481445312,
pace-exact/exact017.gr,50,385,louvain,1,238.0,,0.0006546974182128,
pace-exact/exact017.gr,50,385,louvain,2,243.0,,0.0004501342773437,
pace-exact/exact017.gr,50,385,leiden,0,236.0,,0.8307254314422607,
pace-exact/exact017.gr,50,385,leiden,1,240.0,,0.0093686580657958,
pace-exact/exact017.gr,50,385,leiden,2,236.0,,0.0029318332672119,
pace-exact/exact017.gr,50,385,mfp,0,437.0,,0.0431001186370849,
pace-exact/exact017.gr,50,385,mfp,1,406.0,,0.0020062923431396,
pace-exact/exact017.gr,50,385,mfp,2,434.0,,0.0020396709442138,
pace-exact/exact017.gr,50,385,ins,0,236.0,,0.0104937553405761,
pace-exact/exact017.gr,50,385,ins,1,237.0,,0.0012943744659423,
pace-exact/exact017.gr,50,385,ins,2,236.0,,0.0014350414276123,
pace-exact/exact017.gr,50,385,flip,0,236.0,,0.0510532855987548,
pace-exact/exact017.gr,50,385,flip,1,236.0,,0.0516386032104492,
pace-exact/exact017.gr,50,385,flip,2,236.0,,0.056685447692871,
pace-exact/exact015.gr,40,360,kapoce,0,164.0,,7.324927806854248,
pace-exact/exact017.gr,50,385,lb:greedy,0,,172.0,0.0037393569946289,
pace-exact/exact017.gr,50,385,lb:tri-mwu,0,,191.9111111111111,0.0260453224182128,
pace-exact/exact018.gr,50,446,pivot,0,182.0,,0.0001213550567626,
pace-exact/exact018.gr,50,446,pivot,1,185.0,,6.699562072753906e-05,
pace-exact/exact018.gr,50,446,pivot,2,252.0,,6.270408630371094e-05,
pace-exact/exact018.gr,50,446,pivot50,0,139.0,,0.0012109279632568,
pace-exact/exact018.gr,50,446,pivot50,1,139.0,,0.0011725425720214,
pace-exact/exact018.gr,50,446,pivot50,2,139.0,,0.0054397583007812,
pace-exact/exact018.gr,50,446,vote,0,138.0,,0.0001270771026611,
pace-exact/exact018.gr,50,446,vote,1,132.0,,0.6290628910064697,
pace-exact/exact018.gr,50,446,vote,2,132.0,,0.0001916885375976,
pace-exact/exact018.gr,50,446,louvain,0,132.0,,0.0155017375946044,
pace-exact/exact018.gr,50,446,louvain,1,132.0,,0.0004537105560302,
pace-exact/exact018.gr,50,446,louvain,2,132.0,,0.0004048347473144,
pace-exact/exact016.gr,40,430,kapoce,0,126.0,,6.950275182723999,
pace-exact/exact018.gr,50,446,leiden,0,132.0,,0.8472096920013428,
pace-exact/exact018.gr,50,446,leiden,2,132.0,,0.0028743743896484,
pace-exact/exact018.gr,50,446,mfp,0,314.0,,0.0487356185913085,
pace-exact/exact018.gr,50,446,mfp,1,369.0,,0.0076832771301269,
pace-exact/exact018.gr,50,446,mfp,2,350.0,,0.007441759109497,
pace-exact/exact018.gr,50,446,ins,0,132.0,,0.010474681854248,
pace-exact/exact018.gr,50,446,ins,1,132.0,,0.0012807846069335,
pace-exact/exact018.gr,50,446,ins,2,132.0,,0.0012743473052978,
pace-exact/exact018.gr,50,446,leiden,1,132.0,,0.8081760406494141,
pace-exact/exact018.gr,50,446,flip,0,132.0,,0.042607307434082,
pace-exact/exact018.gr,50,446,flip,1,132.0,,0.0480473041534423,
pace-exact/exact018.gr,50,446,flip,2,132.0,,0.0411512851715087,
pace-exact/exact018.gr,50,446,lb:greedy,0,,110.0,0.0082869529724121,
pace-exact/exact018.gr,50,446,lb:tri-mwu,0,,130.8943661971831,0.032137393951416,
pace-exact/exact019.gr,50,489,pivot,0,412.0,,0.0001275539398193,
pace-exact/exact019.gr,50,489,pivot,1,382.0,,5.245208740234375e-05,
pace-exact/exact019.gr,50,489,pivot,2,373.0,,0.6542646884918213,
pace-exact/exact019.gr,50,489,pivot50,0,348.0,,0.0013985633850097,
pace-exact/exact019.gr,50,489,pivot50,1,338.0,,0.0012702941894531,
pace-exact/exact019.gr,50,489,pivot50,2,353.0,,0.0012900829315185,
pace-exact/exact019.gr,50,489,vote,0,301.0,,0.0089714527130126,
pace-exact/exact019.gr,50,489,vote,1,306.0,,0.0001666545867919,
pace-exact/exact019.gr,50,489,vote,2,315.0,,0.0001811981201171,
pace-exact/exact019.gr,50,489,louvain,0,301.0,,0.0073816776275634,
pace-exact/exact019.gr,50,489,louvain,1,305.0,,0.0004780292510986,
pace-exact/exact019.gr,50,489,louvain,2,301.0,,0.0004551410675048,
pace-exact/exact019.gr,50,489,leiden,0,305.0,,0.8013310432434082,
pace-exact/exact019.gr,50,489,leiden,1,298.0,,0.0048210620880126,
pace-exact/exact019.gr,50,489,leiden,2,298.0,,0.003819465637207,
pace-exact/exact019.gr,50,489,mfp,0,545.0,,0.0208919048309326,
pace-exact/exact019.gr,50,489,mfp,1,531.0,,0.0029897689819335,
pace-exact/exact019.gr,50,489,mfp,2,513.0,,0.0030372142791748,
pace-exact/exact019.gr,50,489,ins,0,306.0,,0.0069379806518554,
pace-exact/exact019.gr,50,489,ins,1,309.0,,0.0018141269683837,
pace-exact/exact019.gr,50,489,ins,2,306.0,,0.0025947093963623,
pace-exact/exact019.gr,50,489,flip,0,298.0,,0.0485436916351318,
pace-exact/exact019.gr,50,489,flip,1,298.0,,0.7517836093902588,
pace-exact/exact019.gr,50,489,flip,2,302.0,,0.0655734539031982,
pace-exact/exact017.gr,50,385,kapoce,0,236.0,,9.162879705429075,
pace-exact/exact018.gr,50,446,kapoce,0,132.0,,8.156972169876099,
pace-exact/exact019.gr,50,489,lb:greedy,0,,216.0,0.0149848461151123,
pace-exact/exact019.gr,50,489,lb:tri-mwu,0,,243.72222222222223,0.0358242988586425,
pace-exact/exact020.gr,50,707,pivot,0,179.0,,0.0001049041748046,
pace-exact/exact020.gr,50,707,pivot,1,176.0,,7.009506225585938e-05,
pace-exact/exact020.gr,50,707,pivot,2,144.0,,0.7398481369018555,
pace-exact/exact020.gr,50,707,pivot50,0,110.0,,0.0013830661773681,
pace-exact/exact020.gr,50,707,pivot50,1,110.0,,0.0012323856353759,
pace-exact/exact020.gr,50,707,pivot50,2,110.0,,0.0012118816375732,
pace-exact/exact020.gr,50,707,vote,0,110.0,,0.0087685585021972,
pace-exact/exact020.gr,50,707,vote,1,110.0,,0.0001816749572753,
pace-exact/exact020.gr,50,707,vote,2,110.0,,0.0001478195190429,
pace-exact/exact020.gr,50,707,louvain,0,110.0,,0.0118927955627441,
pace-exact/exact020.gr,50,707,louvain,1,110.0,,0.0004553794860839,
pace-exact/exact020.gr,50,707,louvain,2,110.0,,0.0004458427429199,
pace-exact/exact020.gr,50,707,leiden,0,110.0,,0.9216806888580322,
pace-exact/exact020.gr,50,707,leiden,1,110.0,,0.0084650516510009,
pace-exact/exact020.gr,50,707,leiden,2,110.0,,0.0075721740722656,
pace-exact/exact020.gr,50,707,mfp,0,465.0,,0.0557606220245361,
pace-exact/exact020.gr,50,707,mfp,1,275.0,,0.0168375968933105,
pace-exact/exact020.gr,50,707,mfp,2,392.0,,0.0203220844268798,
pace-exact/exact020.gr,50,707,ins,0,110.0,,0.0147216320037841,
pace-exact/exact020.gr,50,707,ins,1,110.0,,0.0011341571807861,
pace-exact/exact020.gr,50,707,ins,2,110.0,,0.0015840530395507,
pace-exact/exact020.gr,50,707,flip,0,110.0,,0.0333857536315918,
pace-exact/exact020.gr,50,707,flip,1,110.0,,0.780224084854126,
pace-exact/exact020.gr,50,707,flip,2,110.0,,0.0337481498718261,
pace-exact/exact019.gr,50,489,kapoce,0,298.0,,10.302467107772827,
pace-exact/exact020.gr,50,707,lb:greedy,0,,110.0,0.0082869529724121,
pace-exact/exact020.gr,50,707,lb:tri-mwu,0,,110.0,0.0337188243865966,
pace-exact/exact021.gr,50,872,pivot,0,335.0,,0.0001602172851562,
pace-exact/exact021.gr,50,872,pivot,1,350.0,,5.650520324707031e-05,
pace-exact/exact021.gr,50,872,pivot,2,548.0,,5.054473876953125e-05,
pace-exact/exact021.gr,50,872,pivot50,0,331.0,,0.6328408718109131,
pace-exact/exact021.gr,50,872,pivot50,1,334.0,,0.0013449192047119,
pace-exact/exact021.gr,50,872,pivot50,2,331.0,,0.001357078552246,
pace-exact/exact021.gr,50,872,vote,0,323.0,,0.0085949897766113,
pace-exact/exact021.gr,50,872,vote,1,371.0,,0.0002663135528564,
pace-exact/exact021.gr,50,872,vote,2,322.0,,0.0001356601715087,
pace-exact/exact021.gr,50,872,louvain,0,322.0,,0.0229008197784423,
pace-exact/exact021.gr,50,872,louvain,1,322.0,,0.0006725788116455,
pace-exact/exact021.gr,50,872,louvain,2,322.0,,0.0004231929779052,
pace-exact/exact021.gr,50,872,leiden,1,322.0,,0.008063793182373,
pace-exact/exact021.gr,50,872,leiden,2,322.0,,0.0051102638244628,
pace-exact/exact021.gr,50,872,mfp,0,715.0,,0.0154769420623779,
pace-exact/exact021.gr,50,872,mfp,1,704.0,,0.0234301090240478,
pace-exact/exact021.gr,50,872,leiden,0,322.0,,0.93373441696167,
pace-exact/exact021.gr,50,872,ins,0,322.0,,0.0148591995239257,
pace-exact/exact021.gr,50,872,ins,1,322.0,,0.0026760101318359,
pace-exact/exact021.gr,50,872,ins,2,322.0,,0.0028448104858398,
pace-exact/exact021.gr,50,872,flip,0,322.0,,0.1085538864135742,
pace-exact/exact021.gr,50,872,mfp,2,687.0,,0.595855712890625,
pace-exact/exact021.gr,50,872,flip,1,322.0,,0.0957226753234863,
pace-exact/exact021.gr,50,872,flip,2,322.0,,0.0684611797332763,
pace-exact/exact021.gr,50,872,lb:greedy,0,,246.0,0.0134541988372802,
pace-exact/exact021.gr,50,872,lb:tri-mwu,0,,313.7042253521127,0.0421512126922607,
pace-exact/exact022.gr,60,618,pivot,0,503.0,,0.0001366138458251,
pace-exact/exact022.gr,60,618,pivot,1,496.0,,5.626678466796875e-05,
pace-exact/exact020.gr,50,707,kapoce,0,110.0,,10.007853269577026,
pace-exact/exact022.gr,60,618,pivot50,0,407.0,,0.0013532638549804,
pace-exact/exact022.gr,60,618,pivot50,1,377.0,,0.0013351440429687,
pace-exact/exact022.gr,60,618,pivot50,2,447.0,,0.0096955299377441,
pace-exact/exact022.gr,60,618,vote,0,335.0,,0.0001730918884277,
pace-exact/exact022.gr,60,618,vote,1,337.0,,0.0001428127288818,
pace-exact/exact022.gr,60,618,vote,2,335.0,,0.0001215934753417,
pace-exact/exact022.gr,60,618,louvain,0,335.0,,0.0005176067352294,
pace-exact/exact022.gr,60,618,louvain,1,337.0,,0.0004749298095703,
pace-exact/exact022.gr,60,618,louvain,2,335.0,,0.000422716140747,
pace-exact/exact022.gr,60,618,pivot,2,483.0,,0.6630895137786865,
pace-exact/exact022.gr,60,618,leiden,0,335.0,,0.8711662292480469,
pace-exact/exact022.gr,60,618,leiden,2,335.0,,0.0056021213531494,
pace-exact/exact022.gr,60,618,mfp,0,622.0,,0.0113496780395507,
pace-exact/exact022.gr,60,618,mfp,1,698.0,,0.0038270950317382,
pace-exact/exact022.gr,60,618,mfp,2,678.0,,0.0038230419158935,
pace-exact/exact022.gr,60,618,ins,0,335.0,,0.0019373893737792,
pace-exact/exact022.gr,60,618,ins,1,335.0,,0.001871109008789,
pace-exact/exact022.gr,60,618,leiden,1,335.0,,0.8372189998626709,
pace-exact/exact022.gr,60,618,ins,2,335.0,,0.0396053791046142,
pace-exact/exact022.gr,60,618,flip,1,335.0,,0.0749118328094482,
pace-exact/exact022.gr,60,618,flip,2,335.0,,0.0891785621643066,
pace-exact/exact022.gr,60,618,flip,0,335.0,,0.8298952579498291,
pace-exact/exact021.gr,50,872,kapoce,0,322.0,,13.174246311187744,
pace-exact/exact022.gr,60,618,lb:greedy,0,,259.0,0.0124902725219726,
pace-exact/exact022.gr,60,618,lb:tri-mwu,0,,304.7032967032967,0.0646169185638427,
pace-exact/exact023.gr,60,676,pivot,0,548.0,,0.0001204013824462,
pace-exact/exact023.gr,60,676,pivot,1,459.0,,7.462501525878906e-05,
pace-exact/exact023.gr,60,676,pivot,2,400.0,,5.960464477539063e-05,
pace-exact/exact023.gr,60,676,pivot50,0,336.0,,0.0134849548339843,
pace-exact/exact023.gr,60,676,pivot50,1,314.0,,0.0012729167938232,
pace-exact/exact023.gr,60,676,pivot50,2,330.0,,0.0094308853149414,
pace-exact/exact023.gr,60,676,vote,0,285.0,,0.0001931190490722,
pace-exact/exact023.gr,60,676,vote,1,285.0,,0.0001223087310791,
pace-exact/exact023.gr,60,676,vote,2,292.0,,0.0001111030578613,
pace-exact/exact023.gr,60,676,louvain,0,281.0,,0.0004675388336181,
pace-exact/exact023.gr,60,676,louvain,1,281.0,,0.0004823207855224,
pace-exact/exact023.gr,60,676,louvain,2,281.0,,0.0005836486816406,
pace-exact/exact023.gr,60,676,leiden,0,281.0,,0.8713672161102295,
pace-exact/exact023.gr,60,676,leiden,1,281.0,,0.0038652420043945,
pace-exact/exact023.gr,60,676,leiden,2,281.0,,0.0043323040008544,
pace-exact/exact023.gr,60,676,mfp,0,673.0,,0.8716015815734863,
pace-exact/exact023.gr,60,676,mfp,1,634.0,,0.0054976940155029,
pace-exact/exact023.gr,60,676,mfp,2,672.0,,0.005373477935791,
pace-exact/exact023.gr,60,676,ins,0,281.0,,0.0261359214782714,
pace-exact/exact023.gr,60,676,ins,1,281.0,,0.001904010772705,
pace-exact/exact023.gr,60,676,ins,2,281.0,,0.0018784999847412,
pace-exact/exact023.gr,60,676,flip,0,281.0,,0.0636129379272461,
pace-exact/exact023.gr,60,676,flip,1,281.0,,0.0715179443359375,
pace-exact/exact023.gr,60,676,flip,2,281.0,,0.0589866638183593,
pace-exact/exact022.gr,60,618,kapoce,0,335.0,,13.396774530410768,
pace-exact/exact023.gr,60,676,lb:greedy,0,,227.0,0.0328364372253418,
pace-exact/exact023.gr,60,676,lb:tri-mwu,0,,277.4330985915493,0.0400834083557128,
pace-exact/exact024.gr,60,677,pivot,0,528.0,,0.0001091957092285,
pace-exact/exact024.gr,60,677,pivot,1,607.0,,4.7206878662109375e-05,
pace-exact/exact024.gr,60,677,pivot,2,485.0,,5.626678466796875e-05,
pace-exact/exact024.gr,60,677,pivot50,0,399.0,,0.0063140392303466,
pace-exact/exact024.gr,60,677,pivot50,1,400.0,,0.0013601779937744,
pace-exact/exact024.gr,60,677,pivot50,2,408.0,,0.0013606548309326,
pace-exact/exact024.gr,60,677,vote,0,345.0,,0.0002140998840332,
pace-exact/exact024.gr,60,677,vote,1,359.0,,0.0001516342163085,
pace-exact/exact024.gr,60,677,vote,2,338.0,,0.0002052783966064,
pace-exact/exact024.gr,60,677,louvain,0,345.0,,0.0005087852478027,
pace-exact/exact024.gr,60,677,louvain,1,341.0,,0.0004899501800537,
pace-exact/exact024.gr,60,677,louvain,2,338.0,,0.0008015632629394,
pace-exact/exact024.gr,60,677,leiden,0,338.0,,0.8387348651885986,
pace-exact/exact024.gr,60,677,leiden,1,340.0,,0.0086820125579833,
pace-exact/exact024.gr,60,677,leiden,2,339.0,,0.0142419338226318,
pace-exact/exact024.gr,60,677,mfp,0,609.0,,0.0206043720245361,
pace-exact/exact024.gr,60,677,mfp,1,694.0,,0.6931629180908203,
pace-exact/exact024.gr,60,677,mfp,2,690.0,,0.0132253170013427,
pace-exact/exact024.gr,60,677,ins,0,338.0,,0.041445255279541,
pace-exact/exact024.gr,60,677,ins,1,338.0,,0.0063734054565429,
pace-exact/exact024.gr,60,677,ins,2,338.0,,0.0022253990173339,
pace-exact/exact024.gr,60,677,flip,0,338.0,,0.0829865932464599,
pace-exact/exact024.gr,60,677,flip,1,338.0,,0.0827445983886718,
pace-exact/exact024.gr,60,677,flip,2,338.0,,0.0830264091491699,
pace-exact/exact023.gr,60,676,kapoce,0,281.0,,11.620466232299805,
pace-exact/exact024.gr,60,677,lb:greedy,0,,247.0,0.0038931369781494,
pace-exact/exact024.gr,60,677,lb:tri-mwu,0,,313.11347517730496,0.0395236015319824,
pace-exact/exact025.gr,60,1053,pivot,0,622.0,,0.0001149177551269,
pace-exact/exact025.gr,60,1053,pivot,1,566.0,,6.389617919921875e-05,
pace-exact/exact025.gr,60,1053,pivot,2,570.0,,5.626678466796875e-05,
pace-exact/exact025.gr,60,1053,pivot50,0,456.0,,0.0043559074401855,
pace-exact/exact025.gr,60,1053,pivot50,1,488.0,,0.007333755493164,
pace-exact/exact025.gr,60,1053,pivot50,2,482.0,,0.001284122467041,
pace-exact/exact025.gr,60,1053,vote,0,443.0,,0.0002005100250244,
pace-exact/exact025.gr,60,1053,vote,1,439.0,,0.7959024906158447,
pace-exact/exact025.gr,60,1053,vote,2,439.0,,0.0002052783966064,
pace-exact/exact025.gr,60,1053,louvain,0,442.0,,0.0115680694580078,
pace-exact/exact025.gr,60,1053,louvain,1,439.0,,0.0005302429199218,
pace-exact/exact025.gr,60,1053,louvain,2,439.0,,0.0004842281341552,
pace-exact/exact025.gr,60,1053,leiden,0,439.0,,0.8684020042419434,
pace-exact/exact025.gr,60,1053,leiden,1,439.0,,0.0130393505096435,
pace-exact/exact025.gr,60,1053,leiden,2,439.0,,0.0129320621490478,
pace-exact/exact025.gr,60,1053,mfp,0,881.0,,0.0896017551422119,
pace-exact/exact025.gr,60,1053,mfp,1,958.0,,0.0228662490844726,
pace-exact/exact025.gr,60,1053,mfp,2,880.0,,0.0227870941162109,
pace-exact/exact025.gr,60,1053,ins,0,439.0,,0.0128593444824218,
pace-exact/exact025.gr,60,1053,ins,1,439.0,,0.003629446029663,
pace-exact/exact025.gr,60,1053,ins,2,439.0,,0.0038185119628906,
pace-exact/exact025.gr,60,1053,flip,0,439.0,,0.1095471382141113,
pace-exact/exact025.gr,60,1053,flip,1,439.0,,0.1308770179748535,
pace-exact/exact025.gr,60,1053,flip,2,439.0,,0.1292035579681396,
pace-exact/exact025.gr,60,1053,lb:greedy,0,,359.0,0.016834020614624,
pace-exact/exact025.gr,60,1053,lb:tri-mwu,0,,432.8028169014085,0.0959210395812988,
pace-exact/exact026.gr,60,1221,pivot,0,778.0,,0.0001306533813476,
pace-exact/exact026.gr,60,1221,pivot,1,335.0,,7.367134094238281e-05,
pace-exact/exact026.gr,60,1221,pivot,2,408.0,,6.365776062011719e-05,
pace-exact/exact026.gr,60,1221,pivot50,0,291.0,,0.0015680789947509,
pace-exact/exact026.gr,60,1221,pivot50,1,297.0,,0.0054552555084228,
pace-exact/exact026.gr,60,1221,pivot50,2,320.0,,0.0012741088867187,
pace-exact/exact026.gr,60,1221,vote,0,282.0,,0.0001692771911621,
pace-exact/exact026.gr,60,1221,vote,1,282.0,,0.0001351833343505,
pace-exact/exact026.gr,60,1221,vote,2,282.0,,0.0001261234283447,
pace-exact/exact026.gr,60,1221,louvain,0,282.0,,0.000490665435791,
pace-exact/exact026.gr,60,1221,louvain,1,282.0,,0.0004060268402099,
pace-exact/exact026.gr,60,1221,louvain,2,282.0,,0.0045740604400634,
pace-exact/exact026.gr,60,1221,leiden,0,282.0,,0.9354112148284912,
pace-exact/exact026.gr,60,1221,leiden,1,282.0,,0.0133662223815917,
pace-exact/exact026.gr,60,1221,leiden,2,282.0,,0.0130836963653564,
pace-exact/exact026.gr,60,1221,mfp,0,705.0,,0.1221897602081298,
pace-exact/exact026.gr,60,1221,mfp,1,995.0,,0.0436866283416748,
pace-exact/exact026.gr,60,1221,mfp,2,739.0,,0.039198875427246,
pace-exact/exact026.gr,60,1221,ins,0,282.0,,0.0410060882568359,
pace-exact/exact026.gr,60,1221,ins,1,282.0,,0.0070676803588867,
pace-exact/exact026.gr,60,1221,ins,2,282.0,,0.0068755149841308,
pace-exact/exact026.gr,60,1221,flip,0,282.0,,0.1052463054656982,
pace-exact/exact026.gr,60,1221,flip,1,282.0,,0.1098804473876953,
pace-exact/exact026.gr,60,1221,flip,2,282.0,,0.1448240280151367,
pace-exact/exact024.gr,60,677,kapoce,0,338.0,,15.037229776382446,
pace-exact/exact026.gr,60,1221,lb:greedy,0,,244.0,0.0136127471923828,
pace-exact/exact026.gr,60,1221,lb:tri-mwu,0,,281.2711267605634,0.0662708282470703,
pace-exact/exact027.gr,70,795,pivot,0,596.0,,0.0001065731048583,
pace-exact/exact027.gr,70,795,pivot,1,673.0,,9.560585021972656e-05,
pace-exact/exact027.gr,70,795,pivot,2,756.0,,7.653236389160156e-05,
pace-exact/exact027.gr,70,795,pivot50,0,530.0,,0.0013999938964843,
pace-exact/exact027.gr,70,795,pivot50,1,515.0,,0.0013928413391113,
pace-exact/exact027.gr,70,795,pivot50,2,540.0,,0.0016205310821533,
pace-exact/exact027.gr,70,795,vote,0,467.0,,0.0001704692840576,
pace-exact/exact027.gr,70,795,vote,1,469.0,,0.0003111362457275,
pace-exact/exact027.gr,70,795,vote,2,432.0,,0.6175291538238525,
pace-exact/exact027.gr,70,795,louvain,0,467.0,,0.0075671672821044,
pace-exact/exact027.gr,70,795,louvain,1,469.0,,0.0006115436553955,
pace-exact/exact027.gr,70,795,louvain,2,432.0,,0.0005044937133789,
pace-exact/exact027.gr,70,795,leiden,0,432.0,,0.8243095874786377,
pace-exact/exact027.gr,70,795,leiden,1,432.0,,0.0091173648834228,
pace-exact/exact027.gr,70,795,leiden,2,432.0,,0.0164690017700195,
pace-exact/exact027.gr,70,795,mfp,0,844.0,,0.0554323196411132,
pace-exact/exact027.gr,70,795,mfp,1,859.0,,0.0094234943389892,
pace-exact/exact027.gr,70,795,mfp,2,799.0,,0.0092437267303466,
pace-exact/exact027.gr,70,795,ins,0,432.0,,0.0114166736602783,
pace-exact/exact027.gr,70,795,ins,1,432.0,,0.0022032260894775,
pace-exact/exact027.gr,70,795,ins,2,432.0,,0.0021445751190185,
pace-exact/exact027.gr,70,795,flip,0,432.0,,0.0560452938079834,
pace-exact/exact027.gr,70,795,flip,1,432.0,,0.0857791900634765,
pace-exact/exact027.gr,70,795,flip,2,432.0,,0.0807139873504638,
pace-exact/exact025.gr,60,1053,kapoce,0,439.0,,15.080374240875244,
pace-exact/exact027.gr,70,795,lb:greedy,0,,324.0,0.0122554302215576,
pace-exact/exact027.gr,70,795,lb:tri-mwu,0,,391.9157509157509,0.7474095821380615,
pace-exact/exact028.gr,70,821,pivot,0,777.0,,0.0033674240112304,
pace-exact/exact028.gr,70,821,pivot,1,677.0,,8.940696716308594e-05,
pace-exact/exact028.gr,70,821,pivot,2,644.0,,5.936622619628906e-05,
pace-exact/exact028.gr,70,821,pivot50,0,547.0,,0.0014615058898925,
pace-exact/exact028.gr,70,821,pivot50,1,549.0,,0.0013668537139892,
pace-exact/exact028.gr,70,821,pivot50,2,568.0,,0.00132417678833,
pace-exact/exact028.gr,70,821,vote,0,460.0,,0.0042805671691894,
pace-exact/exact028.gr,70,821,vote,1,460.0,,0.0002117156982421,
pace-exact/exact028.gr,70,821,vote,2,474.0,,0.000150442123413,
pace-exact/exact028.gr,70,821,louvain,0,460.0,,0.0073997974395751,
pace-exact/exact028.gr,70,821,louvain,1,460.0,,0.0005044937133789,
pace-exact/exact028.gr,70,821,louvain,2,460.0,,0.000605821609497,
pace-exact/exact028.gr,70,821,leiden,0,460.0,,0.8505148887634277,
pace-exact/exact028.gr,70,821,leiden,1,460.0,,0.0152294635772705,
pace-exact/exact028.gr,70,821,leiden,2,460.0,,0.0095160007476806,
pace-exact/exact028.gr,70,821,mfp,0,839.0,,0.0207924842834472,
pace-exact/exact028.gr,70,821,mfp,1,898.0,,0.0051126480102539,
pace-exact/exact028.gr,70,821,mfp,2,841.0,,0.0103185176849365,
pace-exact/exact028.gr,70,821,ins,0,460.0,,0.0176253318786621,
pace-exact/exact028.gr,70,821,ins,1,460.0,,0.8268957138061523,
pace-exact/exact028.gr,70,821,ins,2,460.0,,0.0076677799224853,
pace-exact/exact028.gr,70,821,flip,0,460.0,,0.1438283920288086,
pace-exact/exact028.gr,70,821,flip,1,460.0,,0.1296534538269043,
pace-exact/exact028.gr,70,821,flip,2,460.0,,0.1230585575103759,
pace-exact/exact026.gr,60,1221,kapoce,0,282.0,,14.187137842178345,
pace-exact/exact027.gr,70,795,kapoce,0,432.0,,14.218636989593506,
pace-exact/exact028.gr,70,821,lb:greedy,0,,349.0,0.0105640888214111,
pace-exact/exact028.gr,70,821,lb:tri-mwu,0,,407.7970479704797,0.072711706161499,
pace-exact/exact029.gr,70,1011,pivot,0,665.0,,0.0001091957092285,
pace-exact/exact029.gr,70,1011,pivot,1,658.0,,5.650520324707031e-05,
pace-exact/exact029.gr,70,1011,pivot,2,766.0,,0.6741979122161865,
pace-exact/exact029.gr,70,1011,pivot50,0,631.0,,0.0014903545379638,
pace-exact/exact029.gr,70,1011,pivot50,1,643.0,,0.0013983249664306,
pace-exact/exact029.gr,70,1011,pivot50,2,601.0,,0.0053870677947998,
pace-exact/exact029.gr,70,1011,vote,0,509.0,,0.0085978507995605,
pace-exact/exact029.gr,70,1011,vote,1,511.0,,0.0001804828643798,
pace-exact/exact029.gr,70,1011,vote,2,509.0,,0.0001652240753173,
pace-exact/exact029.gr,70,1011,louvain,0,509.0,,0.011324405670166,
pace-exact/exact029.gr,70,1011,louvain,1,511.0,,0.0005099773406982,
pace-exact/exact029.gr,70,1011,louvain,2,509.0,,0.0004913806915283,
pace-exact/exact029.gr,70,1011,leiden,0,509.0,,0.8459572792053223,
pace-exact/exact029.gr,70,1011,leiden,1,509.0,,0.0155582427978515,
pace-exact/exact029.gr,70,1011,leiden,2,509.0,,0.0155737400054931,
pace-exact/exact029.gr,70,1011,mfp,0,990.0,,0.0552477836608886,
pace-exact/exact029.gr,70,1011,mfp,1,1071.0,,0.0162816047668457,
pace-exact/exact029.gr,70,1011,mfp,2,1009.0,,0.0158925056457519,
pace-exact/exact029.gr,70,1011,ins,0,509.0,,0.0197429656982421,
pace-exact/exact029.gr,70,1011,ins,1,509.0,,0.0027143955230712,
pace-exact/exact029.gr,70,1011,ins,2,509.0,,0.002716064453125,
pace-exact/exact029.gr,70,1011,flip,0,509.0,,0.1130814552307128,
pace-exact/exact029.gr,70,1011,flip,1,509.0,,0.8080730438232422,
pace-exact/exact029.gr,70,1011,flip,2,509.0,,0.1112306118011474,
pace-exact/exact028.gr,70,821,kapoce,0,460.0,,17.448639631271362,
pace-exact/exact029.gr,70,1011,lb:greedy,0,,414.0,0.008692979812622,
pace-exact/exact029.gr,70,1011,lb:tri-mwu,0,,492.8581818181818,0.0561418533325195,
pace-exact/exact030.gr,70,1522,pivot,0,302.0,,0.0001142024993896,
pace-exact/exact030.gr,70,1522,pivot,1,355.0,,6.842613220214844e-05,
pace-exact/exact030.gr,70,1522,pivot,2,476.0,,6.389617919921875e-05,
pace-exact/exact030.gr,70,1522,pivot50,0,292.0,,0.676875114440918,
pace-exact/exact030.gr,70,1522,pivot50,1,286.0,,0.0014164447784423,
pace-exact/exact030.gr,70,1522,pivot50,2,286.0,,0.001441478729248,
pace-exact/exact030.gr,70,1522,vote,0,277.0,,0.0089626312255859,
pace-exact/exact030.gr,70,1522,vote,1,279.0,,0.0001866817474365,
pace-exact/exact030.gr,70,1522,vote,2,277.0,,0.0001795291900634,
pace-exact/exact030.gr,70,1522,louvain,0,277.0,,0.0160808563232421,
pace-exact/exact030.gr,70,1522,louvain,1,277.0,,0.0006325244903564,
pace-exact/exact030.gr,70,1522,louvain,2,277.0,,0.0005757808685302,
pace-exact/exact030.gr,70,1522,leiden,0,277.0,,0.8993861675262451,
pace-exact/exact030.gr,70,1522,leiden,1,277.0,,0.0143303871154785,
pace-exact/exact030.gr,70,1522,leiden,2,277.0,,0.0099060535430908,
pace-exact/exact030.gr,70,1522,mfp,0,1158.0,,0.1008598804473877,
pace-exact/exact030.gr,70,1522,mfp,1,1002.0,,0.0631582736968994,
pace-exact/exact030.gr,70,1522,mfp,2,689.0,,0.0634853839874267,
pace-exact/exact030.gr,70,1522,ins,0,277.0,,0.0215706825256347,
pace-exact/exact030.gr,70,1522,ins,1,277.0,,0.007838487625122,
pace-exact/exact030.gr,70,1522,ins,2,277.0,,0.0078554153442382,
pace-exact/exact030.gr,70,1522,flip,0,277.0,,0.1287143230438232,
pace-exact/exact030.gr,70,1522,flip,1,277.0,,0.1326565742492675,
pace-exact/exact030.gr,70,1522,flip,2,277.0,,0.8145568370819092,
pace-exact/exact030.gr,70,1522,lb:greedy,0,,245.0,0.0222449302673339,
pace-exact/exact030.gr,70,1522,lb:tri-mwu,0,,273.8732394366197,0.1091983318328857,
pace-exact/exact031.gr,70,1596,pivot,0,669.0,,0.0001420974731445,
pace-exact/exact031.gr,70,1596,pivot,1,316.0,,0.0001449584960937,
pace-exact/exact031.gr,70,1596,pivot,2,379.0,,8.893013000488281e-05,
pace-exact/exact031.gr,70,1596,pivot50,0,285.0,,0.0021319389343261,
pace-exact/exact031.gr,70,1596,pivot50,1,285.0,,0.0019793510437011,
pace-exact/exact031.gr,70,1596,pivot50,2,285.0,,0.002209186553955,
pace-exact/exact031.gr,70,1596,vote,0,285.0,,0.0002217292785644,
pace-exact/exact031.gr,70,1596,vote,1,285.0,,0.0002446174621582,
pace-exact/exact031.gr,70,1596,vote,2,285.0,,0.0002257823944091,
pace-exact/exact031.gr,70,1596,louvain,0,285.0,,0.0008211135864257,
pace-exact/exact031.gr,70,1596,louvain,1,285.0,,0.0008366107940673,
pace-exact/exact031.gr,70,1596,louvain,2,285.0,,0.0007250308990478,
pace-exact/exact031.gr,70,1596,leiden,0,285.0,,0.8651771545410156,
pace-exact/exact031.gr,70,1596,leiden,1,285.0,,0.9038772583007812,
pace-exact/exact031.gr,70,1596,leiden,2,285.0,,0.0140283107757568,
pace-exact/exact031.gr,70,1596,mfp,0,1296.0,,0.1125142574310302,
pace-exact/exact031.gr,70,1596,mfp,1,869.0,,0.0610566139221191,
pace-exact/exact031.gr,70,1596,mfp,2,927.0,,0.0561602115631103,
pace-exact/exact031.gr,70,1596,ins,0,285.0,,0.0356338024139404,
pace-exact/exact031.gr,70,1596,ins,1,285.0,,0.0030939579010009,
pace-exact/exact031.gr,70,1596,ins,2,285.0,,0.0036251544952392,
pace-exact/exact031.gr,70,1596,flip,0,285.0,,0.1060981750488281,
pace-exact/exact031.gr,70,1596,flip,1,285.0,,0.1324052810668945,
pace-exact/exact031.gr,70,1596,flip,2,285.0,,0.0867359638214111,
pace-exact/exact029.gr,70,1011,kapoce,0,509.0,,16.260111331939697,
pace-exact/exact031.gr,70,1596,lb:greedy,0,,275.0,0.0131247043609619,
pace-exact/exact031.gr,70,1596,lb:tri-mwu,0,,285.0,0.0555334091186523,
pace-exact/exact032.gr,80,865,pivot,0,677.0,,0.000129222869873,
pace-exact/exact032.gr,80,865,pivot,1,699.0,,5.960464477539063e-05,
pace-exact/exact032.gr,80,865,pivot,2,625.0,,5.340576171875e-05,
pace-exact/exact032.gr,80,865,pivot50,0,647.0,,0.0014097690582275,
pace-exact/exact032.gr,80,865,pivot50,1,638.0,,0.0013229846954345,
pace-exact/exact032.gr,80,865,pivot50,2,625.0,,0.0014116764068603,
pace-exact/exact032.gr,80,865,vote,0,518.0,,0.0001916885375976,
pace-exact/exact032.gr,80,865,vote,1,523.0,,0.0001552104949951,
pace-exact/exact032.gr,80,865,vote,2,522.0,,0.0001595020294189,
pace-exact/exact032.gr,80,865,louvain,0,517.0,,0.0007529258728027,
pace-exact/exact032.gr,80,865,louvain,1,522.0,,0.0005278587341308,
pace-exact/exact032.gr,80,865,louvain,2,521.0,,0.0005245208740234,
pace-exact/exact032.gr,80,865,leiden,0,525.0,,0.8711843490600586,
pace-exact/exact032.gr,80,865,leiden,1,516.0,,0.0062911510467529,
pace-exact/exact032.gr,80,865,leiden,2,535.0,,0.8414733409881592,
pace-exact/exact032.gr,80,865,mfp,0,959.0,,0.055572509765625,
pace-exact/exact032.gr,80,865,mfp,1,940.0,,0.005342960357666,
pace-exact/exact032.gr,80,865,mfp,2,996.0,,0.0052759647369384,
pace-exact/exact032.gr,80,865,ins,0,519.0,,0.0318348407745361,
pace-exact/exact032.gr,80,865,ins,1,515.0,,0.0030047893524169,
pace-exact/exact032.gr,80,865,ins,2,518.0,,0.0026030540466308,
pace-exact/exact032.gr,80,865,flip,0,515.0,,0.0996644496917724,
pace-exact/exact032.gr,80,865,flip,1,515.0,,0.0973734855651855,
pace-exact/exact032.gr,80,865,flip,2,515.0,,0.1113245487213134,
pace-exact/exact030.gr,70,1522,kapoce,0,277.0,,21.13592505455017,
pace-exact/exact031.gr,70,1596,kapoce,0,285.0,,16.88443946838379,
pace-exact/exact032.gr,80,865,lb:greedy,0,,377.0,0.0039448738098144,
pace-exact/exact032.gr,80,865,lb:tri-mwu,0,,431.26666666666665,0.0283060073852539,
pace-exact/exact033.gr,80,1348,pivot,0,1162.0,,0.0001144409179687,
pace-exact/exact033.gr,80,1348,pivot,1,980.0,,7.271766662597656e-05,
pace-exact/exact033.gr,80,1348,pivot,2,843.0,,6.365776062011719e-05,
pace-exact/exact033.gr,80,1348,pivot50,0,801.0,,0.0014891624450683,
pace-exact/exact033.gr,80,1348,pivot50,1,811.0,,0.0013749599456787,
pace-exact/exact033.gr,80,1348,pivot50,2,798.0,,0.6751940250396729,
pace-exact/exact033.gr,80,1348,vote,0,672.0,,0.0047171115875244,
pace-exact/exact033.gr,80,1348,vote,1,752.0,,0.0002071857452392,
pace-exact/exact033.gr,80,1348,vote,2,672.0,,0.0001790523529052,
pace-exact/exact033.gr,80,1348,louvain,0,672.0,,0.0074129104614257,
pace-exact/exact033.gr,80,1348,louvain,1,672.0,,0.0006358623504638,
pace-exact/exact033.gr,80,1348,louvain,2,672.0,,0.0006008148193359,
pace-exact/exact033.gr,80,1348,leiden,0,672.0,,0.8821251392364502,
pace-exact/exact033.gr,80,1348,leiden,2,672.0,,0.0069432258605957,
pace-exact/exact033.gr,80,1348,mfp,0,1257.0,,0.0400867462158203,
pace-exact/exact033.gr,80,1348,mfp,1,1340.0,,0.0297000408172607,
pace-exact/exact033.gr,80,1348,mfp,2,1348.0,,0.0137333869934082,
pace-exact/exact033.gr,80,1348,ins,0,672.0,,0.0105319023132324,
pace-exact/exact033.gr,80,1348,ins,1,672.0,,0.0055007934570312,
pace-exact/exact033.gr,80,1348,ins,2,672.0,,0.0058798789978027,
pace-exact/exact033.gr,80,1348,flip,0,672.0,,0.1852192878723144,
pace-exact/exact033.gr,80,1348,flip,1,672.0,,0.2196393013000488,
pace-exact/exact033.gr,80,1348,leiden,1,672.0,,0.8507626056671143,
pace-exact/exact033.gr,80,1348,flip,2,672.0,,0.1662790775299072,
pace-exact/exact032.gr,80,865,kapoce,0,515.0,,16.358222007751465,
pace-exact/exact033.gr,80,1348,lb:greedy,0,,493.0,0.0053188800811767,
pace-exact/exact033.gr,80,1348,lb:tri-mwu,0,,647.231884057971,0.0510628223419189,
pace-exact/exact034.gr,80,1500,pivot,0,1105.0,,0.0001235008239746,
pace-exact/exact034.gr,80,1500,pivot,1,1026.0,,6.556510925292969e-05,
pace-exact/exact034.gr,80,1500,pivot,2,1090.0,,8.106231689453125e-05,
pace-exact/exact034.gr,80,1500,pivot50,0,870.0,,0.0015077590942382,
pace-exact/exact034.gr,80,1500,pivot50,1,889.0,,0.0014941692352294,
pace-exact/exact034.gr,80,1500,pivot50,2,887.0,,0.0015246868133544,
pace-exact/exact034.gr,80,1500,vote,0,797.0,,0.0001747608184814,
pace-exact/exact034.gr,80,1500,vote,1,797.0,,0.0001862049102783,
pace-exact/exact034.gr,80,1500,vote,2,785.0,,0.0002734661102294,
pace-exact/exact034.gr,80,1500,louvain,0,797.0,,0.000594139099121,
pace-exact/exact034.gr,80,1500,louvain,1,797.0,,0.0005512237548828,
pace-exact/exact034.gr,80,1500,louvain,2,785.0,,0.0005505084991455,
pace-exact/exact034.gr,80,1500,leiden,0,791.0,,0.9213454723358154,
pace-exact/exact034.gr,80,1500,leiden,1,785.0,,0.0107042789459228,
pace-exact/exact034.gr,80,1500,mfp,0,1502.0,,0.0385494232177734,
pace-exact/exact034.gr,80,1500,mfp,1,1501.0,,0.0231528282165527,
pace-exact/exact034.gr,80,1500,mfp,2,1485.0,,0.0269234180450439,
pace-exact/exact034.gr,80,1500,ins,0,785.0,,0.0095956325531005,
pace-exact/exact034.gr,80,1500,ins,1,785.0,,0.0054423809051513,
pace-exact/exact034.gr,80,1500,ins,2,791.0,,0.005511999130249,
pace-exact/exact034.gr,80,1500,flip,0,785.0,,0.2558739185333252,
pace-exact/exact034.gr,80,1500,flip,1,785.0,,0.2894437313079834,
pace-exact/exact034.gr,80,1500,leiden,2,785.0,,0.7280032634735107,
pace-exact/exact034.gr,80,1500,flip,2,785.0,,0.1961767673492431,
pace-exact/exact033.gr,80,1348,kapoce,0,672.0,,22.075361967086792,
pace-exact/exact034.gr,80,1500,lb:greedy,0,,555.0,0.0046420097351074,
pace-exact/exact034.gr,80,1500,lb:tri-mwu,0,,738.4065934065934,0.7961153984069824,
pace-exact/exact035.gr,80,1831,pivot,0,650.0,,0.0039405822753906,
pace-exact/exact035.gr,80,1831,pivot,1,490.0,,0.0001018047332763,
pace-exact/exact035.gr,80,1831,pivot,2,506.0,,7.033348083496094e-05,
pace-exact/exact035.gr,80,1831,pivot50,0,436.0,,0.0014986991882324,
pace-exact/exact035.gr,80,1831,pivot50,1,397.0,,0.0014445781707763,
pace-exact/exact035.gr,80,1831,pivot50,2,434.0,,0.0015225410461425,
pace-exact/exact035.gr,80,1831,vote,0,385.0,,0.0043983459472656,
pace-exact/exact035.gr,80,1831,vote,1,385.0,,0.0002059936523437,
pace-exact/exact035.gr,80,1831,vote,2,385.0,,0.0002062320709228,
pace-exact/exact035.gr,80,1831,louvain,0,385.0,,0.0072920322418212,
pace-exact/exact035.gr,80,1831,louvain,1,385.0,,0.000615119934082,
pace-exact/exact035.gr,80,1831,louvain,2,385.0,,0.0005233287811279,
pace-exact/exact035.gr,80,1831,leiden,0,385.0,,0.8486166000366211,
pace-exact/exact035.gr,80,1831,leiden,1,385.0,,0.0079832077026367,
pace-exact/exact035.gr,80,1831,leiden,2,385.0,,0.0078465938568115,
pace-exact/exact035.gr,80,1831,mfp,0,960.0,,0.0555458068847656,
pace-exact/exact035.gr,80,1831,mfp,1,732.0,,0.0546536445617675,
pace-exact/exact035.gr,80,1831,mfp,2,1325.0,,0.0633585453033447,
pace-exact/exact035.gr,80,1831,ins,0,385.0,,0.0220520496368408,
pace-exact/exact035.gr,80,1831,ins,1,385.0,,0.7237658500671387,
pace-exact/exact035.gr,80,1831,ins,2,385.0,,0.0042371749877929,
pace-exact/exact035.gr,80,1831,flip,0,385.0,,0.1644725799560547,
pace-exact/exact035.gr,80,1831,flip,1,385.0,,0.1479678153991699,
pace-exact/exact035.gr,80,1831,flip,2,385.0,,0.1438744068145752,
pace-exact/exact034.gr,80,1500,kapoce,0,785.0,,21.81365847587585,
pace-exact/exact035.gr,80,1831,lb:greedy,0,,320.0,0.0132863521575927,
pace-exact/exact035.gr,80,1831,lb:tri-mwu,0,,383.2147887323944,0.064075231552124,
pace-exact/exact036.gr,80,2127,pivot,0,862.0,,0.6802167892456055,
pace-exact/exact036.gr,80,2127,pivot,1,964.0,,0.0001225471496582,
pace-exact/exact036.gr,80,2127,pivot,2,1032.0,,8.893013000488281e-05,
pace-exact/exact036.gr,80,2127,pivot50,0,663.0,,0.0017561912536621,
pace-exact/exact036.gr,80,2127,pivot50,1,785.0,,0.0016367435455322,
pace-exact/exact036.gr,80,2127,pivot50,2,663.0,,0.0019207000732421,
pace-exact/exact036.gr,80,2127,vote,0,602.0,,0.0087130069732666,
pace-exact/exact036.gr,80,2127,vote,1,602.0,,0.0002298355102539,
pace-exact/exact036.gr,80,2127,vote,2,602.0,,0.0001997947692871,
pace-exact/exact036.gr,80,2127,louvain,0,602.0,,0.0154626369476318,
pace-exact/exact036.gr,80,2127,louvain,1,602.0,,0.0005452632904052,
pace-exact/exact036.gr,80,2127,louvain,2,602.0,,0.0005569458007812,
pace-exact/exact036.gr,80,2127,leiden,0,602.0,,1.1258890628814695,
pace-exact/exact036.gr,80,2127,leiden,1,602.0,,0.0117123126983642,
pace-exact/exact036.gr,80,2127,leiden,2,602.0,,0.0117182731628417,
pace-exact/exact036.gr,80,2127,mfp,0,1575.0,,0.1065073013305664,
pace-exact/exact036.gr,80,2127,mfp,1,1698.0,,0.0680329799652099,
pace-exact/exact036.gr,80,2127,mfp,2,1593.0,,0.0617372989654541,
pace-exact/exact036.gr,80,2127,ins,0,602.0,,0.0143461227416992,
pace-exact/exact036.gr,80,2127,ins,1,602.0,,0.0046033859252929,
pace-exact/exact036.gr,80,2127,ins,2,602.0,,1.208965539932251,
pace-exact/exact036.gr,80,2127,flip,0,602.0,,0.1944272518157959,
pace-exact/exact036.gr,80,2127,flip,1,602.0,,0.1965537071228027,
pace-exact/exact036.gr,80,2127,flip,2,602.0,,0.2003538608551025,
pace-exact/exact035.gr,80,1831,kapoce,0,385.0,,21.901215314865112,
pace-exact/exact036.gr,80,2127,lb:greedy,0,,537.0,0.0097026824951171,
pace-exact/exact036.gr,80,2127,lb:tri-mwu,0,,601.1725352112676,0.0928332805633544,
pace-exact/exact037.gr,90,1330,pivot,0,1061.0,,0.0001227855682373,
pace-exact/exact037.gr,90,1330,pivot,1,933.0,,8.130073547363281e-05,
pace-exact/exact037.gr,90,1330,pivot,2,1035.0,,5.8650970458984375e-05,
pace-exact/exact037.gr,90,1330,pivot50,0,932.0,,0.0061860084533691,
pace-exact/exact037.gr,90,1330,pivot50,1,860.0,,0.0015015602111816,
pace-exact/exact037.gr,90,1330,pivot50,2,865.0,,0.0057170391082763,
pace-exact/exact037.gr,90,1330,vote,0,727.0,,0.0002148151397705,
pace-exact/exact037.gr,90,1330,vote,1,727.0,,0.0002579689025878,
pace-exact/exact037.gr,90,1330,vote,2,705.0,,0.0002064704895019,
pace-exact/exact037.gr,90,1330,louvain,0,727.0,,0.0005722045898437,
pace-exact/exact037.gr,90,1330,louvain,1,727.0,,0.0006000995635986,
pace-exact/exact037.gr,90,1330,louvain,2,704.0,,0.6943769454956055,
pace-exact/exact037.gr,90,1330,leiden,1,704.0,,0.0154287815093994,
pace-exact/exact037.gr,90,1330,leiden,2,727.0,,0.0159149169921875,
pace-exact/exact037.gr,90,1330,mfp,0,1424.0,,0.0231411457061767,
pace-exact/exact037.gr,90,1330,mfp,1,1395.0,,0.0267887115478515,
pace-exact/exact037.gr,90,1330,leiden,0,705.0,,0.8686280250549316,
pace-exact/exact037.gr,90,1330,mfp,2,1460.0,,0.0270051956176757,
pace-exact/exact037.gr,90,1330,ins,0,704.0,,0.0297937393188476,
pace-exact/exact037.gr,90,1330,ins,1,704.0,,0.0121448040008544,
pace-exact/exact037.gr,90,1330,ins,2,703.0,,0.0069835186004638,
pace-exact/exact037.gr,90,1330,flip,0,703.0,,0.1542305946350097,
pace-exact/exact037.gr,90,1330,flip,1,703.0,,0.1567511558532714,
pace-exact/exact037.gr,90,1330,flip,2,703.0,,0.1505742073059082,
pace-exact/exact036.gr,80,2127,kapoce,0,602.0,,22.44209742546081,
pace-exact/exact037.gr,90,1330,lb:greedy,0,,529.0,0.0093567371368408,
pace-exact/exact037.gr,90,1330,lb:tri-mwu,0,,614.4507042253521,0.0747811794281005,
pace-exact/exact038.gr,90,1410,pivot,0,1178.0,,0.000129222869873,
pace-exact/exact038.gr,90,1410,pivot,1,1196.0,,6.079673767089844e-05,
pace-exact/exact038.gr,90,1410,pivot,2,1041.0,,0.0001020431518554,
pace-exact/exact038.gr,90,1410,pivot50,0,1101.0,,0.0015406608581542,
pace-exact/exact038.gr,90,1410,pivot50,1,1029.0,,0.0015084743499755,
pace-exact/exact038.gr,90,1410,pivot50,2,1031.0,,0.004453420639038,
pace-exact/exact038.gr,90,1410,vote,0,860.0,,0.000201940536499,
pace-exact/exact038.gr,90,1410,vote,1,862.0,,0.0002377033233642,
pace-exact/exact038.gr,90,1410,vote,2,870.0,,0.0002484321594238,
pace-exact/exact038.gr,90,1410,louvain,0,860.0,,0.000680923461914,
pace-exact/exact038.gr,90,1410,louvain,1,861.0,,0.0046966075897216,
pace-exact/exact038.gr,90,1410,louvain,2,868.0,,0.0006749629974365,
pace-exact/exact038.gr,90,1410,leiden,0,865.0,,0.9027414321899414,
pace-exact/exact038.gr,90,1410,leiden,1,860.0,,0.0233826637268066,
pace-exact/exact038.gr,90,1410,leiden,2,861.0,,0.0261049270629882,
pace-exact/exact038.gr,90,1410,mfp,0,1457.0,,0.0705647468566894,
pace-exact/exact038.gr,90,1410,mfp,1,1471.0,,0.0246517658233642,
pace-exact/exact038.gr,90,1410,mfp,2,1515.0,,0.0234909057617187,
pace-exact/exact038.gr,90,1410,ins,0,860.0,,0.0468761920928955,
pace-exact/exact038.gr,90,1410,ins,1,861.0,,0.0142080783843994,
pace-exact/exact038.gr,90,1410,ins,2,861.0,,0.0135517120361328,
pace-exact/exact038.gr,90,1410,flip,0,860.0,,0.2569913864135742,
pace-exact/exact038.gr,90,1410,flip,1,860.0,,0.2224259376525879,
pace-exact/exact038.gr,90,1410,flip,2,861.0,,0.2251563072204589,
pace-exact/exact037.gr,90,1330,kapoce,0,703.0,,21.237235069274902,
pace-exact/exact038.gr,90,1410,lb:greedy,0,,599.0,0.0137782096862792,
pace-exact/exact038.gr,90,1410,lb:tri-mwu,0,,702.2740740740741,0.0835075378417968,
pace-exact/exact039.gr,90,1456,pivot,0,1212.0,,0.0001323223114013,
pace-exact/exact039.gr,90,1456,pivot,1,1232.0,,6.437301635742188e-05,
pace-exact/exact039.gr,90,1456,pivot,2,878.0,,9.79900360107422e-05,
pace-exact/exact039.gr,90,1456,pivot50,0,816.0,,0.0014936923980712,
pace-exact/exact039.gr,90,1456,pivot50,1,865.0,,0.0015740394592285,
pace-exact/exact039.gr,90,1456,pivot50,2,834.0,,0.0014476776123046,
pace-exact/exact039.gr,90,1456,vote,0,665.0,,0.0002002716064453,
pace-exact/exact039.gr,90,1456,vote,1,665.0,,0.0001819133758544,
pace-exact/exact039.gr,90,1456,vote,2,665.0,,0.000173807144165,
pace-exact/exact039.gr,90,1456,louvain,0,665.0,,0.0005731582641601,
pace-exact/exact039.gr,90,1456,louvain,1,665.0,,0.0005645751953125,
pace-exact/exact039.gr,90,1456,louvain,2,665.0,,0.000601053237915,
pace-exact/exact039.gr,90,1456,leiden,0,665.0,,0.0072135925292968,
pace-exact/exact039.gr,90,1456,leiden,1,665.0,,0.0151185989379882,
pace-exact/exact039.gr,90,1456,leiden,2,665.0,,0.0157928466796875,
pace-exact/exact039.gr,90,1456,mfp,0,1488.0,,0.0332779884338378,
pace-exact/exact039.gr,90,1456,mfp,1,1467.0,,0.8249664306640625,
pace-exact/exact039.gr,90,1456,mfp,2,1607.0,,0.0265974998474121,
pace-exact/exact039.gr,90,1456,ins,0,665.0,,0.0407540798187255,
pace-exact/exact039.gr,90,1456,ins,1,665.0,,0.0038816928863525,
pace-exact/exact039.gr,90,1456,ins,2,665.0,,0.0038390159606933,
pace-exact/exact039.gr,90,1456,flip,0,665.0,,0.1083946228027343,
pace-exact/exact039.gr,90,1456,flip,1,665.0,,0.1616389751434326,
pace-exact/exact039.gr,90,1456,flip,2,665.0,,0.1546978950500488,
pace-exact/exact038.gr,90,1410,kapoce,0,860.0,,25.640949726104736,
pace-exact/exact039.gr,90,1456,lb:greedy,0,,530.0,0.0345065593719482,
pace-exact/exact039.gr,90,1456,lb:tri-mwu,0,,648.5352112676056,0.0962555408477783,
pace-exact/exact040.gr,90,2182,pivot,0,662.0,,0.0075123310089111,
pace-exact/exact040.gr,90,2182,pivot,1,942.0,,0.0001266002655029,
pace-exact/exact040.gr,90,2182,pivot,2,592.0,,6.937980651855469e-05,
pace-exact/exact040.gr,90,2182,pivot50,0,532.0,,0.001579999923706,
pace-exact/exact040.gr,90,2182,pivot50,1,518.0,,0.0018122196197509,
pace-exact/exact040.gr,90,2182,pivot50,2,545.0,,0.0016272068023681,
pace-exact/exact040.gr,90,2182,vote,0,492.0,,0.0044305324554443,
pace-exact/exact040.gr,90,2182,vote,1,492.0,,0.0002002716064453,
pace-exact/exact040.gr,90,2182,vote,2,492.0,,0.0002112388610839,
pace-exact/exact040.gr,90,2182,louvain,0,492.0,,0.0074172019958496,
pace-exact/exact040.gr,90,2182,louvain,1,492.0,,0.0006310939788818,
pace-exact/exact040.gr,90,2182,louvain,2,492.0,,0.0005130767822265,
pace-exact/exact040.gr,90,2182,leiden,0,492.0,,0.8091368675231934,
pace-exact/exact040.gr,90,2182,leiden,1,492.0,,0.008721113204956,
pace-exact/exact040.gr,90,2182,leiden,2,492.0,,0.0163984298706054,
pace-exact/exact040.gr,90,2182,mfp,0,1536.0,,0.0917696952819824,
pace-exact/exact040.gr,90,2182,mfp,1,1356.0,,0.0654962062835693,
pace-exact/exact040.gr,90,2182,mfp,2,1021.0,,0.6952307224273682,
pace-exact/exact040.gr,90,2182,ins,0,492.0,,0.0867717266082763,
pace-exact/exact040.gr,90,2182,ins,1,492.0,,0.0074467658996582,
pace-exact/exact040.gr,90,2182,ins,2,492.0,,0.0086050033569335,
pace-exact/exact040.gr,90,2182,flip,0,492.0,,0.2155351638793945,
pace-exact/exact040.gr,90,2182,flip,1,492.0,,0.2315258979797363,
pace-exact/exact040.gr,90,2182,flip,2,492.0,,0.2130415439605713,
pace-exact/exact040.gr,90,2182,lb:greedy,0,,416.0,0.0102827548980712,
pace-exact/exact040.gr,90,2182,lb:tri-mwu,0,,488.0176056338028,0.0785882472991943,
pace-exact/exact041.gr,90,2319,pivot,0,184.0,,0.0001177787780761,
pace-exact/exact041.gr,90,2319,pivot,1,422.0,,9.608268737792967e-05,
pace-exact/exact041.gr,90,2319,pivot,2,352.0,,7.486343383789062e-05,
pace-exact/exact041.gr,90,2319,pivot50,0,184.0,,0.0098676681518554,
pace-exact/exact041.gr,90,2319,pivot50,1,184.0,,0.001476764678955,
pace-exact/exact041.gr,90,2319,pivot50,2,184.0,,0.0014746189117431,
pace-exact/exact041.gr,90,2319,vote,0,184.0,,0.0002186298370361,
pace-exact/exact041.gr,90,2319,vote,1,184.0,,0.0002224445343017,
pace-exact/exact041.gr,90,2319,vote,2,184.0,,0.0001890659332275,
pace-exact/exact041.gr,90,2319,louvain,0,184.0,,0.0005528926849365,
pace-exact/exact041.gr,90,2319,louvain,1,184.0,,0.0005407333374023,
pace-exact/exact041.gr,90,2319,louvain,2,184.0,,0.0005333423614501,
pace-exact/exact039.gr,90,1456,kapoce,0,665.0,,21.094232082366943,
pace-exact/exact041.gr,90,2319,leiden,1,184.0,,1.0052297115325928,
pace-exact/exact041.gr,90,2319,leiden,2,184.0,,0.012455940246582,
pace-exact/exact041.gr,90,2319,mfp,0,520.0,,0.0831305980682373,
pace-exact/exact041.gr,90,2319,leiden,0,184.0,,0.9331226348876952,
pace-exact/exact041.gr,90,2319,mfp,1,598.0,,0.119605541229248,
pace-exact/exact041.gr,90,2319,ins,0,184.0,,0.0021250247955322,
pace-exact/exact041.gr,90,2319,ins,1,184.0,,0.0039851665496826,
pace-exact/exact041.gr,90,2319,ins,2,184.0,,0.0040483474731445,
pace-exact/exact041.gr,90,2319,flip,0,184.0,,0.0624048709869384,
pace-exact/exact041.gr,90,2319,mfp,2,297.0,,0.1675360202789306,
pace-exact/exact041.gr,90,2319,flip,1,184.0,,0.0686419010162353,
pace-exact/exact041.gr,90,2319,flip,2,184.0,,0.1194751262664794,
pace-exact/exact041.gr,90,2319,lb:greedy,0,,184.0,0.6662900447845459,
pace-exact/exact041.gr,90,2319,lb:tri-mwu,0,,184.0,0.0515201091766357,
pace-exact/exact042.gr,100,1563,pivot,0,1389.0,,0.0033071041107177,
pace-exact/exact042.gr,100,1563,pivot,1,1565.0,,8.726119995117188e-05,
pace-exact/exact042.gr,100,1563,pivot,2,1338.0,,8.463859558105469e-05,
pace-exact/exact042.gr,100,1563,pivot50,0,1262.0,,0.0019705295562744,
pace-exact/exact042.gr,100,1563,pivot50,1,1312.0,,0.0016829967498779,
pace-exact/exact042.gr,100,1563,pivot50,2,1296.0,,0.0015411376953125,
pace-exact/exact042.gr,100,1563,vote,0,1061.0,,0.0049107074737548,
pace-exact/exact042.gr,100,1563,vote,1,1074.0,,0.0003254413604736,
pace-exact/exact042.gr,100,1563,vote,2,1057.0,,0.0002202987670898,
pace-exact/exact042.gr,100,1563,louvain,0,1061.0,,0.007392406463623,
pace-exact/exact042.gr,100,1563,louvain,1,1062.0,,0.00105881690979,
pace-exact/exact042.gr,100,1563,louvain,2,1057.0,,0.0006070137023925,
pace-exact/exact042.gr,100,1563,leiden,0,1068.0,,0.8090066909790039,
pace-exact/exact042.gr,100,1563,leiden,1,1061.0,,0.0211942195892334,
pace-exact/exact042.gr,100,1563,leiden,2,1055.0,,0.0104591846466064,
pace-exact/exact042.gr,100,1563,mfp,0,1674.0,,0.0142407417297363,
pace-exact/exact042.gr,100,1563,mfp,1,1665.0,,0.0107595920562744,
pace-exact/exact042.gr,100,1563,mfp,2,1993.0,,0.0109519958496093,
pace-exact/exact042.gr,100,1563,ins,0,1058.0,,0.7067446708679199,
pace-exact/exact042.gr,100,1563,ins,1,1061.0,,0.0106444358825683,
pace-exact/exact042.gr,100,1563,ins,2,1058.0,,0.0149357318878173,
pace-exact/exact042.gr,100,1563,flip,0,1055.0,,0.3028595447540283,
pace-exact/exact042.gr,100,1563,flip,1,1055.0,,0.2414636611938476,
pace-exact/exact042.gr,100,1563,flip,2,1058.0,,0.2502086162567138,
pace-exact/exact040.gr,90,2182,kapoce,0,492.0,,24.349411964416504,
pace-exact/exact042.gr,100,1563,lb:greedy,0,,713.0,0.0055196285247802,
pace-exact/exact042.gr,100,1563,lb:tri-mwu,0,,778.8074074074074,0.0689060688018798,
pace-exact/exact043.gr,100,1624,pivot,0,1678.0,,0.0001313686370849,
pace-exact/exact043.gr,100,1624,pivot,1,1363.0,,7.009506225585938e-05,
pace-exact/exact043.gr,100,1624,pivot,2,1424.0,,6.699562072753906e-05,
pace-exact/exact043.gr,100,1624,pivot50,0,1182.0,,0.0015392303466796,
pace-exact/exact043.gr,100,1624,pivot50,1,1194.0,,0.0015146732330322,
pace-exact/exact043.gr,100,1624,pivot50,2,1240.0,,0.6736066341400146,
pace-exact/exact043.gr,100,1624,vote,0,997.0,,0.0088331699371337,
pace-exact/exact043.gr,100,1624,vote,1,984.0,,0.0002527236938476,
pace-exact/exact043.gr,100,1624,vote,2,984.0,,0.0002596378326416,
pace-exact/exact043.gr,100,1624,louvain,0,989.0,,0.0076894760131835,
pace-exact/exact043.gr,100,1624,louvain,1,984.0,,0.0006959438323974,
pace-exact/exact043.gr,100,1624,louvain,2,984.0,,0.0007236003875732,
pace-exact/exact043.gr,100,1624,leiden,0,991.0,,0.8303802013397217,
pace-exact/exact043.gr,100,1624,leiden,1,984.0,,0.0160496234893798,
pace-exact/exact043.gr,100,1624,leiden,2,989.0,,0.0115525722503662,
pace-exact/exact043.gr,100,1624,mfp,0,1745.0,,0.0539672374725341,
pace-exact/exact043.gr,100,1624,mfp,1,1733.0,,0.0168614387512207,
pace-exact/exact043.gr,100,1624,mfp,2,1853.0,,0.024043321609497,
pace-exact/exact043.gr,100,1624,ins,0,987.0,,0.0188269615173339,
pace-exact/exact043.gr,100,1624,ins,1,987.0,,0.0055251121520996,
pace-exact/exact043.gr,100,1624,ins,2,984.0,,0.0085537433624267,
pace-exact/exact043.gr,100,1624,flip,0,984.0,,0.1799914836883545,
pace-exact/exact043.gr,100,1624,flip,1,984.0,,0.1952078342437744,
pace-exact/exact043.gr,100,1624,flip,2,984.0,,0.2094109058380127,
pace-exact/exact041.gr,90,2319,kapoce,0,184.0,,24.92037439346313,
pace-exact/exact042.gr,100,1563,kapoce,0,1055.0,,28.64660906791687,
pace-exact/exact043.gr,100,1624,lb:greedy,0,,731.0,0.0138049125671386,
pace-exact/exact043.gr,100,1624,lb:tri-mwu,0,,809.3518518518518,0.1201617717742919,
pace-exact/exact044.gr,100,1829,pivot,0,1080.0,,0.0001375675201416,
pace-exact/exact044.gr,100,1829,pivot,1,1282.0,,9.5367431640625e-05,
pace-exact/exact044.gr,100,1829,pivot,2,1329.0,,0.0001051425933837,
pace-exact/exact044.gr,100,1829,pivot50,0,1080.0,,0.0031905174255371,
pace-exact/exact044.gr,100,1829,pivot50,1,1131.0,,0.0015695095062255,
pace-exact/exact044.gr,100,1829,pivot50,2,1159.0,,0.001685619354248,
pace-exact/exact044.gr,100,1829,vote,0,905.0,,0.0002315044403076,
pace-exact/exact044.gr,100,1829,vote,1,909.0,,0.0001897811889648,
pace-exact/exact044.gr,100,1829,vote,2,905.0,,0.6690387725830078,
pace-exact/exact044.gr,100,1829,louvain,0,905.0,,0.013343334197998,
pace-exact/exact044.gr,100,1829,louvain,1,909.0,,0.0014333724975585,
pace-exact/exact044.gr,100,1829,louvain,2,905.0,,0.0006585121154785,
pace-exact/exact044.gr,100,1829,leiden,0,905.0,,0.8189682960510254,
pace-exact/exact044.gr,100,1829,leiden,1,909.0,,0.0085649490356445,
pace-exact/exact044.gr,100,1829,leiden,2,905.0,,0.0077416896820068,
pace-exact/exact044.gr,100,1829,mfp,0,1741.0,,0.0505170822143554,
pace-exact/exact044.gr,100,1829,mfp,1,1960.0,,0.0207228660583496,
pace-exact/exact044.gr,100,1829,mfp,2,1842.0,,0.0165157318115234,
pace-exact/exact044.gr,100,1829,ins,0,905.0,,0.0101857185363769,
pace-exact/exact044.gr,100,1829,ins,1,905.0,,0.0053076744079589,
pace-exact/exact044.gr,100,1829,ins,2,905.0,,0.0054216384887695,
pace-exact/exact044.gr,100,1829,flip,0,905.0,,0.1867208480834961,
pace-exact/exact044.gr,100,1829,flip,1,905.0,,0.2155570983886718,
pace-exact/exact044.gr,100,1829,flip,2,905.0,,0.2188901901245117,
pace-exact/exact043.gr,100,1624,kapoce,0,984.0,,26.501977920532227,
pace-exact/exact044.gr,100,1829,lb:greedy,0,,731.0,0.0055506229400634,
pace-exact/exact044.gr,100,1829,lb:tri-mwu,0,,861.6418439716313,0.1196124553680419,
pace-exact/exact045.gr,100,1981,pivot,0,1408.0,,0.000129222869873,
pace-exact/exact045.gr,100,1981,pivot,1,1814.0,,9.679794311523438e-05,
pace-exact/exact045.gr,100,1981,pivot,2,1546.0,,8.654594421386719e-05,
pace-exact/exact045.gr,100,1981,pivot50,0,1261.0,,0.0057418346405029,
pace-exact/exact045.gr,100,1981,pivot50,1,1240.0,,0.0056920051574707,
pace-exact/exact045.gr,100,1981,pivot50,2,1318.0,,0.0057666301727294,
pace-exact/exact045.gr,100,1981,vote,0,1098.0,,0.0002822875976562,
pace-exact/exact045.gr,100,1981,vote,1,1103.0,,0.0083644390106201,
pace-exact/exact045.gr,100,1981,vote,2,1085.0,,0.0002617835998535,
pace-exact/exact045.gr,100,1981,louvain,0,1085.0,,0.0007696151733398,
pace-exact/exact045.gr,100,1981,louvain,1,1103.0,,0.0006468296051025,
pace-exact/exact045.gr,100,1981,louvain,2,1085.0,,0.9934585094451904,
pace-exact/exact045.gr,100,1981,leiden,0,1085.0,,1.477907419204712,
pace-exact/exact045.gr,100,1981,leiden,1,1085.0,,0.0457894802093505,
pace-exact/exact045.gr,100,1981,leiden,2,1085.0,,0.0421938896179199,
pace-exact/exact045.gr,100,1981,mfp,0,2029.0,,0.1776237487792968,
pace-exact/exact045.gr,100,1981,mfp,1,2001.0,,0.0613737106323242,
pace-exact/exact045.gr,100,1981,mfp,2,2103.0,,0.0334908962249755,
pace-exact/exact045.gr,100,1981,ins,0,1085.0,,0.0252397060394287,
pace-exact/exact045.gr,100,1981,ins,1,1085.0,,0.0073215961456298,
pace-exact/exact045.gr,100,1981,ins,2,1085.0,,0.0074009895324707,
pace-exact/exact045.gr,100,1981,flip,0,1085.0,,0.4051384925842285,
pace-exact/exact045.gr,100,1981,flip,1,1085.0,,0.3909871578216553,
pace-exact/exact045.gr,100,1981,flip,2,1085.0,,0.2921807765960693,
pace-exact/exact044.gr,100,1829,kapoce,0,905.0,,29.4054811000824,
pace-exact/exact045.gr,100,1981,lb:greedy,0,,813.0,0.0098059177398681,
pace-exact/exact045.gr,100,1981,lb:tri-mwu,0,,972.6496350364964,0.1408095359802246,
pace-exact/exact046.gr,100,2423,pivot,0,1189.0,,0.0001194477081298,
pace-exact/exact046.gr,100,2423,pivot,1,1694.0,,9.703636169433594e-05,
pace-exact/exact046.gr,100,2423,pivot,2,1402.0,,8.320808410644531e-05,
pace-exact/exact046.gr,100,2423,pivot50,0,939.0,,0.0057361125946044,
pace-exact/exact046.gr,100,2423,pivot50,1,943.0,,0.0096685886383056,
pace-exact/exact046.gr,100,2423,pivot50,2,967.0,,0.0058162212371826,
pace-exact/exact046.gr,100,2423,vote,0,814.0,,0.0002243518829345,
pace-exact/exact046.gr,100,2423,vote,1,814.0,,0.0002293586730957,
pace-exact/exact046.gr,100,2423,vote,2,814.0,,0.0002210140228271,
pace-exact/exact046.gr,100,2423,louvain,0,814.0,,0.000680923461914,
pace-exact/exact046.gr,100,2423,louvain,1,814.0,,0.0047550201416015,
pace-exact/exact046.gr,100,2423,louvain,2,814.0,,0.0007975101470947,
pace-exact/exact046.gr,100,2423,leiden,0,814.0,,1.030020236968994,
pace-exact/exact046.gr,100,2423,leiden,1,814.0,,0.0218617916107177,
pace-exact/exact046.gr,100,2423,leiden,2,814.0,,0.0130872726440429,
pace-exact/exact046.gr,100,2423,mfp,0,1810.0,,0.1681153774261474,
pace-exact/exact046.gr,100,2423,mfp,1,2087.0,,0.1322071552276611,
pace-exact/exact046.gr,100,2423,mfp,2,2040.0,,0.1048259735107421,
pace-exact/exact046.gr,100,2423,ins,0,814.0,,0.0687065124511718,
pace-exact/exact046.gr,100,2423,ins,1,814.0,,0.0189759731292724,
pace-exact/exact046.gr,100,2423,ins,2,814.0,,0.0188784599304199,
pace-exact/exact046.gr,100,2423,flip,0,814.0,,0.3493669033050537,
pace-exact/exact046.gr,100,2423,flip,1,814.0,,0.3475077152252197,
pace-exact/exact046.gr,100,2423,flip,2,814.0,,0.3389520645141601,
pace-exact/exact046.gr,100,2423,lb:greedy,0,,722.0,0.0141606330871582,
pace-exact/exact046.gr,100,2423,lb:tri-mwu,0,,810.2922535211268,0.1589870452880859,
pace-exact/exact047.gr,100,3274,pivot,0,1320.0,,0.0001289844512939,
pace-exact/exact047.gr,100,3274,pivot,1,994.0,,8.678436279296875e-05,
pace-exact/exact047.gr,100,3274,pivot,2,817.0,,7.271766662597656e-05,
pace-exact/exact047.gr,100,3274,pivot50,0,800.0,,0.0017058849334716,
pace-exact/exact047.gr,100,3274,pivot50,1,823.0,,0.0017571449279785,
pace-exact/exact047.gr,100,3274,pivot50,2,756.0,,0.8350582122802734,
pace-exact/exact047.gr,100,3274,vote,0,749.0,,0.0125300884246826,
pace-exact/exact047.gr,100,3274,vote,1,749.0,,0.0002338886260986,
pace-exact/exact047.gr,100,3274,vote,2,749.0,,0.0002326965332031,
pace-exact/exact047.gr,100,3274,louvain,0,749.0,,0.0155086517333984,
pace-exact/exact047.gr,100,3274,louvain,1,749.0,,0.0006854534149169,
pace-exact/exact047.gr,100,3274,louvain,2,749.0,,0.0006682872772216,
pace-exact/exact047.gr,100,3274,leiden,0,749.0,,1.223158359527588,
pace-exact/exact047.gr,100,3274,leiden,1,749.0,,0.0326697826385498,
pace-exact/exact047.gr,100,3274,leiden,2,749.0,,0.0249114036560058,
pace-exact/exact047.gr,100,3274,mfp,0,2098.0,,0.2358694076538086,
pace-exact/exact047.gr,100,3274,mfp,1,2488.0,,0.2134904861450195,
pace-exact/exact047.gr,100,3274,mfp,2,2488.0,,0.1817255020141601,
pace-exact/exact047.gr,100,3274,ins,0,749.0,,0.0460751056671142,
pace-exact/exact047.gr,100,3274,ins,1,749.0,,0.0245161056518554,
pace-exact/exact047.gr,100,3274,ins,2,749.0,,0.0171484947204589,
pace-exact/exact047.gr,100,3274,flip,0,749.0,,0.4520449638366699,
pace-exact/exact047.gr,100,3274,flip,1,749.0,,0.3729429244995117,
pace-exact/exact047.gr,100,3274,flip,2,749.0,,0.4187283515930176,
pace-exact/exact045.gr,100,1981,kapoce,0,1085.0,,37.11001706123352,
pace-exact/exact047.gr,100,3274,lb:greedy,0,,703.0,0.0239019393920898,
pace-exact/exact047.gr,100,3274,lb:tri-mwu,0,,747.4859154929577,0.2088527679443359,
pace-exact/exact048.gr,113,881,pivot,0,633.0,,0.7749555110931396,
pace-exact/exact048.gr,113,881,pivot,1,709.0,,0.0001149177551269,
pace-exact/exact048.gr,113,881,pivot,2,796.0,,8.082389831542969e-05,
pace-exact/exact048.gr,113,881,pivot50,0,511.0,,0.0017666816711425,
pace-exact/exact048.gr,113,881,pivot50,1,551.0,,0.0015621185302734,
pace-exact/exact048.gr,113,881,pivot50,2,543.0,,0.0060570240020751,
pace-exact/exact048.gr,113,881,vote,0,438.0,,0.0125918388366699,
pace-exact/exact048.gr,113,881,vote,1,444.0,,0.0002033710479736,
pace-exact/exact048.gr,113,881,vote,2,443.0,,0.0001718997955322,
pace-exact/exact048.gr,113,881,louvain,0,438.0,,0.0118598937988281,
pace-exact/exact048.gr,113,881,louvain,1,439.0,,0.000565767288208,
pace-exact/exact048.gr,113,881,louvain,2,438.0,,0.0007441043853759,
pace-exact/exact048.gr,113,881,leiden,0,438.0,,0.9229724407196044,
pace-exact/exact048.gr,113,881,leiden,1,439.0,,0.0181000232696533,
pace-exact/exact048.gr,113,881,leiden,2,437.0,,0.0105009078979492,
pace-exact/exact048.gr,113,881,mfp,0,894.0,,0.0453763008117675,
pace-exact/exact048.gr,113,881,mfp,1,890.0,,0.010571002960205,
pace-exact/exact048.gr,113,881,mfp,2,912.0,,0.010589599609375,
pace-exact/exact048.gr,113,881,ins,0,438.0,,0.0166480541229248,
pace-exact/exact048.gr,113,881,ins,1,438.0,,0.0156252384185791,
pace-exact/exact048.gr,113,881,ins,2,438.0,,0.6750478744506836,
pace-exact/exact048.gr,113,881,flip,0,437.0,,0.1488485336303711,
pace-exact/exact048.gr,113,881,flip,1,437.0,,0.2182772159576416,
pace-exact/exact048.gr,113,881,flip,2,437.0,,0.1929152011871338,
pace-exact/exact046.gr,100,2423,kapoce,0,814.0,,34.81070423126221,
pace-exact/exact048.gr,113,881,lb:greedy,0,,336.0,0.0091054439544677,
pace-exact/exact048.gr,113,881,lb:tri-mwu,0,,377.53169014084506,0.0476889610290527,
pace-exact/exact049.gr,113,1896,pivot,0,1657.0,,0.0001215934753417,
pace-exact/exact049.gr,113,1896,pivot,1,1919.0,,9.202957153320312e-05,
pace-exact/exact049.gr,113,1896,pivot,2,1916.0,,6.222724914550781e-05,
pace-exact/exact049.gr,113,1896,pivot50,0,1046.0,,0.0017051696777343,
pace-exact/exact049.gr,113,1896,pivot50,1,1022.0,,0.7326295375823975,
pace-exact/exact049.gr,113,1896,pivot50,2,991.0,,0.0017769336700439,
pace-exact/exact049.gr,113,1896,vote,0,854.0,,0.0088818073272705,
pace-exact/exact049.gr,113,1896,vote,1,854.0,,0.0002925395965576,
pace-exact/exact049.gr,113,1896,vote,2,854.0,,0.0002315044403076,
pace-exact/exact049.gr,113,1896,louvain,0,854.0,,0.0076024532318115,
pace-exact/exact049.gr,113,1896,louvain,1,854.0,,0.0007171630859375,
pace-exact/exact049.gr,113,1896,louvain,2,854.0,,0.0006618499755859,
pace-exact/exact049.gr,113,1896,leiden,0,854.0,,1.2587122917175293,
pace-exact/exact049.gr,113,1896,leiden,1,854.0,,0.0342044830322265,
pace-exact/exact049.gr,113,1896,leiden,2,854.0,,0.0390632152557373,
pace-exact/exact049.gr,113,1896,mfp,0,2403.0,,0.1531479358673095,
pace-exact/exact049.gr,113,1896,mfp,1,1970.0,,0.0773200988769531,
pace-exact/exact049.gr,113,1896,mfp,2,1677.0,,0.05312180519104,
pace-exact/exact049.gr,113,1896,ins,0,854.0,,0.0226101875305175,
pace-exact/exact049.gr,113,1896,ins,1,854.0,,0.0129668712615966,
pace-exact/exact049.gr,113,1896,ins,2,854.0,,0.0087494850158691,
pace-exact/exact049.gr,113,1896,flip,0,854.0,,0.3354952335357666,
pace-exact/exact049.gr,113,1896,flip,1,854.0,,0.3975732326507568,
pace-exact/exact049.gr,113,1896,flip,2,854.0,,0.3112072944641113,
pace-exact/exact047.gr,100,3274,kapoce,0,749.0,,37.35397791862488,
pace-exact/exact049.gr,113,1896,lb:greedy,0,,720.0,0.018491506576538,
pace-exact/exact049.gr,113,1896,lb:tri-mwu,0,,832.4718309859155,0.1233432292938232,
pace-exact/exact050.gr,113,3848,pivot,0,2566.0,,0.0001323223114013,
pace-exact/exact050.gr,113,3848,pivot,1,2140.0,,8.988380432128906e-05,
pace-exact/exact050.gr,113,3848,pivot,2,1711.0,,7.915496826171875e-05,
pace-exact/exact050.gr,113,3848,pivot50,0,1671.0,,0.0020947456359863,
pace-exact/exact050.gr,113,3848,pivot50,1,1652.0,,0.0100977420806884,
pace-exact/exact050.gr,113,3848,pivot50,2,1615.0,,0.0020051002502441,
pace-exact/exact050.gr,113,3848,vote,0,1440.0,,0.0003001689910888,
pace-exact/exact050.gr,113,3848,vote,1,1440.0,,0.0003306865692138,
pace-exact/exact050.gr,113,3848,vote,2,1440.0,,0.0003154277801513,
pace-exact/exact050.gr,113,3848,louvain,0,1440.0,,0.0053648948669433,
pace-exact/exact050.gr,113,3848,louvain,1,1440.0,,0.0008242130279541,
pace-exact/exact050.gr,113,3848,louvain,2,1440.0,,0.000781774520874,
pace-exact/exact050.gr,113,3848,leiden,0,1440.0,,1.2816684246063232,
pace-exact/exact050.gr,113,3848,leiden,1,1440.0,,1.2464971542358398,
pace-exact/exact050.gr,113,3848,leiden,2,1440.0,,0.0335023403167724,
pace-exact/exact050.gr,113,3848,mfp,0,3489.0,,0.3391585350036621,
pace-exact/exact050.gr,113,3848,mfp,1,3592.0,,0.1944789886474609,
pace-exact/exact050.gr,113,3848,mfp,2,3388.0,,0.2353267669677734,
pace-exact/exact050.gr,113,3848,ins,0,1440.0,,0.0850791931152343,
pace-exact/exact050.gr,113,3848,ins,1,1440.0,,0.0470180511474609,
pace-exact/exact050.gr,113,3848,ins,2,1440.0,,0.0448896884918212,
pace-exact/exact050.gr,113,3848,flip,0,1440.0,,1.0078060626983645,
pace-exact/exact050.gr,113,3848,flip,1,1440.0,,0.8365762233734131,
pace-exact/exact048.gr,113,881,kapoce,0,437.0,,28.672431468963623,
pace-exact/exact050.gr,113,3848,flip,2,1440.0,,0.8630256652832031,
pace-exact/exact050.gr,113,3848,lb:greedy,0,,1091.0,0.0550549030303955,
pace-exact/exact050.gr,113,3848,lb:tri-mwu,0,,1420.2042253521126,0.3740863800048828,
pace-exact/exact051.gr,120,2251,pivot,0,2165.0,,0.0001652240753173,
pace-exact/exact051.gr,120,2251,pivot,1,2192.0,,7.152557373046875e-05,
pace-exact/exact051.gr,120,2251,pivot,2,2216.0,,0.0001020431518554,
pace-exact/exact051.gr,120,2251,pivot50,0,1922.0,,0.0059232711791992,
pace-exact/exact051.gr,120,2251,pivot50,1,1938.0,,0.00179123878479,
pace-exact/exact051.gr,120,2251,pivot50,2,2001.0,,0.0017967224121093,
pace-exact/exact051.gr,120,2251,vote,0,1631.0,,0.000319480895996,
pace-exact/exact051.gr,120,2251,vote,1,1634.0,,0.0003235340118408,
pace-exact/exact051.gr,120,2251,vote,2,1644.0,,0.0002796649932861,
pace-exact/exact051.gr,120,2251,louvain,0,1631.0,,0.0008211135864257,
pace-exact/exact051.gr,120,2251,louvain,1,1634.0,,0.0007665157318115,
pace-exact/exact051.gr,120,2251,louvain,2,1642.0,,0.000856876373291,
pace-exact/exact051.gr,120,2251,leiden,0,1625.0,,1.033642053604126,
pace-exact/exact051.gr,120,2251,leiden,1,1623.0,,0.027494192123413,
pace-exact/exact051.gr,120,2251,leiden,2,1624.0,,0.0242066383361816,
pace-exact/exact051.gr,120,2251,mfp,0,2471.0,,0.0337064266204834,
pace-exact/exact051.gr,120,2251,mfp,1,2408.0,,0.0353710651397705,
pace-exact/exact051.gr,120,2251,mfp,2,2410.0,,1.088921070098877,
pace-exact/exact051.gr,120,2251,ins,0,1628.0,,0.0928001403808593,
pace-exact/exact051.gr,120,2251,ins,1,1621.0,,0.0276107788085937,
pace-exact/exact051.gr,120,2251,ins,2,1622.0,,0.0115489959716796,
pace-exact/exact051.gr,120,2251,flip,0,1622.0,,0.5585083961486816,
pace-exact/exact051.gr,120,2251,flip,1,1619.0,,0.4802126884460449,
pace-exact/exact051.gr,120,2251,flip,2,1622.0,,0.6124346256256104,
pace-exact/exact049.gr,113,1896,kapoce,0,854.0,,54.59126663208008,
pace-exact/exact051.gr,120,2251,lb:greedy,0,,1005.0,0.0182704925537109,
pace-exact/exact051.gr,120,2251,lb:tri-mwu,0,,1121.737037037037,0.2483847141265869,
pace-exact/exact052.gr,120,2448,pivot,0,2296.0,,0.0001475811004638,
pace-exact/exact052.gr,120,2448,pivot,1,2353.0,,9.1552734375e-05,
pace-exact/exact052.gr,120,2448,pivot,2,2172.0,,7.843971252441406e-05,
pace-exact/exact052.gr,120,2448,pivot50,0,1723.0,,0.0017840862274169,
pace-exact/exact052.gr,120,2448,pivot50,1,1741.0,,0.0017623901367187,
pace-exact/exact052.gr,120,2448,pivot50,2,1849.0,,0.0019130706787109,
pace-exact/exact052.gr,120,2448,vote,0,1489.0,,0.0002694129943847,
pace-exact/exact052.gr,120,2448,vote,1,1510.0,,0.0002918243408203,
pace-exact/exact052.gr,120,2448,vote,2,1473.0,,0.0002665519714355,
pace-exact/exact052.gr,120,2448,louvain,0,1488.0,,0.0007743835449218,
pace-exact/exact052.gr,120,2448,louvain,1,1490.0,,0.0010221004486083,
pace-exact/exact052.gr,120,2448,louvain,2,1473.0,,0.0007145404815673,
pace-exact/exact050.gr,113,3848,kapoce,0,1440.0,,60.11769437789917,
pace-exact/exact052.gr,120,2448,leiden,1,1483.0,,0.0448977947235107,
pace-exact/exact052.gr,120,2448,leiden,2,1485.0,,0.0362710952758789,
pace-exact/exact052.gr,120,2448,mfp,0,2779.0,,0.0809848308563232,
pace-exact/exact052.gr,120,2448,mfp,1,2677.0,,0.0729207992553711,
pace-exact/exact052.gr,120,2448,mfp,2,2513.0,,0.0813281536102294,
pace-exact/exact052.gr,120,2448,ins,0,1483.0,,0.027616262435913,
pace-exact/exact052.gr,120,2448,ins,1,1490.0,,0.0234401226043701,
pace-exact/exact052.gr,120,2448,ins,2,1478.0,,0.0238816738128662,
pace-exact/exact052.gr,120,2448,leiden,0,1517.0,,0.9735736846923828,
pace-exact/exact052.gr,120,2448,flip,1,1474.0,,0.6612558364868164,
pace-exact/exact052.gr,120,2448,flip,2,1474.0,,0.5819897651672363,
pace-exact/exact052.gr,120,2448,flip,0,1478.0,,1.4396305084228516,
pace-exact/exact052.gr,120,2448,lb:greedy,0,,1020.0,0.0105655193328857,
pace-exact/exact052.gr,120,2448,lb:tri-mwu,0,,1159.73851590106,0.1442782878875732,
pace-exact/exact053.gr,120,2588,pivot,0,2033.0,,0.0001671314239501,
pace-exact/exact053.gr,120,2588,pivot,1,2364.0,,8.606910705566406e-05,
pace-exact/exact053.gr,120,2588,pivot,2,2524.0,,8.749961853027344e-05,
pace-exact/exact053.gr,120,2588,pivot50,0,1837.0,,0.0058813095092773,
pace-exact/exact053.gr,120,2588,pivot50,1,1822.0,,0.0058801174163818,
pace-exact/exact053.gr,120,2588,pivot50,2,1741.0,,0.0059230327606201,
pace-exact/exact053.gr,120,2588,vote,0,1483.0,,0.0003504753112792,
pace-exact/exact053.gr,120,2588,vote,1,1502.0,,0.0003378391265869,
pace-exact/exact053.gr,120,2588,vote,2,1483.0,,0.0003168582916259,
pace-exact/exact053.gr,120,2588,louvain,0,1481.0,,0.0008168220520019,
pace-exact/exact053.gr,120,2588,louvain,1,1500.0,,0.7143254280090332,
pace-exact/exact053.gr,120,2588,louvain,2,1481.0,,0.0009284019470214,
pace-exact/exact053.gr,120,2588,leiden,0,1481.0,,0.8798260688781738,
pace-exact/exact053.gr,120,2588,leiden,1,1491.0,,0.0307574272155761,
pace-exact/exact053.gr,120,2588,leiden,2,1518.0,,0.019773244857788,
pace-exact/exact053.gr,120,2588,mfp,0,2657.0,,0.1006941795349121,
pace-exact/exact053.gr,120,2588,mfp,1,2689.0,,0.0556831359863281,
pace-exact/exact053.gr,120,2588,mfp,2,2572.0,,0.0559287071228027,
pace-exact/exact053.gr,120,2588,ins,0,1481.0,,0.0284526348114013,
pace-exact/exact053.gr,120,2588,ins,1,1481.0,,0.0196096897125244,
pace-exact/exact053.gr,120,2588,ins,2,1514.0,,0.0228869915008544,
pace-exact/exact053.gr,120,2588,flip,0,1481.0,,0.395270824432373,
pace-exact/exact053.gr,120,2588,flip,1,1481.0,,0.4442548751831054,
pace-exact/exact053.gr,120,2588,flip,2,1481.0,,0.4102027416229248,
pace-exact/exact051.gr,120,2251,kapoce,0,1619.0,,47.88483238220215,
pace-exact/exact052.gr,120,2448,kapoce,0,1473.0,,34.764180183410645,
pace-exact/exact053.gr,120,2588,lb:greedy,0,,1039.0,0.0388410091400146,
pace-exact/exact053.gr,120,2588,lb:tri-mwu,0,,1290.2703703703703,0.1542296409606933,
pace-exact/exact054.gr,120,2899,pivot,0,2054.0,,0.0038180351257324,
pace-exact/exact054.gr,120,2899,pivot,1,2107.0,,9.393692016601562e-05,
pace-exact/exact054.gr,120,2899,pivot,2,2102.0,,9.441375732421876e-05,
pace-exact/exact054.gr,120,2899,pivot50,0,1618.0,,0.0017974376678466,
pace-exact/exact054.gr,120,2899,pivot50,1,1579.0,,0.0016679763793945,
pace-exact/exact054.gr,120,2899,pivot50,2,1631.0,,0.0016801357269287,
pace-exact/exact054.gr,120,2899,vote,0,1447.0,,0.0044422149658203,
pace-exact/exact054.gr,120,2899,vote,1,1442.0,,0.0002624988555908,
pace-exact/exact054.gr,120,2899,vote,2,1372.0,,0.0002534389495849,
pace-exact/exact054.gr,120,2899,louvain,0,1447.0,,0.0070762634277343,
pace-exact/exact054.gr,120,2899,louvain,1,1442.0,,0.0007123947143554,
pace-exact/exact054.gr,120,2899,louvain,2,1372.0,,0.0007154941558837,
pace-exact/exact054.gr,120,2899,leiden,0,1442.0,,0.8311963081359863,
pace-exact/exact054.gr,120,2899,leiden,1,1372.0,,0.0238556861877441,
pace-exact/exact054.gr,120,2899,leiden,2,1442.0,,0.0245139598846435,
pace-exact/exact054.gr,120,2899,mfp,0,2613.0,,0.0836162567138671,
pace-exact/exact054.gr,120,2899,mfp,1,2672.0,,0.0933499336242675,
pace-exact/exact054.gr,120,2899,mfp,2,2987.0,,0.7936437129974365,
pace-exact/exact054.gr,120,2899,ins,0,1372.0,,0.0500984191894531,
pace-exact/exact054.gr,120,2899,ins,1,1448.0,,0.0183804035186767,
pace-exact/exact054.gr,120,2899,ins,2,1372.0,,0.010101318359375,
pace-exact/exact054.gr,120,2899,flip,0,1372.0,,0.4129059314727783,
pace-exact/exact054.gr,120,2899,flip,1,1372.0,,0.3530550003051758,
pace-exact/exact054.gr,120,2899,flip,2,1372.0,,0.3479440212249756,
pace-exact/exact053.gr,120,2588,kapoce,0,1481.0,,37.04444479942322,
pace-exact/exact054.gr,120,2899,lb:greedy,0,,1062.0,0.0419344902038574,
pace-exact/exact054.gr,120,2899,lb:tri-mwu,0,,1323.8767605633802,0.1742026805877685,
pace-exact/exact055.gr,120,3723,pivot,0,1622.0,,0.0078139305114746,
pace-exact/exact055.gr,120,3723,pivot,1,2446.0,,0.0001132488250732,
pace-exact/exact055.gr,120,3723,pivot,2,2042.0,,0.0001044273376464,
pace-exact/exact055.gr,120,3723,pivot50,0,1586.0,,0.0063328742980957,
pace-exact/exact055.gr,120,3723,pivot50,1,1556.0,,0.0017919540405273,
pace-exact/exact055.gr,120,3723,pivot50,2,1614.0,,0.0018277168273925,
pace-exact/exact055.gr,120,3723,vote,0,1438.0,,0.0128841400146484,
pace-exact/exact055.gr,120,3723,vote,1,1438.0,,0.0123329162597656,
pace-exact/exact055.gr,120,3723,vote,2,1410.0,,0.0003087520599365,
pace-exact/exact055.gr,120,3723,louvain,0,1438.0,,0.0157163143157959,
pace-exact/exact055.gr,120,3723,louvain,1,1438.0,,0.0048854351043701,
pace-exact/exact055.gr,120,3723,louvain,2,1410.0,,0.0050218105316162,
pace-exact/exact055.gr,120,3723,leiden,0,1410.0,,0.9417309761047364,
pace-exact/exact055.gr,120,3723,leiden,1,1410.0,,0.0377628803253173,
pace-exact/exact055.gr,120,3723,leiden,2,1438.0,,0.9872632026672364,
pace-exact/exact055.gr,120,3723,mfp,0,2869.0,,0.2211899757385254,
pace-exact/exact055.gr,120,3723,mfp,1,3180.0,,0.1862616539001464,
pace-exact/exact055.gr,120,3723,mfp,2,2802.0,,0.1471095085144043,
pace-exact/exact055.gr,120,3723,ins,0,1410.0,,0.0557391643524169,
pace-exact/exact055.gr,120,3723,ins,1,1410.0,,0.015709638595581,
pace-exact/exact055.gr,120,3723,ins,2,1410.0,,0.0120728015899658,
pace-exact/exact055.gr,120,3723,flip,0,1410.0,,0.5213923454284668,
pace-exact/exact055.gr,120,3723,flip,1,1410.0,,0.5065622329711914,
pace-exact/exact055.gr,120,3723,flip,2,1410.0,,0.5184762477874756,
pace-exact/exact054.gr,120,2899,kapoce,0,1372.0,,36.29122734069824,
pace-exact/exact055.gr,120,3723,lb:greedy,0,,1215.0,0.0207278728485107,
pace-exact/exact055.gr,120,3723,lb:tri-mwu,0,,1374.9612676056338,0.2332468032836914,
pace-exact/exact056.gr,120,4877,pivot,0,2376.0,,0.000154972076416,
pace-exact/exact056.gr,120,4877,pivot,1,2562.0,,9.41753387451172e-05,
pace-exact/exact056.gr,120,4877,pivot,2,2869.0,,8.940696716308594e-05,
pace-exact/exact056.gr,120,4877,pivot50,0,729.0,,0.0019607543945312,
pace-exact/exact056.gr,120,4877,pivot50,1,754.0,,0.0022268295288085,
pace-exact/exact056.gr,120,4877,pivot50,2,729.0,,0.0019404888153076,
pace-exact/exact056.gr,120,4877,vote,0,721.0,,0.0003056526184082,
pace-exact/exact056.gr,120,4877,vote,1,721.0,,0.0003097057342529,
pace-exact/exact056.gr,120,4877,vote,2,721.0,,0.0003445148468017,
pace-exact/exact056.gr,120,4877,louvain,0,721.0,,0.0013520717620849,
pace-exact/exact056.gr,120,4877,louvain,1,721.0,,0.00543212890625,
pace-exact/exact056.gr,120,4877,louvain,2,721.0,,0.0054116249084472,
pace-exact/exact056.gr,120,4877,leiden,0,721.0,,0.9705910682678224,
pace-exact/exact056.gr,120,4877,leiden,2,721.0,,0.0326290130615234,
pace-exact/exact056.gr,120,4877,mfp,0,2053.0,,0.3665263652801513,
pace-exact/exact056.gr,120,4877,leiden,1,721.0,,0.9187850952148438,
pace-exact/exact056.gr,120,4877,mfp,2,2708.0,,0.36696457862854,
pace-exact/exact056.gr,120,4877,ins,0,721.0,,0.025449514389038,
pace-exact/exact056.gr,120,4877,ins,1,721.0,,0.021796703338623,
pace-exact/exact056.gr,120,4877,ins,2,721.0,,0.0180916786193847,
pace-exact/exact056.gr,120,4877,mfp,1,2110.0,,1.1756000518798828,
pace-exact/exact056.gr,120,4877,flip,0,721.0,,0.4155988693237304,
pace-exact/exact056.gr,120,4877,flip,2,721.0,,0.5179882049560547,
pace-exact/exact056.gr,120,4877,flip,1,721.0,,0.6656467914581299,
pace-exact/exact056.gr,120,4877,lb:greedy,0,,645.0,0.0310101509094238,
pace-exact/exact056.gr,120,4877,lb:tri-mwu,0,,715.9788732394367,0.2187089920043945,
pace-exact/exact057.gr,121,486,pivot,0,141.0,,0.0001552104949951,
pace-exact/exact057.gr,121,486,pivot,1,146.0,,5.316734313964844e-05,
pace-exact/exact057.gr,121,486,pivot,2,254.0,,0.6610853672027588,
pace-exact/exact057.gr,121,486,pivot50,0,126.0,,0.0019025802612304,
pace-exact/exact057.gr,121,486,pivot50,1,125.0,,0.0016665458679199,
pace-exact/exact057.gr,121,486,pivot50,2,126.0,,0.0016939640045166,
pace-exact/exact057.gr,121,486,vote,0,122.0,,0.0097622871398925,
pace-exact/exact057.gr,121,486,vote,1,123.0,,0.0001702308654785,
pace-exact/exact057.gr,121,486,vote,2,123.0,,0.0002243518829345,
pace-exact/exact057.gr,121,486,louvain,0,122.0,,0.0220487117767334,
pace-exact/exact057.gr,121,486,louvain,1,123.0,,0.0004513263702392,
pace-exact/exact057.gr,121,486,louvain,2,122.0,,0.0004165172576904,
pace-exact/exact057.gr,121,486,leiden,0,122.0,,1.0092086791992188,
pace-exact/exact057.gr,121,486,leiden,1,122.0,,0.0140349864959716,
pace-exact/exact057.gr,121,486,leiden,2,122.0,,0.0147426128387451,
pace-exact/exact057.gr,121,486,mfp,0,392.0,,0.0502312183380126,
pace-exact/exact057.gr,121,486,mfp,1,358.0,,0.0038681030273437,
pace-exact/exact057.gr,121,486,mfp,2,313.0,,0.0038483142852783,
pace-exact/exact057.gr,121,486,ins,0,122.0,,0.0123777389526367,
pace-exact/exact057.gr,121,486,ins,1,122.0,,0.0011756420135498,
pace-exact/exact057.gr,121,486,ins,2,122.0,,0.0011982917785644,
pace-exact/exact057.gr,121,486,flip,0,122.0,,0.0548174381256103,
pace-exact/exact057.gr,121,486,flip,1,122.0,,0.8610596656799316,
pace-exact/exact057.gr,121,486,flip,2,122.0,,0.0364222526550293,
pace-exact/exact057.gr,121,486,kapoce,0,122.0,,12.488113164901732,
pace-exact/exact057.gr,121,486,lb:greedy,0,,110.0,0.0034382343292236,
pace-exact/exact057.gr,121,486,lb:tri-mwu,0,,120.34859154929578,0.0297625064849853,
pace-exact/exact058.gr,121,864,pivot,0,342.0,,0.0001063346862792,
pace-exact/exact058.gr,121,864,pivot,1,474.0,,8.058547973632812e-05,
pace-exact/exact058.gr,121,864,pivot,2,472.0,,0.0001544952392578,
pace-exact/exact058.gr,121,864,pivot50,0,233.0,,0.0016570091247558,
pace-exact/exact058.gr,121,864,pivot50,1,229.0,,0.0016334056854248,
pace-exact/exact058.gr,121,864,pivot50,2,228.0,,0.0148146152496337,
pace-exact/exact058.gr,121,864,vote,0,210.0,,0.0002212524414062,
pace-exact/exact058.gr,121,864,vote,1,220.0,,0.000166893005371,
pace-exact/exact058.gr,121,864,vote,2,210.0,,0.0005300045013427,
pace-exact/exact058.gr,121,864,louvain,0,210.0,,0.0056748390197753,
pace-exact/exact058.gr,121,864,louvain,1,210.0,,0.0005974769592285,
pace-exact/exact058.gr,121,864,louvain,2,210.0,,0.0006160736083984,
pace-exact/exact058.gr,121,864,leiden,0,211.0,,0.8431541919708252,
pace-exact/exact058.gr,121,864,leiden,1,210.0,,0.0057394504547119,
pace-exact/exact058.gr,121,864,leiden,2,211.0,,0.7891132831573486,
pace-exact/exact058.gr,121,864,mfp,0,590.0,,0.0575318336486816,
pace-exact/exact058.gr,121,864,mfp,1,585.0,,0.0194628238677978,
pace-exact/exact058.gr,121,864,mfp,2,582.0,,0.0167655944824218,
pace-exact/exact058.gr,121,864,ins,0,210.0,,0.0303888320922851,
pace-exact/exact055.gr,120,3723,kapoce,0,1410.0,,39.50641250610352,
pace-exact/exact058.gr,121,864,ins,1,210.0,,0.0065176486968994,
pace-exact/exact058.gr,121,864,ins,2,210.0,,0.0061180591583251,
pace-exact/exact058.gr,121,864,flip,0,210.0,,0.0436997413635253,
pace-exact/exact058.gr,121,864,flip,2,210.0,,0.0403892993927001,
pace-exact/exact058.gr,121,864,flip,1,210.0,,0.1038777828216552,
pace-exact/exact058.gr,121,864,lb:greedy,0,,200.0,0.0081267356872558,
pace-exact/exact058.gr,121,864,lb:tri-mwu,0,,209.23591549295776,0.029637336730957,
pace-exact/exact059.gr,121,2174,pivot,0,1460.0,,9.369850158691406e-05,
pace-exact/exact059.gr,121,2174,pivot,1,1396.0,,7.200241088867188e-05,
pace-exact/exact059.gr,121,2174,pivot,2,1375.0,,6.365776062011719e-05,
pace-exact/exact059.gr,121,2174,pivot50,0,1187.0,,0.0017635822296142,
pace-exact/exact059.gr,121,2174,pivot50,1,1206.0,,0.0017142295837402,
pace-exact/exact059.gr,121,2174,pivot50,2,1205.0,,0.0017712116241455,
pace-exact/exact059.gr,121,2174,vote,0,976.0,,0.0002412796020507,
pace-exact/exact059.gr,121,2174,vote,1,976.0,,0.0002346038818359,
pace-exact/exact059.gr,121,2174,vote,2,976.0,,0.0002374649047851,
pace-exact/exact059.gr,121,2174,louvain,0,976.0,,0.7484612464904785,
pace-exact/exact059.gr,121,2174,louvain,1,976.0,,0.0008792877197265,
pace-exact/exact059.gr,121,2174,louvain,2,976.0,,0.00067138671875,
pace-exact/exact059.gr,121,2174,leiden,0,976.0,,0.8152825832366943,
pace-exact/exact059.gr,121,2174,leiden,1,980.0,,0.0308592319488525,
pace-exact/exact059.gr,121,2174,leiden,2,976.0,,0.014653205871582,
pace-exact/exact059.gr,121,2174,mfp,0,2119.0,,0.1066031455993652,
pace-exact/exact059.gr,121,2174,mfp,1,1986.0,,0.0519616603851318,
pace-exact/exact059.gr,121,2174,mfp,2,2036.0,,0.0586655139923095,
pace-exact/exact059.gr,121,2174,ins,0,976.0,,0.0274217128753662,
pace-exact/exact059.gr,121,2174,ins,1,976.0,,0.0140366554260253,
pace-exact/exact059.gr,121,2174,ins,2,976.0,,0.0180768966674804,
pace-exact/exact059.gr,121,2174,flip,0,976.0,,0.3548808097839355,
pace-exact/exact059.gr,121,2174,flip,1,976.0,,0.3579661846160888,
pace-exact/exact059.gr,121,2174,flip,2,976.0,,0.3544256687164306,
pace-exact/exact058.gr,121,864,kapoce,0,210.0,,19.68398642539978,
pace-exact/exact059.gr,121,2174,lb:greedy,0,,782.0,0.0081379413604736,
pace-exact/exact059.gr,121,2174,lb:tri-mwu,0,,944.5352112676056,0.8304195404052734,
pace-exact/exact060.gr,124,2288,pivot,0,1909.0,,0.003810167312622,
pace-exact/exact060.gr,124,2288,pivot,1,2147.0,,0.0001006126403808,
pace-exact/exact060.gr,124,2288,pivot,2,2649.0,,7.915496826171875e-05,
pace-exact/exact060.gr,124,2288,pivot50,0,1800.0,,0.0018637180328369,
pace-exact/exact060.gr,124,2288,pivot50,1,1749.0,,0.0017940998077392,
pace-exact/exact060.gr,124,2288,pivot50,2,1761.0,,0.0017628669738769,
pace-exact/exact060.gr,124,2288,vote,0,1507.0,,0.0045821666717529,
pace-exact/exact060.gr,124,2288,vote,1,1495.0,,0.0003285408020019,
pace-exact/exact060.gr,124,2288,vote,2,1493.0,,0.0002951622009277,
pace-exact/exact060.gr,124,2288,louvain,0,1492.0,,0.0077350139617919,
pace-exact/exact060.gr,124,2288,louvain,1,1495.0,,0.0008342266082763,
pace-exact/exact060.gr,124,2288,louvain,2,1493.0,,0.0007975101470947,
pace-exact/exact060.gr,124,2288,leiden,0,1495.0,,0.8543181419372559,
pace-exact/exact060.gr,124,2288,leiden,1,1531.0,,0.0250463485717773,
pace-exact/exact060.gr,124,2288,leiden,2,1493.0,,0.0549211502075195,
pace-exact/exact060.gr,124,2288,mfp,0,2622.0,,0.0429377555847168,
pace-exact/exact060.gr,124,2288,mfp,1,2474.0,,0.0350263118743896,
pace-exact/exact060.gr,124,2288,mfp,2,2536.0,,0.0391440391540527,
pace-exact/exact060.gr,124,2288,ins,0,1510.0,,0.0354840755462646,
pace-exact/exact060.gr,124,2288,ins,1,1491.0,,0.7470757961273193,
pace-exact/exact060.gr,124,2288,ins,2,1509.0,,0.0257623195648193,
pace-exact/exact060.gr,124,2288,flip,0,1491.0,,0.5511264801025391,
pace-exact/exact060.gr,124,2288,flip,1,1491.0,,0.596895694732666,
pace-exact/exact060.gr,124,2288,flip,2,1494.0,,0.5525965690612793,
pace-exact/exact056.gr,120,4877,kapoce,0,721.0,,48.87334418296814,
pace-exact/exact060.gr,124,2288,lb:greedy,0,,1009.0,0.0061726570129394,
pace-exact/exact060.gr,124,2288,lb:tri-mwu,0,,1081.1830985915492,0.1349604129791259,
pace-exact/exact061.gr,129,613,pivot,0,183.0,,0.0001301765441894,
pace-exact/exact061.gr,129,613,pivot,1,256.0,,7.557868957519531e-05,
pace-exact/exact061.gr,129,613,pivot,2,236.0,,0.6909136772155762,
pace-exact/exact061.gr,129,613,pivot50,0,119.0,,0.0021111965179443,
pace-exact/exact061.gr,129,613,pivot50,1,118.0,,0.0062952041625976,
pace-exact/exact061.gr,129,613,pivot50,2,121.0,,0.0017416477203369,
pace-exact/exact061.gr,129,613,vote,0,116.0,,0.0126502513885498,
pace-exact/exact061.gr,129,613,vote,1,116.0,,0.0001633167266845,
pace-exact/exact061.gr,129,613,vote,2,116.0,,0.0001220703125,
pace-exact/exact061.gr,129,613,louvain,0,116.0,,0.015754222869873,
pace-exact/exact061.gr,129,613,louvain,1,116.0,,0.0005638599395751,
pace-exact/exact061.gr,129,613,louvain,2,116.0,,0.0005717277526855,
pace-exact/exact061.gr,129,613,leiden,0,116.0,,0.782611608505249,
pace-exact/exact061.gr,129,613,leiden,1,116.0,,0.0054471492767333,
pace-exact/exact061.gr,129,613,leiden,2,116.0,,0.0075964927673339,
pace-exact/exact061.gr,129,613,mfp,0,382.0,,0.0239393711090087,
pace-exact/exact061.gr,129,613,mfp,1,487.0,,0.0055799484252929,
pace-exact/exact061.gr,129,613,mfp,2,525.0,,0.00555419921875,
pace-exact/exact061.gr,129,613,ins,0,116.0,,0.0071058273315429,
pace-exact/exact061.gr,129,613,ins,1,116.0,,0.0014290809631347,
pace-exact/exact061.gr,129,613,ins,2,116.0,,0.0013134479522705,
pace-exact/exact061.gr,129,613,flip,0,116.0,,0.0234975814819335,
pace-exact/exact061.gr,129,613,flip,1,116.0,,0.5182023048400879,
pace-exact/exact061.gr,129,613,flip,2,116.0,,0.0490365028381347,
pace-exact/exact061.gr,129,613,kapoce,0,116.0,,14.60518193244934,
pace-exact/exact061.gr,129,613,lb:greedy,0,,111.0,0.0077815055847167,
pace-exact/exact061.gr,129,613,lb:tri-mwu,0,,115.14084507042251,0.0318326950073242,
pace-exact/exact062.gr,129,1319,pivot,0,620.0,,0.0001227855682373,
pace-exact/exact062.gr,129,1319,pivot,1,817.0,,0.0001068115234375,
pace-exact/exact062.gr,129,1319,pivot,2,548.0,,7.009506225585938e-05,
pace-exact/exact062.gr,129,1319,pivot50,0,511.0,,0.0050265789031982,
pace-exact/exact062.gr,129,1319,pivot50,1,503.0,,0.0058894157409667,
pace-exact/exact062.gr,129,1319,pivot50,2,511.0,,0.0018322467803955,
pace-exact/exact062.gr,129,1319,vote,0,469.0,,0.0001916885375976,
pace-exact/exact062.gr,129,1319,vote,1,469.0,,0.0001890659332275,
pace-exact/exact062.gr,129,1319,vote,2,471.0,,0.0001792907714843,
pace-exact/exact062.gr,129,1319,louvain,0,469.0,,0.0007417201995849,
pace-exact/exact062.gr,129,1319,louvain,1,469.0,,0.0005395412445068,
pace-exact/exact062.gr,129,1319,louvain,2,469.0,,0.0009124279022216,
pace-exact/exact062.gr,129,1319,leiden,0,469.0,,0.8930585384368896,
pace-exact/exact062.gr,129,1319,leiden,1,469.0,,0.025348424911499,
pace-exact/exact059.gr,121,2174,kapoce,0,976.0,,46.80716681480408,
pace-exact/exact062.gr,129,1319,mfp,0,1197.0,,0.0172438621520996,
pace-exact/exact062.gr,129,1319,mfp,1,1336.0,,0.0227391719818115,
pace-exact/exact062.gr,129,1319,mfp,2,1342.0,,0.0204308032989501,
pace-exact/exact062.gr,129,1319,ins,0,469.0,,0.0041992664337158,
pace-exact/exact062.gr,129,1319,ins,1,469.0,,0.0040972232818603,
pace-exact/exact062.gr,129,1319,ins,2,469.0,,0.0040180683135986,
pace-exact/exact062.gr,129,1319,leiden,2,469.0,,0.9071831703186036,
pace-exact/exact062.gr,129,1319,flip,0,469.0,,0.1355962753295898,
pace-exact/exact062.gr,129,1319,flip,2,469.0,,0.1499795913696289,
pace-exact/exact062.gr,129,1319,flip,1,469.0,,0.217681884765625,
pace-exact/exact062.gr,129,1319,lb:greedy,0,,425.0,0.0088469982147216,
pace-exact/exact062.gr,129,1319,lb:tri-mwu,0,,457.8274647887324,0.0555708408355712,
pace-exact/exact063.gr,129,2476,pivot,0,692.0,,0.0001170635223388,
pace-exact/exact063.gr,129,2476,pivot,1,1610.0,,8.654594421386719e-05,
pace-exact/exact063.gr,129,2476,pivot,2,742.0,,7.367134094238281e-05,
pace-exact/exact063.gr,129,2476,pivot50,0,676.0,,0.0018341541290283,
pace-exact/exact063.gr,129,2476,pivot50,1,731.0,,0.0058989524841308,
pace-exact/exact063.gr,129,2476,pivot50,2,678.0,,0.0139164924621582,
pace-exact/exact063.gr,129,2476,vote,0,665.0,,0.0002179145812988,
pace-exact/exact063.gr,129,2476,vote,1,665.0,,0.0002233982086181,
pace-exact/exact063.gr,129,2476,vote,2,665.0,,0.0002102851867675,
pace-exact/exact063.gr,129,2476,louvain,0,665.0,,0.0006773471832275,
pace-exact/exact063.gr,129,2476,louvain,1,665.0,,0.0006396770477294,
pace-exact/exact063.gr,129,2476,louvain,2,665.0,,0.0006232261657714,
pace-exact/exact063.gr,129,2476,leiden,0,665.0,,0.8151571750640869,
pace-exact/exact063.gr,129,2476,leiden,1,665.0,,0.0230524539947509,
pace-exact/exact063.gr,129,2476,leiden,2,665.0,,0.0221691131591796,
pace-exact/exact063.gr,129,2476,mfp,0,1884.0,,0.1014778614044189,
pace-exact/exact063.gr,129,2476,mfp,1,2279.0,,0.1026697158813476,
pace-exact/exact063.gr,129,2476,mfp,2,2292.0,,0.9285540580749512,
pace-exact/exact063.gr,129,2476,ins,0,665.0,,0.049034833908081,
pace-exact/exact063.gr,129,2476,ins,1,665.0,,0.0081541538238525,
pace-exact/exact063.gr,129,2476,ins,2,665.0,,0.0074882507324218,
pace-exact/exact063.gr,129,2476,flip,0,665.0,,0.2125134468078613,
pace-exact/exact063.gr,129,2476,flip,1,665.0,,0.2311186790466308,
pace-exact/exact063.gr,129,2476,flip,2,665.0,,0.2374589443206787,
pace-exact/exact060.gr,124,2288,kapoce,0,1491.0,,48.104820013046265,
pace-exact/exact063.gr,129,2476,lb:greedy,0,,634.0,0.0078561305999755,
pace-exact/exact063.gr,129,2476,lb:tri-mwu,0,,656.080985915493,0.0914578437805175,
pace-exact/exact064.gr,129,3882,pivot,0,954.0,,0.0001375675201416,
pace-exact/exact064.gr,129,3882,pivot,1,1814.0,,8.916854858398438e-05,
pace-exact/exact064.gr,129,3882,pivot,2,1408.0,,8.058547973632812e-05,
pace-exact/exact064.gr,129,3882,pivot50,0,838.0,,0.0023393630981445,
pace-exact/exact064.gr,129,3882,pivot50,1,825.0,,0.0019118785858154,
pace-exact/exact064.gr,129,3882,pivot50,2,818.0,,0.0020272731781005,
pace-exact/exact064.gr,129,3882,vote,0,788.0,,0.0003108978271484,
pace-exact/exact064.gr,129,3882,vote,1,801.0,,0.000298261642456,
pace-exact/exact064.gr,129,3882,vote,2,772.0,,0.0002775192260742,
pace-exact/exact064.gr,129,3882,louvain,0,788.0,,0.0008120536804199,
pace-exact/exact064.gr,129,3882,louvain,1,772.0,,0.0007705688476562,
pace-exact/exact064.gr,129,3882,louvain,2,772.0,,0.0008072853088378,
pace-exact/exact064.gr,129,3882,leiden,0,778.0,,0.6813004016876221,
pace-exact/exact064.gr,129,3882,leiden,1,772.0,,0.0145132541656494,
pace-exact/exact064.gr,129,3882,leiden,2,778.0,,0.8864033222198486,
pace-exact/exact064.gr,129,3882,mfp,0,1664.0,,0.2987871170043945,
pace-exact/exact064.gr,129,3882,mfp,1,2884.0,,0.2435452938079834,
pace-exact/exact064.gr,129,3882,mfp,2,2407.0,,0.2405424118041992,
pace-exact/exact064.gr,129,3882,ins,0,772.0,,0.0498518943786621,
pace-exact/exact064.gr,129,3882,ins,1,772.0,,0.0155093669891357,
pace-exact/exact064.gr,129,3882,ins,2,772.0,,0.0279731750488281,
pace-exact/exact064.gr,129,3882,flip,0,772.0,,0.3842415809631347,
pace-exact/exact064.gr,129,3882,flip,1,772.0,,0.4712605476379394,
pace-exact/exact064.gr,129,3882,flip,2,772.0,,0.394078254699707,
pace-exact/exact062.gr,129,1319,kapoce,0,469.0,,27.908912897109985,
pace-exact/exact064.gr,129,3882,lb:greedy,0,,721.0,0.0266010761260986,
pace-exact/exact064.gr,129,3882,lb:tri-mwu,0,,767.3591549295775,0.1330897808074951,
pace-exact/exact065.gr,129,8112,pivot,0,360.0,,0.0001404285430908,
pace-exact/exact065.gr,129,8112,pivot,1,128.0,,0.0001156330108642,
pace-exact/exact065.gr,129,8112,pivot,2,144.0,,0.000112771987915,
pace-exact/exact065.gr,129,8112,pivot50,0,128.0,,0.0022132396697998,
pace-exact/exact065.gr,129,8112,pivot50,1,128.0,,0.0021853446960449,
pace-exact/exact065.gr,129,8112,pivot50,2,128.0,,0.0021314620971679,
pace-exact/exact065.gr,129,8112,vote,0,128.0,,0.0003180503845214,
pace-exact/exact065.gr,129,8112,vote,1,128.0,,0.6916375160217285,
pace-exact/exact065.gr,129,8112,vote,2,128.0,,0.0003943443298339,
pace-exact/exact065.gr,129,8112,louvain,0,128.0,,0.0158350467681884,
pace-exact/exact065.gr,129,8112,louvain,1,128.0,,0.0009803771972656,
pace-exact/exact065.gr,129,8112,louvain,2,128.0,,0.0009112358093261,
pace-exact/exact065.gr,129,8112,leiden,0,128.0,,0.978440761566162,
pace-exact/exact065.gr,129,8112,leiden,1,128.0,,0.0632238388061523,
pace-exact/exact065.gr,129,8112,leiden,2,128.0,,0.0473191738128662,
pace-exact/exact065.gr,129,8112,mfp,0,248.0,,1.0048611164093018,
pace-exact/exact065.gr,129,8112,mfp,1,272.0,,0.9732134342193604,
pace-exact/exact065.gr,129,8112,ins,0,128.0,,0.0377087593078613,
pace-exact/exact065.gr,129,8112,ins,1,128.0,,0.0208597183227539,
pace-exact/exact065.gr,129,8112,ins,2,128.0,,0.0372624397277832,
pace-exact/exact065.gr,129,8112,flip,0,128.0,,0.5565073490142822,
pace-exact/exact065.gr,129,8112,mfp,2,380.0,,0.9576539993286132,
pace-exact/exact065.gr,129,8112,flip,1,128.0,,0.5208156108856201,
pace-exact/exact065.gr,129,8112,flip,2,128.0,,0.605165958404541,
pace-exact/exact065.gr,129,8112,lb:greedy,0,,128.0,0.0431513786315918,
pace-exact/exact065.gr,129,8112,lb:tri-mwu,0,,127.80281690140843,0.1137881278991699,
pace-exact/exact066.gr,139,1583,pivot,0,1015.0,,0.0001413822174072,
pace-exact/exact066.gr,139,1583,pivot,1,829.0,,6.389617919921875e-05,
pace-exact/exact066.gr,139,1583,pivot,2,1014.0,,5.984306335449219e-05,
pace-exact/exact066.gr,139,1583,pivot50,0,765.0,,0.0019049644470214,
pace-exact/exact066.gr,139,1583,pivot50,1,829.0,,0.0019004344940185,
pace-exact/exact066.gr,139,1583,pivot50,2,803.0,,0.7029891014099121,
pace-exact/exact066.gr,139,1583,vote,0,730.0,,0.0091099739074707,
pace-exact/exact066.gr,139,1583,vote,1,731.0,,0.0002081394195556,
pace-exact/exact066.gr,139,1583,vote,2,731.0,,0.0002059936523437,
pace-exact/exact066.gr,139,1583,louvain,0,730.0,,0.0120627880096435,
pace-exact/exact066.gr,139,1583,louvain,1,731.0,,0.0007026195526123,
pace-exact/exact066.gr,139,1583,louvain,2,731.0,,0.0007281303405761,
pace-exact/exact066.gr,139,1583,leiden,0,730.0,,0.8369336128234863,
pace-exact/exact066.gr,139,1583,leiden,1,730.0,,0.0175201892852783,
pace-exact/exact066.gr,139,1583,leiden,2,730.0,,0.0176441669464111,
pace-exact/exact066.gr,139,1583,mfp,0,1502.0,,0.0827167034149169,
pace-exact/exact066.gr,139,1583,mfp,1,1329.0,,0.0350964069366455,
pace-exact/exact066.gr,139,1583,mfp,2,1568.0,,0.0340309143066406,
pace-exact/exact066.gr,139,1583,ins,0,731.0,,0.016923189163208,
pace-exact/exact066.gr,139,1583,ins,1,731.0,,0.0073871612548828,
pace-exact/exact066.gr,139,1583,ins,2,730.0,,0.0154294967651367,
pace-exact/exact066.gr,139,1583,flip,0,730.0,,0.2532014846801758,
pace-exact/exact066.gr,139,1583,flip,1,730.0,,0.262906551361084,
pace-exact/exact066.gr,139,1583,flip,2,730.0,,0.2476418018341064,
pace-exact/exact063.gr,129,2476,kapoce,0,665.0,,38.595547676086426,
pace-exact/exact064.gr,129,3882,kapoce,0,772.0,,44.08509969711304,
pace-exact/exact066.gr,139,1583,lb:greedy,0,,569.0,0.0353701114654541,
pace-exact/exact066.gr,139,1583,lb:tri-mwu,0,,685.4823943661971,0.0660181045532226,
pace-exact/exact067.gr,139,2877,pivot,0,1039.0,,0.0001306533813476,
pace-exact/exact067.gr,139,2877,pivot,1,1318.0,,7.557868957519531e-05,
pace-exact/exact067.gr,139,2877,pivot,2,1080.0,,8.392333984375e-05,
pace-exact/exact067.gr,139,2877,pivot50,0,868.0,,0.0020661354064941,
pace-exact/exact067.gr,139,2877,pivot50,1,922.0,,0.0019409656524658,
pace-exact/exact067.gr,139,2877,pivot50,2,878.0,,0.0019669532775878,
pace-exact/exact067.gr,139,2877,vote,0,792.0,,0.0002644062042236,
pace-exact/exact067.gr,139,2877,vote,1,792.0,,0.0002450942993164,
pace-exact/exact067.gr,139,2877,vote,2,792.0,,0.0002532005310058,
pace-exact/exact067.gr,139,2877,louvain,0,792.0,,0.0007529258728027,
pace-exact/exact067.gr,139,2877,louvain,1,792.0,,0.0006897449493408,
pace-exact/exact067.gr,139,2877,louvain,2,792.0,,0.0007319450378417,
pace-exact/exact067.gr,139,2877,leiden,0,792.0,,0.0160713195800781,
pace-exact/exact067.gr,139,2877,leiden,1,792.0,,0.011836290359497,
pace-exact/exact067.gr,139,2877,leiden,2,792.0,,0.8585171699523926,
pace-exact/exact067.gr,139,2877,mfp,0,2465.0,,0.1695342063903808,
pace-exact/exact067.gr,139,2877,mfp,1,1347.0,,0.1260364055633545,
pace-exact/exact067.gr,139,2877,mfp,2,2425.0,,0.2416107654571533,
pace-exact/exact067.gr,139,2877,ins,0,792.0,,0.062906265258789,
pace-exact/exact067.gr,139,2877,ins,1,792.0,,0.0234355926513671,
pace-exact/exact067.gr,139,2877,ins,2,792.0,,0.0117731094360351,
pace-exact/exact067.gr,139,2877,flip,0,792.0,,0.3805668354034424,
pace-exact/exact067.gr,139,2877,flip,1,792.0,,0.3668849468231201,
pace-exact/exact067.gr,139,2877,flip,2,792.0,,0.417227029800415,
pace-exact/exact067.gr,139,2877,lb:greedy,0,,717.0,0.0156538486480712,
pace-exact/exact067.gr,139,2877,lb:tri-mwu,0,,785.5492957746479,0.111907958984375,
pace-exact/exact068.gr,139,4513,pivot,0,924.0,,0.0001356601715087,
pace-exact/exact068.gr,139,4513,pivot,1,1546.0,,8.845329284667969e-05,
pace-exact/exact068.gr,139,4513,pivot,2,779.0,,8.273124694824219e-05,
pace-exact/exact068.gr,139,4513,pivot50,0,652.0,,0.0020687580108642,
pace-exact/exact068.gr,139,4513,pivot50,1,681.0,,0.0064280033111572,
pace-exact/exact068.gr,139,4513,pivot50,2,652.0,,0.0021328926086425,
pace-exact/exact068.gr,139,4513,vote,0,632.0,,0.0043270587921142,
pace-exact/exact068.gr,139,4513,vote,1,653.0,,0.6752285957336426,
pace-exact/exact068.gr,139,4513,vote,2,632.0,,0.0003883838653564,
pace-exact/exact068.gr,139,4513,louvain,0,632.0,,0.0208685398101806,
pace-exact/exact068.gr,139,4513,louvain,1,632.0,,0.0009715557098388,
pace-exact/exact068.gr,139,4513,louvain,2,632.0,,0.0049962997436523,
pace-exact/exact068.gr,139,4513,leiden,0,632.0,,0.86350417137146,
pace-exact/exact068.gr,139,4513,leiden,1,632.0,,0.0416748523712158,
pace-exact/exact068.gr,139,4513,leiden,2,632.0,,0.0307757854461669,
pace-exact/exact068.gr,139,4513,mfp,0,3016.0,,0.3729646205902099,
pace-exact/exact068.gr,139,4513,mfp,1,1399.0,,0.3170168399810791,
pace-exact/exact068.gr,139,4513,mfp,2,2369.0,,0.3123807907104492,
pace-exact/exact068.gr,139,4513,ins,0,632.0,,0.032607078552246,
pace-exact/exact068.gr,139,4513,ins,1,632.0,,0.0230076313018798,
pace-exact/exact068.gr,139,4513,ins,2,633.0,,0.0226843357086181,
pace-exact/exact066.gr,139,1583,kapoce,0,730.0,,34.64902448654175,
pace-exact/exact068.gr,139,4513,flip,0,632.0,,0.364795446395874,
pace-exact/exact068.gr,139,4513,flip,1,632.0,,0.3452138900756836,
pace-exact/exact068.gr,139,4513,flip,2,632.0,,0.3670423030853271,
pace-exact/exact068.gr,139,4513,lb:greedy,0,,602.0,0.0109612941741943,
pace-exact/exact068.gr,139,4513,lb:tri-mwu,0,,625.9295774647887,0.1103055477142334,
pace-exact/exact069.gr,140,2915,pivot,0,2972.0,,0.0001220703125,
pace-exact/exact069.gr,140,2915,pivot,1,2982.0,,7.62939453125e-05,
pace-exact/exact069.gr,140,2915,pivot,2,2830.0,,7.486343383789062e-05,
pace-exact/exact069.gr,140,2915,pivot50,0,2699.0,,0.0020685195922851,
pace-exact/exact069.gr,140,2915,pivot50,1,2539.0,,0.0020148754119873,
pace-exact/exact069.gr,140,2915,pivot50,2,2627.0,,0.0019783973693847,
pace-exact/exact069.gr,140,2915,vote,0,2146.0,,0.76334547996521,
pace-exact/exact069.gr,140,2915,vote,1,2232.0,,0.0003998279571533,
pace-exact/exact069.gr,140,2915,vote,2,2158.0,,0.0005223751068115,
pace-exact/exact069.gr,140,2915,louvain,0,2145.0,,0.0206246376037597,
pace-exact/exact069.gr,140,2915,louvain,1,2219.0,,0.0014333724975585,
pace-exact/exact069.gr,140,2915,louvain,2,2158.0,,0.0011403560638427,
pace-exact/exact069.gr,140,2915,leiden,0,2144.0,,0.6529419422149658,
pace-exact/exact069.gr,140,2915,leiden,1,2142.0,,0.0364904403686523,
pace-exact/exact069.gr,140,2915,leiden,2,2150.0,,0.041581392288208,
pace-exact/exact069.gr,140,2915,mfp,0,3589.0,,0.0804753303527832,
pace-exact/exact069.gr,140,2915,mfp,1,3174.0,,0.0365920066833496,
pace-exact/exact069.gr,140,2915,mfp,2,3123.0,,0.0322022438049316,
pace-exact/exact069.gr,140,2915,ins,0,2142.0,,0.0388514995574951,
pace-exact/exact069.gr,140,2915,ins,1,2140.0,,0.0141441822052001,
pace-exact/exact069.gr,140,2915,ins,2,2140.0,,0.0151760578155517,
pace-exact/exact069.gr,140,2915,flip,0,2140.0,,0.5314838886260986,
pace-exact/exact069.gr,140,2915,flip,1,2140.0,,0.543503999710083,
pace-exact/exact069.gr,140,2915,flip,2,2140.0,,0.5309381484985352,
pace-exact/exact065.gr,129,8112,kapoce,0,128.0,,60.10017848014832,
pace-exact/exact067.gr,139,2877,kapoce,0,792.0,,42.63046836853027,
pace-exact/exact069.gr,140,2915,lb:greedy,0,,1334.0,0.038919448852539,
pace-exact/exact069.gr,140,2915,lb:tri-mwu,0,,1452.414814814815,0.1985585689544677,
pace-exact/exact070.gr,140,3014,pivot,0,2771.0,,0.0033926963806152,
pace-exact/exact070.gr,140,3014,pivot,1,3079.0,,9.298324584960938e-05,
pace-exact/exact070.gr,140,3014,pivot,2,2576.0,,7.390975952148438e-05,
pace-exact/exact070.gr,140,3014,pivot50,0,2077.0,,0.0020835399627685,
pace-exact/exact070.gr,140,3014,pivot50,1,2282.0,,0.0019416809082031,
pace-exact/exact070.gr,140,3014,pivot50,2,2210.0,,0.0018649101257324,
pace-exact/exact070.gr,140,3014,vote,0,1825.0,,0.0044527053833007,
pace-exact/exact070.gr,140,3014,vote,1,1793.0,,0.000291109085083,
pace-exact/exact070.gr,140,3014,vote,2,1796.0,,0.000319480895996,
pace-exact/exact070.gr,140,3014,louvain,0,1798.0,,0.0073237419128417,
pace-exact/exact070.gr,140,3014,louvain,1,1792.0,,0.0008597373962402,
pace-exact/exact070.gr,140,3014,louvain,2,1796.0,,0.0008420944213867,
pace-exact/exact070.gr,140,3014,leiden,0,1805.0,,0.8140075206756592,
pace-exact/exact070.gr,140,3014,leiden,1,1805.0,,0.0242600440979003,
pace-exact/exact070.gr,140,3014,leiden,2,1792.0,,0.0531229972839355,
pace-exact/exact070.gr,140,3014,mfp,0,3219.0,,0.0638802051544189,
pace-exact/exact070.gr,140,3014,mfp,1,3258.0,,0.0555489063262939,
pace-exact/exact070.gr,140,3014,mfp,2,3123.0,,0.7558443546295166,
pace-exact/exact070.gr,140,3014,ins,0,1793.0,,0.0661988258361816,
pace-exact/exact070.gr,140,3014,ins,1,1796.0,,0.0280745029449462,
pace-exact/exact070.gr,140,3014,ins,2,1792.0,,0.0203080177307128,
pace-exact/exact070.gr,140,3014,flip,0,1793.0,,0.4858372211456299,
pace-exact/exact070.gr,140,3014,flip,1,1792.0,,0.4909594058990478,
pace-exact/exact070.gr,140,3014,flip,2,1792.0,,0.4972639083862304,
pace-exact/exact068.gr,139,4513,kapoce,0,632.0,,60.0901792049408,
pace-exact/exact069.gr,140,2915,kapoce,0,2140.0,,57.7370240688324,
pace-exact/exact070.gr,140,3014,lb:greedy,0,,1280.0,0.0129423141479492,
pace-exact/exact070.gr,140,3014,lb:tri-mwu,0,,1502.3777777777775,0.1819849014282226,
pace-exact/exact071.gr,140,4298,pivot,0,2840.0,,0.0001802444458007,
pace-exact/exact071.gr,140,4298,pivot,1,3110.0,,9.059906005859376e-05,
pace-exact/exact071.gr,140,4298,pivot,2,3245.0,,8.296966552734375e-05,
pace-exact/exact071.gr,140,4298,pivot50,0,2625.0,,0.0020461082458496,
pace-exact/exact071.gr,140,4298,pivot50,1,2377.0,,0.0020985603332519,
pace-exact/exact071.gr,140,4298,pivot50,2,2515.0,,0.7688333988189697,
pace-exact/exact071.gr,140,4298,vote,0,2134.0,,0.0069539546966552,
pace-exact/exact071.gr,140,4298,vote,1,2132.0,,0.0003697872161865,
pace-exact/exact071.gr,140,4298,vote,2,2132.0,,0.0004482269287109,
pace-exact/exact071.gr,140,4298,louvain,0,2134.0,,0.0081152915954589,
pace-exact/exact071.gr,140,4298,louvain,1,2132.0,,0.0010244846343994,
pace-exact/exact071.gr,140,4298,louvain,2,2132.0,,0.0009641647338867,
pace-exact/exact071.gr,140,4298,leiden,0,2132.0,,0.9055261611938475,
pace-exact/exact071.gr,140,4298,leiden,1,2134.0,,0.0347926616668701,
pace-exact/exact071.gr,140,4298,leiden,2,2132.0,,0.0337071418762207,
pace-exact/exact071.gr,140,4298,mfp,0,4654.0,,0.2022030353546142,
pace-exact/exact071.gr,140,4298,mfp,1,4257.0,,0.151313304901123,
pace-exact/exact071.gr,140,4298,mfp,2,4294.0,,0.1366400718688964,
pace-exact/exact071.gr,140,4298,ins,0,2132.0,,0.0608189105987548,
pace-exact/exact071.gr,140,4298,ins,1,2132.0,,0.0521326065063476,
pace-exact/exact071.gr,140,4298,ins,2,2134.0,,0.0525696277618408,
pace-exact/exact071.gr,140,4298,flip,0,2132.0,,1.0019774436950684,
pace-exact/exact071.gr,140,4298,flip,1,2132.0,,1.087718486785889,
pace-exact/exact071.gr,140,4298,flip,2,2132.0,,1.0777671337127686,
pace-exact/exact070.gr,140,3014,kapoce,0,1792.0,,42.860713720321655,
pace-exact/exact071.gr,140,4298,lb:greedy,0,,1455.0,0.0109305381774902,
pace-exact/exact072.gr,140,4347,pivot,0,2642.0,,0.0001494884490966,
pace-exact/exact072.gr,140,4347,pivot,1,3030.0,,0.0001158714294433,
pace-exact/exact072.gr,140,4347,pivot,2,3251.0,,9.41753387451172e-05,
pace-exact/exact072.gr,140,4347,pivot50,0,2278.0,,0.0020651817321777,
pace-exact/exact072.gr,140,4347,pivot50,1,2229.0,,0.0180919170379638,
pace-exact/exact072.gr,140,4347,pivot50,2,2382.0,,0.0020146369934082,
pace-exact/exact072.gr,140,4347,vote,0,1967.0,,0.0003364086151123,
pace-exact/exact072.gr,140,4347,vote,1,1967.0,,0.0003201961517333,
pace-exact/exact072.gr,140,4347,vote,2,1967.0,,0.0003700256347656,
pace-exact/exact072.gr,140,4347,louvain,0,1967.0,,0.0009067058563232,
pace-exact/exact072.gr,140,4347,louvain,1,1967.0,,0.0009164810180664,
pace-exact/exact072.gr,140,4347,louvain,2,1967.0,,0.005068302154541,
pace-exact/exact071.gr,140,4298,lb:tri-mwu,0,,2042.312949640288,0.3706464767456054,
pace-exact/exact072.gr,140,4347,leiden,0,2010.0,,0.9175796508789062,
pace-exact/exact072.gr,140,4347,leiden,2,1967.0,,0.0485661029815673,
pace-exact/exact072.gr,140,4347,leiden,1,1967.0,,0.9257917404174804,
pace-exact/exact072.gr,140,4347,mfp,0,4604.0,,0.2182037830352783,
pace-exact/exact072.gr,140,4347,mfp,1,4362.0,,0.1351134777069091,
pace-exact/exact072.gr,140,4347,ins,0,1967.0,,0.0765023231506347,
pace-exact/exact072.gr,140,4347,ins,1,1967.0,,0.0199532508850097,
pace-exact/exact072.gr,140,4347,ins,2,1967.0,,0.019752025604248,
pace-exact/exact072.gr,140,4347,mfp,2,4415.0,,0.1816322803497314,
pace-exact/exact072.gr,140,4347,flip,0,1967.0,,0.6786081790924072,
pace-exact/exact072.gr,140,4347,flip,1,1967.0,,0.7526733875274658,
pace-exact/exact072.gr,140,4347,flip,2,1967.0,,0.6814806461334229,
pace-exact/exact071.gr,140,4298,kapoce,0,2131.0,,56.71379256248474,
pace-exact/exact072.gr,140,4347,lb:greedy,0,,1549.0,0.7076125144958496,
pace-exact/exact072.gr,140,4347,lb:tri-mwu,0,,1941.791519434629,0.4191493988037109,
pace-exact/exact073.gr,140,5137,pivot,0,2524.0,,0.0082757472991943,
pace-exact/exact073.gr,140,5137,pivot,1,3484.0,,0.0001437664031982,
pace-exact/exact073.gr,140,5137,pivot,2,2340.0,,0.0001051425933837,
pace-exact/exact073.gr,140,5137,pivot50,0,1836.0,,0.0026462078094482,
pace-exact/exact073.gr,140,5137,pivot50,1,1872.0,,0.0021240711212158,
pace-exact/exact073.gr,140,5137,pivot50,2,1764.0,,0.0061604976654052,
pace-exact/exact073.gr,140,5137,vote,0,1612.0,,0.0065104961395263,
pace-exact/exact073.gr,140,5137,vote,1,1612.0,,0.0003602504730224,
pace-exact/exact073.gr,140,5137,vote,2,1612.0,,0.0003590583801269,
pace-exact/exact073.gr,140,5137,louvain,0,1612.0,,0.015960693359375,
pace-exact/exact073.gr,140,5137,louvain,1,1612.0,,0.0008904933929443,
pace-exact/exact073.gr,140,5137,louvain,2,1612.0,,0.0008683204650878,
pace-exact/exact073.gr,140,5137,leiden,0,1612.0,,0.9023489952087402,
pace-exact/exact073.gr,140,5137,leiden,1,1612.0,,0.0393767356872558,
pace-exact/exact073.gr,140,5137,leiden,2,1612.0,,0.0333437919616699,
pace-exact/exact073.gr,140,5137,mfp,0,4176.0,,0.23476243019104,
pace-exact/exact073.gr,140,5137,mfp,1,3731.0,,0.218775987625122,
pace-exact/exact073.gr,140,5137,mfp,2,4382.0,,0.2224624156951904,
pace-exact/exact073.gr,140,5137,ins,0,1612.0,,0.7059993743896484,
pace-exact/exact073.gr,140,5137,ins,1,1612.0,,0.0253627300262451,
pace-exact/exact073.gr,140,5137,ins,2,1612.0,,0.0226221084594726,
pace-exact/exact073.gr,140,5137,flip,0,1612.0,,0.5449235439300537,
pace-exact/exact073.gr,140,5137,flip,1,1612.0,,0.5848996639251709,
pace-exact/exact073.gr,140,5137,flip,2,1612.0,,0.5475454330444336,
pace-exact/exact072.gr,140,4347,kapoce,0,1967.0,,50.8879668712616,
pace-exact/exact073.gr,140,5137,lb:greedy,0,,1486.0,0.0183403491973876,
pace-exact/exact073.gr,140,5137,lb:tri-mwu,0,,1607.18661971831,0.3136844635009765,
pace-exact/exact074.gr,140,5550,pivot,0,1723.0,,0.0001807212829589,
pace-exact/exact074.gr,140,5550,pivot,1,4367.0,,0.0001044273376464,
pace-exact/exact074.gr,140,5550,pivot,2,1608.0,,9.03606414794922e-05,
pace-exact/exact074.gr,140,5550,pivot50,0,1071.0,,0.0020368099212646,
pace-exact/exact074.gr,140,5550,pivot50,1,1070.0,,0.0020632743835449,
pace-exact/exact074.gr,140,5550,pivot50,2,1057.0,,0.0103626251220703,
pace-exact/exact074.gr,140,5550,vote,0,995.0,,0.0003085136413574,
pace-exact/exact074.gr,140,5550,vote,1,995.0,,0.0003130435943603,
pace-exact/exact074.gr,140,5550,vote,2,995.0,,0.0043666362762451,
pace-exact/exact074.gr,140,5550,louvain,0,995.0,,0.0009083747863769,
pace-exact/exact074.gr,140,5550,louvain,1,995.0,,0.7036347389221191,
pace-exact/exact074.gr,140,5550,louvain,2,995.0,,0.0009989738464355,
pace-exact/exact074.gr,140,5550,leiden,0,995.0,,0.8946337699890137,
pace-exact/exact074.gr,140,5550,leiden,1,995.0,,0.0352013111114501,
pace-exact/exact074.gr,140,5550,leiden,2,995.0,,0.0343718528747558,
pace-exact/exact074.gr,140,5550,mfp,0,3979.0,,0.3765971660614013,
pace-exact/exact074.gr,140,5550,mfp,1,3254.0,,0.3189699649810791,
pace-exact/exact074.gr,140,5550,mfp,2,4298.0,,0.3175101280212402,
pace-exact/exact074.gr,140,5550,ins,0,995.0,,0.0428409576416015,
pace-exact/exact074.gr,140,5550,ins,1,995.0,,0.0334103107452392,
pace-exact/exact074.gr,140,5550,ins,2,995.0,,0.0359396934509277,
pace-exact/exact074.gr,140,5550,flip,0,995.0,,0.6273066997528076,
pace-exact/exact074.gr,140,5550,flip,1,995.0,,0.6605739593505859,
pace-exact/exact074.gr,140,5550,flip,2,995.0,,0.5673441886901855,
pace-exact/exact074.gr,140,5550,lb:greedy,0,,966.0,0.0283708572387695,
pace-exact/exact074.gr,140,5550,lb:tri-mwu,0,,988.0352112676056,0.2673227787017822,
pace-exact/exact075.gr,144,1191,pivot,0,204.0,,0.000171422958374,
pace-exact/exact075.gr,144,1191,pivot,1,405.0,,8.726119995117188e-05,
pace-exact/exact075.gr,144,1191,pivot,2,377.0,,9.012222290039062e-05,
pace-exact/exact075.gr,144,1191,pivot50,0,132.0,,0.505157470703125,
pace-exact/exact075.gr,144,1191,pivot50,1,132.0,,0.0019733905792236,
pace-exact/exact075.gr,144,1191,pivot50,2,132.0,,0.001889944076538,
pace-exact/exact075.gr,144,1191,vote,0,132.0,,0.0047018527984619,
pace-exact/exact075.gr,144,1191,vote,1,132.0,,0.0001688003540039,
pace-exact/exact075.gr,144,1191,vote,2,139.0,,0.000162124633789,
pace-exact/exact075.gr,144,1191,louvain,0,132.0,,0.0077617168426513,
pace-exact/exact075.gr,144,1191,louvain,1,132.0,,0.0006814002990722,
pace-exact/exact075.gr,144,1191,louvain,2,132.0,,0.000577688217163,
pace-exact/exact075.gr,144,1191,leiden,0,132.0,,0.8699538707733154,
pace-exact/exact075.gr,144,1191,leiden,1,132.0,,0.0079569816589355,
pace-exact/exact075.gr,144,1191,leiden,2,132.0,,0.0070834159851074,
pace-exact/exact075.gr,144,1191,mfp,0,293.0,,0.0387718677520751,
pace-exact/exact075.gr,144,1191,mfp,1,642.0,,0.0199677944183349,
pace-exact/exact075.gr,144,1191,mfp,2,260.0,,0.0209379196166992,
pace-exact/exact075.gr,144,1191,ins,0,132.0,,0.0117096900939941,
pace-exact/exact075.gr,144,1191,ins,1,132.0,,0.0019431114196777,
pace-exact/exact075.gr,144,1191,ins,2,132.0,,0.0019214153289794,
pace-exact/exact075.gr,144,1191,flip,0,132.0,,0.0717658996582031,
pace-exact/exact075.gr,144,1191,flip,1,132.0,,0.0568962097167968,
pace-exact/exact075.gr,144,1191,flip,2,132.0,,0.8437886238098145,
pace-exact/exact075.gr,144,1191,kapoce,0,132.0,,13.105501651763916,
pace-exact/exact075.gr,144,1191,lb:greedy,0,,132.0,0.0081732273101806,
pace-exact/exact075.gr,144,1191,lb:tri-mwu,0,,131.93309859154928,0.0417752265930175,
pace-exact/exact076.gr,144,2216,pivot,0,482.0,,0.0001153945922851,
pace-exact/exact076.gr,144,2216,pivot,1,659.0,,8.273124694824219e-05,
pace-exact/exact076.gr,144,2216,pivot,2,749.0,,7.939338684082031e-05,
pace-exact/exact076.gr,144,2216,pivot50,0,369.0,,0.0060813426971435,
pace-exact/exact076.gr,144,2216,pivot50,1,369.0,,0.00602388381958,
pace-exact/exact076.gr,144,2216,pivot50,2,370.0,,0.0140230655670166,
pace-exact/exact076.gr,144,2216,vote,0,369.0,,0.0002152919769287,
pace-exact/exact076.gr,144,2216,vote,1,369.0,,0.000241994857788,
pace-exact/exact076.gr,144,2216,vote,2,369.0,,0.0002338886260986,
pace-exact/exact076.gr,144,2216,louvain,0,369.0,,0.0006501674652099,
pace-exact/exact076.gr,144,2216,louvain,1,369.0,,0.0006694793701171,
pace-exact/exact076.gr,144,2216,louvain,2,369.0,,0.0006589889526367,
pace-exact/exact076.gr,144,2216,leiden,0,369.0,,0.979071855545044,
pace-exact/exact076.gr,144,2216,leiden,1,369.0,,0.0226860046386718,
pace-exact/exact076.gr,144,2216,leiden,2,369.0,,0.0177645683288574,
pace-exact/exact076.gr,144,2216,mfp,0,1025.0,,0.8733489513397217,
pace-exact/exact076.gr,144,2216,mfp,1,1381.0,,0.0954864025115966,
pace-exact/exact076.gr,144,2216,mfp,2,940.0,,0.0987496376037597,
pace-exact/exact076.gr,144,2216,ins,0,369.0,,0.0344059467315673,
pace-exact/exact076.gr,144,2216,ins,1,369.0,,0.0054719448089599,
pace-exact/exact076.gr,144,2216,ins,2,369.0,,0.0053589344024658,
pace-exact/exact076.gr,144,2216,flip,0,369.0,,0.1791729927062988,
pace-exact/exact076.gr,144,2216,flip,1,369.0,,0.1860761642456054,
pace-exact/exact076.gr,144,2216,flip,2,369.0,,0.2141656875610351,
pace-exact/exact073.gr,140,5137,kapoce,0,1612.0,,51.79782962799072,
pace-exact/exact076.gr,144,2216,lb:greedy,0,,349.0,0.018390417098999,
pace-exact/exact076.gr,144,2216,lb:tri-mwu,0,,367.4823943661972,0.0936822891235351,
pace-exact/exact077.gr,144,3089,pivot,0,116.0,,0.011298656463623,
pace-exact/exact077.gr,144,3089,pivot,1,155.0,,9.441375732421876e-05,
pace-exact/exact077.gr,144,3089,pivot,2,102.0,,8.7738037109375e-05,
pace-exact/exact077.gr,144,3089,pivot50,0,78.0,,0.0024294853210449,
pace-exact/exact077.gr,144,3089,pivot50,1,78.0,,0.0019698143005371,
pace-exact/exact077.gr,144,3089,pivot50,2,79.0,,0.0019454956054687,
pace-exact/exact077.gr,144,3089,vote,0,78.0,,0.0042359828948974,
pace-exact/exact077.gr,144,3089,vote,1,78.0,,0.0002346038818359,
pace-exact/exact077.gr,144,3089,vote,2,78.0,,0.0002143383026123,
pace-exact/exact077.gr,144,3089,louvain,0,78.0,,0.0075817108154296,
pace-exact/exact077.gr,144,3089,louvain,1,78.0,,0.0006895065307617,
pace-exact/exact077.gr,144,3089,louvain,2,78.0,,0.0006909370422363,
pace-exact/exact077.gr,144,3089,leiden,0,78.0,,0.9995181560516356,
pace-exact/exact077.gr,144,3089,leiden,1,78.0,,0.0233545303344726,
pace-exact/exact077.gr,144,3089,leiden,2,78.0,,0.0118052959442138,
pace-exact/exact077.gr,144,3089,mfp,0,173.0,,0.2088158130645752,
pace-exact/exact077.gr,144,3089,mfp,1,319.0,,0.1515445709228515,
pace-exact/exact077.gr,144,3089,ins,0,78.0,,0.0073740482330322,
pace-exact/exact077.gr,144,3089,ins,1,78.0,,0.0072729587554931,
pace-exact/exact077.gr,144,3089,ins,2,78.0,,0.0058200359344482,
pace-exact/exact077.gr,144,3089,flip,0,78.0,,0.0689024925231933,
pace-exact/exact077.gr,144,3089,mfp,2,272.0,,0.2329142093658447,
pace-exact/exact077.gr,144,3089,flip,1,78.0,,0.1052911281585693,
pace-exact/exact077.gr,144,3089,flip,2,78.0,,0.8556728363037109,
pace-exact/exact077.gr,144,3089,lb:greedy,0,,76.0,0.0400671958923339,
pace-exact/exact077.gr,144,3089,lb:tri-mwu,0,,77.98239436619718,0.0425944328308105,
pace-exact/exact078.gr,144,6127,pivot,0,2308.0,,0.0001585483551025,
pace-exact/exact078.gr,144,6127,pivot,1,1288.0,,0.0001032352447509,
pace-exact/exact078.gr,144,6127,pivot,2,1354.0,,0.0001089572906494,
pace-exact/exact078.gr,144,6127,pivot50,0,996.0,,0.0022947788238525,
pace-exact/exact078.gr,144,6127,pivot50,1,867.0,,0.0023355484008789,
pace-exact/exact078.gr,144,6127,pivot50,2,874.0,,0.0024194717407226,
pace-exact/exact078.gr,144,6127,vote,0,854.0,,0.0003652572631835,
pace-exact/exact078.gr,144,6127,vote,1,854.0,,0.0003626346588134,
pace-exact/exact078.gr,144,6127,vote,2,854.0,,0.0003809928894042,
pace-exact/exact078.gr,144,6127,louvain,0,854.0,,0.0010054111480712,
pace-exact/exact078.gr,144,6127,louvain,1,854.0,,0.0009448528289794,
pace-exact/exact078.gr,144,6127,louvain,2,854.0,,0.0011603832244873,
pace-exact/exact078.gr,144,6127,leiden,0,854.0,,0.6751079559326172,
pace-exact/exact078.gr,144,6127,leiden,1,854.0,,0.0406672954559326,
pace-exact/exact078.gr,144,6127,leiden,2,854.0,,0.0460505485534668,
pace-exact/exact078.gr,144,6127,mfp,0,4363.0,,0.5124502182006836,
pace-exact/exact078.gr,144,6127,mfp,1,4188.0,,0.5086855888366699,
pace-exact/exact078.gr,144,6127,mfp,2,2365.0,,1.2151367664337158,
pace-exact/exact078.gr,144,6127,ins,0,854.0,,0.1073415279388427,
pace-exact/exact078.gr,144,6127,ins,1,854.0,,0.0404112339019775,
pace-exact/exact078.gr,144,6127,ins,2,854.0,,0.0363306999206543,
pace-exact/exact078.gr,144,6127,flip,0,854.0,,0.7184269428253174,
pace-exact/exact078.gr,144,6127,flip,1,854.0,,0.7086918354034424,
pace-exact/exact078.gr,144,6127,flip,2,854.0,,0.700385332107544,
pace-exact/exact076.gr,144,2216,kapoce,0,369.0,,30.26392197608948,
pace-exact/exact078.gr,144,6127,lb:greedy,0,,769.0,0.0446152687072753,
pace-exact/exact078.gr,144,6127,lb:tri-mwu,0,,849.5985915492957,0.2176849842071533,
pace-exact/exact079.gr,159,433,pivot,0,70.0,,0.0001463890075683,
pace-exact/exact079.gr,159,433,pivot,1,71.0,,5.8650970458984375e-05,
pace-exact/exact079.gr,159,433,pivot,2,91.0,,4.124641418457031e-05,
pace-exact/exact079.gr,159,433,pivot50,0,53.0,,0.0059893131256103,
pace-exact/exact079.gr,159,433,pivot50,1,58.0,,0.0018281936645507,
pace-exact/exact079.gr,159,433,pivot50,2,56.0,,0.0139546394348144,
pace-exact/exact079.gr,159,433,vote,0,48.0,,0.0001378059387207,
pace-exact/exact079.gr,159,433,vote,1,48.0,,0.6411397457122803,
pace-exact/exact079.gr,159,433,vote,2,48.0,,0.0001971721649169,
pace-exact/exact079.gr,159,433,louvain,0,48.0,,0.0155606269836425,
pace-exact/exact079.gr,159,433,louvain,1,48.0,,0.0005021095275878,
pace-exact/exact079.gr,159,433,louvain,2,48.0,,0.0004308223724365,
pace-exact/exact079.gr,159,433,leiden,0,48.0,,0.8507134914398193,
pace-exact/exact079.gr,159,433,leiden,1,48.0,,0.0156648159027099,
pace-exact/exact079.gr,159,433,leiden,2,48.0,,0.0222337245941162,
pace-exact/exact079.gr,159,433,mfp,0,140.0,,0.0497732162475585,
pace-exact/exact079.gr,159,433,mfp,1,115.0,,0.0025548934936523,
pace-exact/exact079.gr,159,433,mfp,2,124.0,,0.0105097293853759,
pace-exact/exact079.gr,159,433,ins,0,48.0,,0.0143978595733642,
pace-exact/exact079.gr,159,433,ins,1,48.0,,0.0009036064147949,
pace-exact/exact079.gr,159,433,ins,2,48.0,,0.0052695274353027,
pace-exact/exact079.gr,159,433,flip,0,48.0,,0.0333843231201171,
pace-exact/exact079.gr,159,433,flip,1,48.0,,0.0327396392822265,
pace-exact/exact079.gr,159,433,flip,2,48.0,,0.0326035022735595,
pace-exact/exact074.gr,140,5550,kapoce,0,995.0,,54.45809030532837,
pace-exact/exact079.gr,159,433,lb:greedy,0,,47.0,0.0115745067596435,
pace-exact/exact079.gr,159,433,lb:tri-mwu,0,,47.88732394366197,0.0364565849304199,
pace-exact/exact080.gr,159,1152,pivot,0,461.0,,0.0001313686370849,
pace-exact/exact080.gr,159,1152,pivot,1,535.0,,8.082389831542969e-05,
pace-exact/exact080.gr,159,1152,pivot,2,492.0,,7.963180541992188e-05,
pace-exact/exact080.gr,159,1152,pivot50,0,359.0,,0.0101106166839599,
pace-exact/exact080.gr,159,1152,pivot50,1,366.0,,0.0018985271453857,
pace-exact/exact080.gr,159,1152,pivot50,2,385.0,,0.0019350051879882,
pace-exact/exact080.gr,159,1152,vote,0,346.0,,0.0081982612609863,
pace-exact/exact080.gr,159,1152,vote,1,378.0,,0.0001633167266845,
pace-exact/exact080.gr,159,1152,vote,2,397.0,,0.000145673751831,
pace-exact/exact080.gr,159,1152,louvain,0,343.0,,0.0127398967742919,
pace-exact/exact080.gr,159,1152,louvain,1,368.0,,0.000948429107666,
pace-exact/exact080.gr,159,1152,louvain,2,368.0,,0.7809255123138428,
pace-exact/exact080.gr,159,1152,leiden,0,343.0,,0.8220124244689941,
pace-exact/exact080.gr,159,1152,leiden,1,345.0,,0.0113434791564941,
pace-exact/exact080.gr,159,1152,leiden,2,345.0,,0.0082321166992187,
pace-exact/exact080.gr,159,1152,mfp,0,867.0,,0.0358152389526367,
pace-exact/exact080.gr,159,1152,mfp,1,782.0,,0.0109493732452392,
pace-exact/exact080.gr,159,1152,mfp,2,880.0,,0.0099339485168457,
pace-exact/exact080.gr,159,1152,ins,0,342.0,,0.0074756145477294,
pace-exact/exact080.gr,159,1152,ins,1,342.0,,0.0022253990173339,
pace-exact/exact080.gr,159,1152,ins,2,342.0,,0.0021588802337646,
pace-exact/exact080.gr,159,1152,flip,0,342.0,,0.0573725700378418,
pace-exact/exact080.gr,159,1152,flip,1,342.0,,0.0559992790222168,
pace-exact/exact080.gr,159,1152,flip,2,342.0,,0.0870740413665771,
pace-exact/exact079.gr,159,433,kapoce,0,48.0,,10.565393686294556,
pace-exact/exact080.gr,159,1152,lb:greedy,0,,304.0,0.0120232105255126,
pace-exact/exact080.gr,159,1152,lb:tri-mwu,0,,326.2781690140845,0.7999670505523682,
pace-exact/exact081.gr,159,3752,pivot,0,2563.0,,0.0074934959411621,
pace-exact/exact081.gr,159,3752,pivot,1,4639.0,,0.0001046657562255,
pace-exact/exact081.gr,159,3752,pivot,2,2760.0,,9.775161743164062e-05,
pace-exact/exact081.gr,159,3752,pivot50,0,2421.0,,0.0064368247985839,
pace-exact/exact081.gr,159,3752,pivot50,1,2338.0,,0.0062711238861083,
pace-exact/exact081.gr,159,3752,pivot50,2,2129.0,,0.002169132232666,
pace-exact/exact081.gr,159,3752,vote,0,2193.0,,0.0104134082794189,
pace-exact/exact081.gr,159,3752,vote,1,2060.0,,0.000380516052246,
pace-exact/exact081.gr,159,3752,vote,2,2165.0,,0.0003340244293212,
pace-exact/exact081.gr,159,3752,louvain,0,2046.0,,0.0123519897460937,
pace-exact/exact081.gr,159,3752,louvain,1,2060.0,,0.0091581344604492,
pace-exact/exact081.gr,159,3752,louvain,2,2159.0,,0.0010273456573486,
pace-exact/exact081.gr,159,3752,leiden,0,2042.0,,0.981400728225708,
pace-exact/exact081.gr,159,3752,leiden,1,2180.0,,0.0338912010192871,
pace-exact/exact081.gr,159,3752,leiden,2,2152.0,,0.0362014770507812,
pace-exact/exact081.gr,159,3752,mfp,0,4051.0,,0.1186211109161377,
pace-exact/exact081.gr,159,3752,mfp,1,3911.0,,0.1132559776306152,
pace-exact/exact077.gr,144,3089,kapoce,0,78.0,,36.50033617019653,
pace-exact/exact081.gr,159,3752,ins,0,2042.0,,0.0528273582458496,
pace-exact/exact081.gr,159,3752,mfp,2,3847.0,,0.1193020343780517,
pace-exact/exact081.gr,159,3752,ins,1,2043.0,,0.0541229248046875,
pace-exact/exact081.gr,159,3752,ins,2,2046.0,,0.0683314800262451,
pace-exact/exact081.gr,159,3752,flip,0,2042.0,,0.9563217163085938,
pace-exact/exact081.gr,159,3752,flip,1,2042.0,,1.5285909175872805,
pace-exact/exact081.gr,159,3752,flip,2,2042.0,,0.832697868347168,
pace-exact/exact080.gr,159,1152,kapoce,0,342.0,,25.07883644104004,
pace-exact/exact081.gr,159,3752,lb:greedy,0,,1561.0,0.0163884162902832,
pace-exact/exact081.gr,159,3752,lb:tri-mwu,0,,1710.879858657244,0.2604315280914306,
pace-exact/exact082.gr,160,4015,pivot,0,3574.0,,0.0001487731933593,
pace-exact/exact082.gr,160,4015,pivot,1,3409.0,,0.0001008510589599,
pace-exact/exact082.gr,160,4015,pivot,2,3379.0,,0.0001084804534912,
pace-exact/exact082.gr,160,4015,pivot50,0,2987.0,,0.6523895263671875,
pace-exact/exact082.gr,160,4015,pivot50,1,3061.0,,0.0021557807922363,
pace-exact/exact082.gr,160,4015,pivot50,2,3035.0,,0.0063414573669433,
pace-exact/exact082.gr,160,4015,vote,0,2435.0,,0.0133535861968994,
pace-exact/exact082.gr,160,4015,vote,1,2434.0,,0.0045554637908935,
pace-exact/exact082.gr,160,4015,vote,2,2509.0,,0.0044515132904052,
pace-exact/exact082.gr,160,4015,louvain,0,2434.0,,0.0209310054779052,
pace-exact/exact082.gr,160,4015,louvain,1,2434.0,,0.0011518001556396,
pace-exact/exact082.gr,160,4015,louvain,2,2509.0,,0.0054631233215332,
pace-exact/exact082.gr,160,4015,leiden,0,2434.0,,0.8891386985778809,
pace-exact/exact082.gr,160,4015,leiden,1,2542.0,,0.0441148281097412,
pace-exact/exact082.gr,160,4015,leiden,2,2436.0,,0.0592057704925537,
pace-exact/exact082.gr,160,4015,mfp,0,4350.0,,0.1241848468780517,
pace-exact/exact082.gr,160,4015,mfp,1,4426.0,,0.0797381401062011,
pace-exact/exact082.gr,160,4015,mfp,2,4351.0,,0.0824546813964843,
pace-exact/exact082.gr,160,4015,ins,0,2434.0,,0.0483844280242919,
pace-exact/exact082.gr,160,4015,ins,1,2434.0,,0.0382838249206543,
pace-exact/exact082.gr,160,4015,ins,2,2434.0,,0.0389823913574218,
pace-exact/exact082.gr,160,4015,flip,0,2434.0,,0.7148568630218506,
pace-exact/exact082.gr,160,4015,flip,1,2434.0,,0.7435476779937744,
pace-exact/exact082.gr,160,4015,flip,2,2434.0,,1.4202044010162354,
pace-exact/exact078.gr,144,6127,kapoce,0,854.0,,60.103986501693726,
pace-exact/exact081.gr,159,3752,kapoce,0,2042.0,,60.07664680480957,
pace-exact/exact082.gr,160,4015,lb:greedy,0,,1802.0,0.7031893730163574,
pace-exact/exact082.gr,160,4015,lb:tri-mwu,0,,2001.4814814814813,0.4172005653381347,
pace-exact/exact083.gr,160,4259,pivot,0,4274.0,,0.0079705715179443,
pace-exact/exact083.gr,160,4259,pivot,1,4298.0,,0.0001108646392822,
pace-exact/exact083.gr,160,4259,pivot,2,4062.0,,9.894371032714844e-05,
pace-exact/exact083.gr,160,4259,pivot50,0,3731.0,,0.0026822090148925,
pace-exact/exact083.gr,160,4259,pivot50,1,3677.0,,0.0022797584533691,
pace-exact/exact083.gr,160,4259,pivot50,2,3541.0,,0.0021772384643554,
pace-exact/exact083.gr,160,4259,vote,0,2944.0,,0.0046470165252685,
pace-exact/exact083.gr,160,4259,vote,1,2955.0,,0.0006108283996582,
pace-exact/exact083.gr,160,4259,vote,2,2943.0,,0.000514268875122,
pace-exact/exact083.gr,160,4259,louvain,0,2944.0,,0.0078234672546386,
pace-exact/exact083.gr,160,4259,louvain,1,2949.0,,0.0012140274047851,
pace-exact/exact083.gr,160,4259,louvain,2,2943.0,,0.0011548995971679,
pace-exact/exact083.gr,160,4259,leiden,0,2951.0,,0.7504847049713135,
pace-exact/exact083.gr,160,4259,leiden,1,2971.0,,0.0426845550537109,
pace-exact/exact083.gr,160,4259,leiden,2,2974.0,,0.0445091724395751,
pace-exact/exact083.gr,160,4259,mfp,0,4578.0,,0.0910537242889404,
pace-exact/exact083.gr,160,4259,mfp,1,4461.0,,0.0901474952697753,
pace-exact/exact083.gr,160,4259,mfp,2,4466.0,,0.0865638256072998,
pace-exact/exact083.gr,160,4259,ins,1,2961.0,,0.0598170757293701,
pace-exact/exact083.gr,160,4259,ins,2,2947.0,,0.0644357204437255,
pace-exact/exact083.gr,160,4259,ins,0,2946.0,,1.013394117355347,
pace-exact/exact083.gr,160,4259,flip,0,2942.0,,1.3665764331817627,
pace-exact/exact083.gr,160,4259,flip,1,2942.0,,1.125391721725464,
pace-exact/exact083.gr,160,4259,flip,2,2942.0,,1.283627986907959,
pace-exact/exact082.gr,160,4015,kapoce,0,2434.0,,60.0885066986084,
pace-exact/exact083.gr,160,4259,lb:greedy,0,,1849.0,0.0335147380828857,
pace-exact/exact084.gr,160,4436,pivot,0,3632.0,,0.0082364082336425,
pace-exact/exact084.gr,160,4436,pivot,1,2753.0,,0.0001173019409179,
pace-exact/exact084.gr,160,4436,pivot,2,3764.0,,0.0001108646392822,
pace-exact/exact084.gr,160,4436,pivot50,0,2686.0,,0.0023293495178222,
pace-exact/exact084.gr,160,4436,pivot50,1,2655.0,,0.0103650093078613,
pace-exact/exact084.gr,160,4436,pivot50,2,2816.0,,0.0021760463714599,
pace-exact/exact084.gr,160,4436,vote,0,2251.0,,0.0086047649383544,
pace-exact/exact084.gr,160,4436,vote,1,2253.0,,0.0124542713165283,
pace-exact/exact084.gr,160,4436,vote,2,2259.0,,0.0003516674041748,
pace-exact/exact084.gr,160,4436,louvain,0,2251.0,,0.0010979175567626,
pace-exact/exact084.gr,160,4436,louvain,1,2253.0,,0.0010161399841308,
pace-exact/exact084.gr,160,4436,louvain,2,2253.0,,0.0010178089141845,
pace-exact/exact083.gr,160,4259,lb:tri-mwu,0,,2122.296296296296,0.4686281681060791,
pace-exact/exact084.gr,160,4436,leiden,0,2251.0,,1.125683307647705,
pace-exact/exact084.gr,160,4436,leiden,2,2251.0,,0.0514125823974609,
pace-exact/exact084.gr,160,4436,mfp,0,4147.0,,0.2004241943359375,
pace-exact/exact084.gr,160,4436,leiden,1,2256.0,,1.185286283493042,
pace-exact/exact084.gr,160,4436,mfp,1,4607.0,,0.1675703525543213,
pace-exact/exact084.gr,160,4436,mfp,2,4115.0,,0.1801080703735351,
pace-exact/exact084.gr,160,4436,ins,0,2249.0,,0.0733232498168945,
pace-exact/exact084.gr,160,4436,ins,1,2249.0,,0.0615217685699462,
pace-exact/exact084.gr,160,4436,ins,2,2249.0,,0.0892336368560791,
pace-exact/exact084.gr,160,4436,flip,0,2249.0,,1.1680490970611572,
pace-exact/exact084.gr,160,4436,flip,1,2249.0,,1.9286394119262693,
pace-exact/exact084.gr,160,4436,flip,2,2249.0,,1.2373473644256592,
pace-exact/exact083.gr,160,4259,kapoce,0,2939.0,,60.09053826332092,
pace-exact/exact084.gr,160,4436,lb:greedy,0,,1699.0,0.0174603462219238,
pace-exact/exact084.gr,160,4436,lb:tri-mwu,0,,2132.7697841726617,0.3863725662231445,
pace-exact/exact085.gr,160,5705,pivot,0,1808.0,,0.0001671314239501,
pace-exact/exact085.gr,160,5705,pivot,1,2250.0,,0.0001168251037597,
pace-exact/exact085.gr,160,5705,pivot,2,1877.0,,0.0001885890960693,
pace-exact/exact085.gr,160,5705,pivot50,0,1092.0,,0.0021514892578125,
pace-exact/exact085.gr,160,5705,pivot50,1,1152.0,,0.0021150112152099,
pace-exact/exact085.gr,160,5705,pivot50,2,1133.0,,0.0021049976348876,
pace-exact/exact085.gr,160,5705,vote,0,1047.0,,0.0003979206085205,
pace-exact/exact085.gr,160,5705,vote,1,1047.0,,0.0003361701965332,
pace-exact/exact085.gr,160,5705,vote,2,1047.0,,0.0003609657287597,
pace-exact/exact085.gr,160,5705,louvain,0,1047.0,,0.0009748935699462,
pace-exact/exact085.gr,160,5705,louvain,1,1047.0,,0.0009083747863769,
pace-exact/exact085.gr,160,5705,louvain,2,1047.0,,0.8466579914093018,
pace-exact/exact085.gr,160,5705,leiden,0,1047.0,,1.2163333892822266,
pace-exact/exact085.gr,160,5705,leiden,2,1047.0,,0.0538966655731201,
pace-exact/exact085.gr,160,5705,mfp,0,3954.0,,0.5467813014984131,
pace-exact/exact085.gr,160,5705,leiden,1,1047.0,,0.9896557331085204,
pace-exact/exact085.gr,160,5705,mfp,1,3568.0,,0.3850250244140625,
pace-exact/exact085.gr,160,5705,ins,0,1047.0,,0.081573486328125,
pace-exact/exact085.gr,160,5705,ins,1,1047.0,,0.056715965270996,
pace-exact/exact085.gr,160,5705,mfp,2,2272.0,,0.2968816757202148,
pace-exact/exact085.gr,160,5705,ins,2,1047.0,,0.0637128353118896,
pace-exact/exact085.gr,160,5705,flip,0,1047.0,,0.6829788684844971,
pace-exact/exact085.gr,160,5705,flip,1,1047.0,,0.886868953704834,
pace-exact/exact085.gr,160,5705,flip,2,1047.0,,0.7483785152435303,
pace-exact/exact085.gr,160,5705,lb:greedy,0,,934.0,0.0230524539947509,
pace-exact/exact085.gr,160,5705,lb:tri-mwu,0,,1036.9471830985915,0.2183377742767334,
pace-exact/exact086.gr,160,6348,pivot,0,4393.0,,0.0001537799835205,
pace-exact/exact086.gr,160,6348,pivot,1,4438.0,,0.0001156330108642,
pace-exact/exact086.gr,160,6348,pivot,2,4765.0,,9.489059448242188e-05,
pace-exact/exact086.gr,160,6348,pivot50,0,3230.0,,0.0024340152740478,
pace-exact/exact086.gr,160,6348,pivot50,1,3224.0,,0.0065448284149169,
pace-exact/exact086.gr,160,6348,pivot50,2,3094.0,,0.0039329528808593,
pace-exact/exact086.gr,160,6348,vote,0,2839.0,,0.0003938674926757,
pace-exact/exact086.gr,160,6348,vote,1,2839.0,,0.0004043579101562,
pace-exact/exact086.gr,160,6348,vote,2,2838.0,,0.811842679977417,
pace-exact/exact086.gr,160,6348,louvain,0,2838.0,,0.0077993869781494,
pace-exact/exact086.gr,160,6348,louvain,1,2838.0,,0.001138687133789,
pace-exact/exact086.gr,160,6348,louvain,2,2838.0,,0.0010640621185302,
pace-exact/exact086.gr,160,6348,leiden,0,2838.0,,1.2884774208068848,
pace-exact/exact086.gr,160,6348,leiden,1,2838.0,,0.0525684356689453,
pace-exact/exact086.gr,160,6348,leiden,2,2838.0,,0.0456793308258056,
pace-exact/exact084.gr,160,4436,kapoce,0,2249.0,,60.111403465271,
pace-exact/exact086.gr,160,6348,mfp,0,6781.0,,0.4010419845581054,
pace-exact/exact086.gr,160,6348,mfp,1,5681.0,,0.4188709259033203,
pace-exact/exact086.gr,160,6348,ins,0,2838.0,,0.1085076332092285,
pace-exact/exact086.gr,160,6348,mfp,2,6201.0,,0.4173202514648437,
pace-exact/exact086.gr,160,6348,ins,1,2838.0,,0.0757589340209961,
pace-exact/exact086.gr,160,6348,ins,2,2838.0,,1.0878751277923584,
pace-exact/exact086.gr,160,6348,flip,0,2838.0,,1.882871389389038,
pace-exact/exact086.gr,160,6348,flip,1,2838.0,,1.8766822814941408,
pace-exact/exact086.gr,160,6348,flip,2,2838.0,,1.6135177612304688,
pace-exact/exact086.gr,160,6348,lb:greedy,0,,2234.0,0.0900917053222656,
pace-exact/exact086.gr,160,6348,lb:tri-mwu,0,,2799.367491166078,0.7849609851837158,
pace-exact/exact087.gr,160,9200,pivot,0,4481.0,,0.0001745223999023,
pace-exact/exact087.gr,160,9200,pivot,1,3673.0,,0.0001194477081298,
pace-exact/exact087.gr,160,9200,pivot,2,4640.0,,0.000126838684082,
pace-exact/exact087.gr,160,9200,pivot50,0,3431.0,,0.0066499710083007,
pace-exact/exact087.gr,160,9200,pivot50,1,3341.0,,0.0067081451416015,
pace-exact/exact087.gr,160,9200,pivot50,2,3423.0,,0.0067121982574462,
pace-exact/exact087.gr,160,9200,vote,0,3249.0,,0.0005221366882324,
pace-exact/exact087.gr,160,9200,vote,1,3249.0,,0.0004339218139648,
pace-exact/exact087.gr,160,9200,vote,2,3243.0,,0.0004889965057373,
pace-exact/exact087.gr,160,9200,louvain,0,3243.0,,0.005760908126831,
pace-exact/exact087.gr,160,9200,louvain,1,3249.0,,0.00516939163208,
pace-exact/exact087.gr,160,9200,louvain,2,3243.0,,0.005246877670288,
pace-exact/exact087.gr,160,9200,leiden,0,3243.0,,1.0670437812805176,
pace-exact/exact087.gr,160,9200,leiden,1,3243.0,,0.0972487926483154,
pace-exact/exact087.gr,160,9200,leiden,2,3249.0,,0.0595624446868896,
pace-exact/exact087.gr,160,9200,mfp,0,7017.0,,0.9302663803100586,
pace-exact/exact087.gr,160,9200,mfp,1,7338.0,,1.7198336124420166,
pace-exact/exact087.gr,160,9200,mfp,2,7903.0,,1.0850250720977783,
pace-exact/exact087.gr,160,9200,ins,0,3249.0,,0.2246270179748535,
pace-exact/exact087.gr,160,9200,ins,1,3243.0,,0.1022884845733642,
pace-exact/exact087.gr,160,9200,ins,2,3249.0,,0.0983293056488037,
pace-exact/exact087.gr,160,9200,flip,0,3243.0,,1.9608945846557613,
pace-exact/exact087.gr,160,9200,flip,1,3243.0,,1.973605155944824,
pace-exact/exact087.gr,160,9200,flip,2,3249.0,,1.7952239513397217,
pace-exact/exact085.gr,160,5705,kapoce,0,1047.0,,60.12245178222656,
pace-exact/exact086.gr,160,6348,kapoce,0,2838.0,,60.14155507087708,
pace-exact/exact087.gr,160,9200,lb:greedy,0,,2515.0,0.0846180915832519,
pace-exact/exact088.gr,171,936,pivot,0,313.0,,0.0001518726348876,
pace-exact/exact088.gr,171,936,pivot,1,336.0,,8.392333984375e-05,
pace-exact/exact088.gr,171,936,pivot,2,342.0,,6.461143493652344e-05,
pace-exact/exact088.gr,171,936,pivot50,0,230.0,,0.0102083683013916,
pace-exact/exact088.gr,171,936,pivot50,1,226.0,,0.0061898231506347,
pace-exact/exact088.gr,171,936,pivot50,2,229.0,,0.0019869804382324,
pace-exact/exact088.gr,171,936,vote,0,218.0,,0.0001685619354248,
pace-exact/exact088.gr,171,936,vote,1,203.0,,0.0001709461212158,
pace-exact/exact087.gr,160,9200,lb:tri-mwu,0,,3080.0669014084506,0.8549387454986572,
pace-exact/exact088.gr,171,936,louvain,0,204.0,,0.0008578300476074,
pace-exact/exact088.gr,171,936,louvain,1,202.0,,0.0005624294281005,
pace-exact/exact088.gr,171,936,louvain,2,202.0,,0.0006864070892333,
pace-exact/exact088.gr,171,936,vote,2,202.0,,0.8150200843811035,
pace-exact/exact088.gr,171,936,leiden,0,198.0,,1.2996644973754885,
pace-exact/exact088.gr,171,936,leiden,2,198.0,,0.0356326103210449,
pace-exact/exact088.gr,171,936,mfp,0,665.0,,0.0402796268463134,
pace-exact/exact088.gr,171,936,mfp,1,496.0,,0.0283663272857666,
pace-exact/exact088.gr,171,936,mfp,2,659.0,,0.0202646255493164,
pace-exact/exact088.gr,171,936,ins,0,198.0,,0.0020184516906738,
pace-exact/exact088.gr,171,936,ins,1,198.0,,0.0017571449279785,
pace-exact/exact088.gr,171,936,ins,2,198.0,,0.0018787384033203,
pace-exact/exact088.gr,171,936,flip,0,198.0,,0.0746545791625976,
pace-exact/exact088.gr,171,936,flip,1,198.0,,0.0751612186431884,
pace-exact/exact088.gr,171,936,flip,2,198.0,,0.0779824256896972,
pace-exact/exact088.gr,171,936,leiden,1,198.0,,1.4112279415130615,
pace-exact/exact088.gr,171,936,lb:greedy,0,,183.0,0.0203433036804199,
pace-exact/exact088.gr,171,936,lb:tri-mwu,0,,192.16197183098592,0.0479278564453125,
pace-exact/exact089.gr,171,1623,pivot,0,672.0,,0.0001380443572998,
pace-exact/exact089.gr,171,1623,pivot,1,940.0,,6.651878356933594e-05,
pace-exact/exact089.gr,171,1623,pivot,2,767.0,,8.034706115722656e-05,
pace-exact/exact089.gr,171,1623,pivot50,0,650.0,,0.0101845264434814,
pace-exact/exact089.gr,171,1623,pivot50,1,643.0,,0.0101580619812011,
pace-exact/exact089.gr,171,1623,pivot50,2,613.0,,0.010115623474121,
pace-exact/exact089.gr,171,1623,vote,0,546.0,,0.000197410583496,
pace-exact/exact089.gr,171,1623,vote,1,544.0,,0.0002033710479736,
pace-exact/exact089.gr,171,1623,vote,2,540.0,,0.0001821517944335,
pace-exact/exact089.gr,171,1623,louvain,0,544.0,,0.0007686614990234,
pace-exact/exact089.gr,171,1623,louvain,1,544.0,,0.0006394386291503,
pace-exact/exact089.gr,171,1623,louvain,2,536.0,,0.0009074211120605,
pace-exact/exact089.gr,171,1623,leiden,0,542.0,,1.510751485824585,
pace-exact/exact089.gr,171,1623,leiden,1,536.0,,0.034935712814331,
pace-exact/exact089.gr,171,1623,leiden,2,536.0,,0.0486633777618408,
pace-exact/exact089.gr,171,1623,mfp,0,1467.0,,0.0600614547729492,
pace-exact/exact089.gr,171,1623,mfp,1,1387.0,,0.0512092113494873,
pace-exact/exact089.gr,171,1623,mfp,2,1352.0,,1.0076699256896973,
pace-exact/exact089.gr,171,1623,ins,0,534.0,,0.1062240600585937,
pace-exact/exact089.gr,171,1623,ins,1,534.0,,0.0223870277404785,
pace-exact/exact089.gr,171,1623,ins,2,534.0,,0.0124261379241943,
pace-exact/exact089.gr,171,1623,flip,0,534.0,,0.2481913566589355,
pace-exact/exact089.gr,171,1623,flip,1,534.0,,0.2378764152526855,
pace-exact/exact089.gr,171,1623,flip,2,534.0,,0.2468860149383545,
pace-exact/exact089.gr,171,1623,lb:greedy,0,,466.0,0.0093894004821777,
pace-exact/exact089.gr,171,1623,lb:tri-mwu,0,,521.2288732394367,0.0569703578948974,
pace-exact/exact090.gr,171,4211,pivot,0,3147.0,,0.0041780471801757,
pace-exact/exact090.gr,171,4211,pivot,1,2981.0,,0.0001094341278076,
pace-exact/exact090.gr,171,4211,pivot,2,3802.0,,0.0001170635223388,
pace-exact/exact090.gr,171,4211,pivot50,0,2413.0,,0.0022785663604736,
pace-exact/exact090.gr,171,4211,pivot50,1,2464.0,,0.0064098834991455,
pace-exact/exact090.gr,171,4211,pivot50,2,2529.0,,0.0104544162750244,
pace-exact/exact090.gr,171,4211,vote,0,2125.0,,0.0003845691680908,
pace-exact/exact090.gr,171,4211,vote,1,2123.0,,0.000403881072998,
pace-exact/exact090.gr,171,4211,vote,2,2106.0,,0.0044264793395996,
pace-exact/exact090.gr,171,4211,louvain,0,2125.0,,0.9042479991912842,
pace-exact/exact090.gr,171,4211,louvain,1,2123.0,,0.0011656284332275,
pace-exact/exact090.gr,171,4211,louvain,2,2105.0,,0.0051319599151611,
pace-exact/exact090.gr,171,4211,leiden,0,2104.0,,1.0804028511047363,
pace-exact/exact090.gr,171,4211,leiden,1,2107.0,,0.0553846359252929,
pace-exact/exact090.gr,171,4211,leiden,2,2108.0,,0.0664498805999755,
pace-exact/exact090.gr,171,4211,mfp,0,4809.0,,0.2417242527008056,
pace-exact/exact090.gr,171,4211,mfp,1,4444.0,,0.1365280151367187,
pace-exact/exact090.gr,171,4211,mfp,2,4446.0,,0.1049280166625976,
pace-exact/exact090.gr,171,4211,ins,0,2122.0,,0.0848772525787353,
pace-exact/exact090.gr,171,4211,ins,1,2122.0,,0.0958342552185058,
pace-exact/exact090.gr,171,4211,ins,2,2122.0,,0.0860350131988525,
pace-exact/exact090.gr,171,4211,flip,0,2105.0,,1.452615737915039,
pace-exact/exact090.gr,171,4211,flip,1,2104.0,,1.3584721088409424,
pace-exact/exact090.gr,171,4211,flip,2,2105.0,,1.262676239013672,
pace-exact/exact087.gr,160,9200,kapoce,0,3243.0,,60.13211369514465,
pace-exact/exact088.gr,171,936,kapoce,0,198.0,,29.47624158859253,
pace-exact/exact090.gr,171,4211,lb:greedy,0,,1739.0,0.0638859272003173,
pace-exact/exact090.gr,171,4211,lb:tri-mwu,0,,1955.2042253521129,0.3555870056152344,
pace-exact/exact091.gr,180,4602,pivot,0,4143.0,,0.0119919776916503,
pace-exact/exact091.gr,180,4602,pivot,1,4445.0,,0.0001227855682373,
pace-exact/exact091.gr,180,4602,pivot,2,4651.0,,0.0001184940338134,
pace-exact/exact091.gr,180,4602,pivot50,0,3944.0,,0.0029306411743164,
pace-exact/exact091.gr,180,4602,pivot50,1,3985.0,,0.0025351047515869,
pace-exact/exact091.gr,180,4602,pivot50,2,4078.0,,0.0063734054565429,
pace-exact/exact091.gr,180,4602,vote,0,3286.0,,0.0048742294311523,
pace-exact/exact091.gr,180,4602,vote,1,3264.0,,0.0004827976226806,
pace-exact/exact091.gr,180,4602,vote,2,3283.0,,0.0046110153198242,
pace-exact/exact091.gr,180,4602,louvain,0,3261.0,,0.0093278884887695,
pace-exact/exact091.gr,180,4602,louvain,1,3242.0,,0.0013046264648437,
pace-exact/exact091.gr,180,4602,louvain,2,3248.0,,0.0016582012176513,
pace-exact/exact091.gr,180,4602,leiden,0,3236.0,,0.0269966125488281,
pace-exact/exact091.gr,180,4602,leiden,1,3255.0,,0.0231068134307861,
pace-exact/exact091.gr,180,4602,leiden,2,3249.0,,0.0343255996704101,
pace-exact/exact091.gr,180,4602,mfp,0,5092.0,,1.1431472301483154,
pace-exact/exact091.gr,180,4602,mfp,1,5331.0,,0.1281635761260986,
pace-exact/exact091.gr,180,4602,mfp,2,5053.0,,0.0763163566589355,
pace-exact/exact091.gr,180,4602,ins,0,3243.0,,0.1461408138275146,
pace-exact/exact091.gr,180,4602,ins,1,3235.0,,0.0865821838378906,
pace-exact/exact091.gr,180,4602,ins,2,3236.0,,0.0481219291687011,
pace-exact/exact091.gr,180,4602,flip,0,3235.0,,1.1478495597839355,
pace-exact/exact091.gr,180,4602,flip,1,3235.0,,1.3650798797607422,
pace-exact/exact091.gr,180,4602,flip,2,3235.0,,1.452493667602539,
pace-exact/exact089.gr,171,1623,kapoce,0,534.0,,48.58796286582947,
pace-exact/exact091.gr,180,4602,lb:greedy,0,,2108.0,0.0309460163116455,
pace-exact/exact091.gr,180,4602,lb:tri-mwu,0,,2293.188888888889,0.5608744621276855,
pace-exact/exact092.gr,180,6067,pivot,0,4551.0,,0.0001571178436279,
pace-exact/exact092.gr,180,6067,pivot,1,4884.0,,0.0001289844512939,
pace-exact/exact092.gr,180,6067,pivot,2,4567.0,,0.8802731037139893,
pace-exact/exact092.gr,180,6067,pivot50,0,4341.0,,0.0067002773284912,
pace-exact/exact092.gr,180,6067,pivot50,1,4222.0,,0.0065052509307861,
pace-exact/exact092.gr,180,6067,pivot50,2,4108.0,,0.003345251083374,
pace-exact/exact092.gr,180,6067,vote,0,3581.0,,0.0091569423675537,
pace-exact/exact092.gr,180,6067,vote,1,3571.0,,0.0006444454193115,
pace-exact/exact092.gr,180,6067,vote,2,3571.0,,0.000467300415039,
pace-exact/exact092.gr,180,6067,louvain,0,3579.0,,0.008601427078247,
pace-exact/exact092.gr,180,6067,louvain,1,3571.0,,0.0015380382537841,
pace-exact/exact092.gr,180,6067,louvain,2,3571.0,,0.0011940002441406,
pace-exact/exact092.gr,180,6067,leiden,0,3570.0,,1.0522940158843994,
pace-exact/exact092.gr,180,6067,leiden,1,3573.0,,0.088503360748291,
pace-exact/exact092.gr,180,6067,leiden,2,3576.0,,0.0487735271453857,
pace-exact/exact092.gr,180,6067,mfp,0,6361.0,,0.2500813007354736,
pace-exact/exact092.gr,180,6067,mfp,1,6999.0,,0.2088441848754882,
pace-exact/exact092.gr,180,6067,mfp,2,6159.0,,0.1638314723968505,
pace-exact/exact092.gr,180,6067,ins,0,3563.0,,0.0833737850189209,
pace-exact/exact092.gr,180,6067,ins,1,3563.0,,0.064852237701416,
pace-exact/exact092.gr,180,6067,ins,2,3563.0,,0.0988466739654541,
pace-exact/exact092.gr,180,6067,flip,0,3563.0,,1.858426570892334,
pace-exact/exact092.gr,180,6067,flip,1,3563.0,,2.520019769668579,
pace-exact/exact092.gr,180,6067,flip,2,3563.0,,1.6760640144348145,
pace-exact/exact090.gr,171,4211,kapoce,0,2104.0,,60.09812664985657,
pace-exact/exact092.gr,180,6067,lb:greedy,0,,2438.0,0.0334806442260742,
pace-exact/exact092.gr,180,6067,lb:tri-mwu,0,,3024.366666666667,0.7862601280212402,
pace-exact/exact093.gr,180,6502,pivot,0,5486.0,,0.0001583099365234,
pace-exact/exact093.gr,180,6502,pivot,1,5195.0,,0.000129222869873,
pace-exact/exact093.gr,180,6502,pivot,2,4927.0,,9.393692016601562e-05,
pace-exact/exact093.gr,180,6502,pivot50,0,4859.0,,0.0024640560150146,
pace-exact/exact093.gr,180,6502,pivot50,1,4977.0,,0.0025057792663574,
pace-exact/exact093.gr,180,6502,pivot50,2,4528.0,,0.0024998188018798,
pace-exact/exact093.gr,180,6502,vote,0,3861.0,,0.0005152225494384,
pace-exact/exact093.gr,180,6502,vote,1,3842.0,,0.0004541873931884,
pace-exact/exact093.gr,180,6502,vote,2,3842.0,,1.0185916423797607,
pace-exact/exact093.gr,180,6502,louvain,0,3859.0,,0.0202887058258056,
pace-exact/exact093.gr,180,6502,louvain,1,3842.0,,0.0012712478637695,
pace-exact/exact093.gr,180,6502,louvain,2,3842.0,,0.0012915134429931,
pace-exact/exact093.gr,180,6502,leiden,0,3860.0,,0.8218874931335449,
pace-exact/exact093.gr,180,6502,leiden,1,3844.0,,0.0584902763366699,
pace-exact/exact093.gr,180,6502,leiden,2,3861.0,,0.0571510791778564,
pace-exact/exact093.gr,180,6502,mfp,0,6475.0,,0.3575751781463623,
pace-exact/exact093.gr,180,6502,mfp,1,6977.0,,0.2593951225280761,
pace-exact/exact093.gr,180,6502,mfp,2,6470.0,,0.1854832172393798,
pace-exact/exact093.gr,180,6502,ins,0,3842.0,,0.1247575283050537,
pace-exact/exact093.gr,180,6502,ins,1,3842.0,,0.0958259105682373,
pace-exact/exact093.gr,180,6502,ins,2,3861.0,,0.08498215675354,
pace-exact/exact093.gr,180,6502,flip,0,3842.0,,1.6599526405334473,
pace-exact/exact093.gr,180,6502,flip,1,3842.0,,1.4914836883544922,
pace-exact/exact093.gr,180,6502,flip,2,3842.0,,1.4337470531463623,
pace-exact/exact091.gr,180,4602,kapoce,0,3234.0,,60.11229872703552,
pace-exact/exact092.gr,180,6067,kapoce,0,3563.0,,60.09844994544983,
pace-exact/exact093.gr,180,6502,lb:greedy,0,,2704.0,0.0253441333770751,
pace-exact/exact093.gr,180,6502,lb:tri-mwu,0,,3240.659259259259,0.875572681427002,
pace-exact/exact094.gr,180,6894,pivot,0,3720.0,,0.0005948543548583,
pace-exact/exact094.gr,180,6894,pivot,1,5364.0,,9.775161743164062e-05,
pace-exact/exact094.gr,180,6894,pivot,2,5064.0,,0.0001168251037597,
pace-exact/exact094.gr,180,6894,pivot50,0,3447.0,,0.0026538372039794,
pace-exact/exact094.gr,180,6894,pivot50,1,3380.0,,0.0024287700653076,
pace-exact/exact094.gr,180,6894,pivot50,2,3642.0,,0.0024785995483398,
pace-exact/exact094.gr,180,6894,vote,0,2763.0,,0.000436782836914,
pace-exact/exact094.gr,180,6894,vote,1,2764.0,,0.9156200885772704,
pace-exact/exact094.gr,180,6894,vote,2,2771.0,,0.0005300045013427,
pace-exact/exact094.gr,180,6894,louvain,0,2763.0,,0.0326640605926513,
pace-exact/exact094.gr,180,6894,louvain,1,2764.0,,0.0093014240264892,
pace-exact/exact094.gr,180,6894,louvain,2,2771.0,,0.0011541843414306,
pace-exact/exact094.gr,180,6894,leiden,0,2764.0,,1.4355416297912598,
pace-exact/exact094.gr,180,6894,leiden,1,2763.0,,0.0547332763671875,
pace-exact/exact094.gr,180,6894,leiden,2,2771.0,,0.0564756393432617,
pace-exact/exact094.gr,180,6894,mfp,0,5984.0,,0.3559551239013672,
pace-exact/exact094.gr,180,6894,mfp,1,5712.0,,0.4122903347015381,
pace-exact/exact094.gr,180,6894,mfp,2,6945.0,,0.3470239639282226,
pace-exact/exact094.gr,180,6894,ins,0,2771.0,,0.0990033149719238,
pace-exact/exact094.gr,180,6894,ins,1,2771.0,,0.0818619728088378,
pace-exact/exact094.gr,180,6894,ins,2,2771.0,,0.0836958885192871,
pace-exact/exact094.gr,180,6894,flip,0,2763.0,,0.986658811569214,
pace-exact/exact094.gr,180,6894,flip,1,2763.0,,1.5471243858337402,
pace-exact/exact094.gr,180,6894,flip,2,2763.0,,1.447779893875122,
pace-exact/exact094.gr,180,6894,lb:greedy,0,,2312.0,0.0329875946044921,
pace-exact/exact094.gr,180,6894,lb:tri-mwu,0,,2732.9718309859154,0.6094772815704346,
pace-exact/exact095.gr,180,7945,pivot,0,916.0,,0.0001497268676757,
pace-exact/exact095.gr,180,7945,pivot,1,970.0,,0.9219822883605956,
pace-exact/exact095.gr,180,7945,pivot,2,692.0,,0.0001435279846191,
pace-exact/exact095.gr,180,7945,pivot50,0,358.0,,0.0081927776336669,
pace-exact/exact095.gr,180,7945,pivot50,1,358.0,,0.00276780128479,
pace-exact/exact095.gr,180,7945,pivot50,2,358.0,,0.006453514099121,
pace-exact/exact095.gr,180,7945,vote,0,358.0,,0.005141258239746,
pace-exact/exact095.gr,180,7945,vote,1,358.0,,0.0003836154937744,
pace-exact/exact095.gr,180,7945,vote,2,358.0,,0.0003604888916015,
pace-exact/exact095.gr,180,7945,louvain,0,358.0,,0.0084338188171386,
pace-exact/exact095.gr,180,7945,louvain,1,358.0,,0.0010318756103515,
pace-exact/exact095.gr,180,7945,louvain,2,358.0,,0.0010209083557128,
pace-exact/exact095.gr,180,7945,leiden,0,358.0,,1.018883228302002,
pace-exact/exact095.gr,180,7945,leiden,1,358.0,,0.0449318885803222,
pace-exact/exact095.gr,180,7945,leiden,2,358.0,,0.1541006565093994,
pace-exact/exact095.gr,180,7945,mfp,0,2367.0,,0.8827109336853027,
pace-exact/exact095.gr,180,7945,mfp,1,816.0,,0.9190843105316162,
pace-exact/exact093.gr,180,6502,kapoce,0,3842.0,,60.11173176765442,
pace-exact/exact095.gr,180,7945,ins,0,358.0,,0.0437166690826416,
pace-exact/exact095.gr,180,7945,ins,1,358.0,,0.0474166870117187,
pace-exact/exact095.gr,180,7945,ins,2,358.0,,0.0278277397155761,
pace-exact/exact095.gr,180,7945,mfp,2,2935.0,,0.9562346935272216,
pace-exact/exact095.gr,180,7945,flip,0,358.0,,0.6845242977142334,
pace-exact/exact095.gr,180,7945,flip,1,358.0,,0.7445979118347168,
pace-exact/exact095.gr,180,7945,flip,2,358.0,,0.7853779792785645,
pace-exact/exact095.gr,180,7945,lb:greedy,0,,344.0,0.0551555156707763,
pace-exact/exact095.gr,180,7945,lb:tri-mwu,0,,357.78521126760563,1.1269328594207764,
pace-exact/exact096.gr,180,9833,pivot,0,5104.0,,0.0121200084686279,
pace-exact/exact096.gr,180,9833,pivot,1,6419.0,,0.0001356601715087,
pace-exact/exact096.gr,180,9833,pivot,2,5674.0,,0.0001404285430908,
pace-exact/exact096.gr,180,9833,pivot50,0,3908.0,,0.0028913021087646,
pace-exact/exact096.gr,180,9833,pivot50,1,4096.0,,0.002681016921997,
pace-exact/exact096.gr,180,9833,pivot50,2,3988.0,,0.0030837059020996,
pace-exact/exact096.gr,180,9833,vote,0,3508.0,,0.0051724910736083,
pace-exact/exact096.gr,180,9833,vote,1,3508.0,,0.0004446506500244,
pace-exact/exact096.gr,180,9833,vote,2,3506.0,,0.0005230903625488,
pace-exact/exact096.gr,180,9833,louvain,0,3506.0,,0.0139079093933105,
pace-exact/exact096.gr,180,9833,louvain,1,3508.0,,0.0012648105621337,
pace-exact/exact096.gr,180,9833,louvain,2,3506.0,,0.0012624263763427,
pace-exact/exact096.gr,180,9833,leiden,0,3506.0,,1.105599880218506,
pace-exact/exact096.gr,180,9833,leiden,1,3506.0,,0.0708749294281005,
pace-exact/exact096.gr,180,9833,leiden,2,3508.0,,0.0728986263275146,
pace-exact/exact096.gr,180,9833,mfp,0,5775.0,,1.091517686843872,
pace-exact/exact096.gr,180,9833,mfp,1,8091.0,,0.7185356616973877,
pace-exact/exact096.gr,180,9833,mfp,2,8299.0,,0.8858704566955566,
pace-exact/exact096.gr,180,9833,ins,0,3506.0,,0.2035543918609619,
pace-exact/exact096.gr,180,9833,ins,1,3506.0,,0.8342571258544922,
pace-exact/exact096.gr,180,9833,ins,2,3506.0,,0.1733577251434326,
pace-exact/exact096.gr,180,9833,flip,0,3506.0,,3.0304198265075684,
pace-exact/exact096.gr,180,9833,flip,1,3506.0,,2.783416986465454,
pace-exact/exact096.gr,180,9833,flip,2,3506.0,,2.939021587371826,
pace-exact/exact094.gr,180,6894,kapoce,0,2763.0,,60.12061357498169,
pace-exact/exact096.gr,180,9833,lb:greedy,0,,2673.0,0.0838534832000732,
pace-exact/exact096.gr,180,9833,lb:tri-mwu,0,,3461.426056338028,1.226609230041504,
pace-exact/exact097.gr,184,468,pivot,0,150.0,,1.037121295928955,
pace-exact/exact097.gr,184,468,pivot,1,175.0,,0.0001406669616699,
pace-exact/exact097.gr,184,468,pivot,2,167.0,,0.0001242160797119,
pace-exact/exact097.gr,184,468,pivot50,0,106.0,,0.0021500587463378,
pace-exact/exact097.gr,184,468,pivot50,1,113.0,,0.0020396709442138,
pace-exact/exact097.gr,184,468,pivot50,2,106.0,,0.0062711238861083,
pace-exact/exact097.gr,184,468,vote,0,98.0,,0.0087733268737792,
pace-exact/exact097.gr,184,468,vote,1,95.0,,0.0002236366271972,
pace-exact/exact097.gr,184,468,vote,2,96.0,,0.0001361370086669,
pace-exact/exact097.gr,184,468,louvain,0,97.0,,0.0158421993255615,
pace-exact/exact097.gr,184,468,louvain,1,95.0,,0.0005290508270263,
pace-exact/exact097.gr,184,468,louvain,2,96.0,,0.0005123615264892,
pace-exact/exact097.gr,184,468,leiden,0,96.0,,1.1344287395477295,
pace-exact/exact097.gr,184,468,leiden,1,97.0,,0.0108447074890136,
pace-exact/exact097.gr,184,468,leiden,2,96.0,,0.0106425285339355,
pace-exact/exact097.gr,184,468,mfp,0,302.0,,0.062230110168457,
pace-exact/exact097.gr,184,468,mfp,1,269.0,,0.0106682777404785,
pace-exact/exact097.gr,184,468,mfp,2,337.0,,0.0065500736236572,
pace-exact/exact097.gr,184,468,ins,0,95.0,,0.0194365978240966,
pace-exact/exact097.gr,184,468,ins,1,95.0,,0.0010604858398437,
pace-exact/exact097.gr,184,468,ins,2,96.0,,1.054121494293213,
pace-exact/exact097.gr,184,468,flip,0,95.0,,0.0623924732208251,
pace-exact/exact097.gr,184,468,flip,1,95.0,,0.0578250885009765,
pace-exact/exact097.gr,184,468,flip,2,95.0,,0.0576210021972656,
pace-exact/exact095.gr,180,7945,kapoce,0,358.0,,60.12216806411743,
pace-exact/exact097.gr,184,468,lb:greedy,0,,84.0,0.0166788101196289,
pace-exact/exact097.gr,184,468,lb:tri-mwu,0,,91.44014084507042,0.0377326011657714,
pace-exact/exact098.gr,184,699,pivot,0,370.0,,0.0001277923583984,
pace-exact/exact098.gr,184,699,pivot,1,415.0,,0.7371766567230225,
pace-exact/exact098.gr,184,699,pivot,2,397.0,,0.0001266002655029,
pace-exact/exact098.gr,184,699,pivot50,0,290.0,,0.0021033287048339,
pace-exact/exact098.gr,184,699,pivot50,1,273.0,,0.0020241737365722,
pace-exact/exact098.gr,184,699,pivot50,2,274.0,,0.0020482540130615,
pace-exact/exact098.gr,184,699,vote,0,233.0,,0.0089564323425292,
pace-exact/exact098.gr,184,699,vote,1,243.0,,0.0001916885375976,
pace-exact/exact098.gr,184,699,vote,2,239.0,,0.0001666545867919,
pace-exact/exact098.gr,184,699,louvain,0,233.0,,0.0202150344848632,
pace-exact/exact098.gr,184,699,louvain,1,233.0,,0.0006611347198486,
pace-exact/exact098.gr,184,699,louvain,2,239.0,,0.0006115436553955,
pace-exact/exact098.gr,184,699,leiden,0,226.0,,1.3719875812530518,
pace-exact/exact098.gr,184,699,leiden,1,233.0,,0.0285923480987548,
pace-exact/exact098.gr,184,699,leiden,2,228.0,,0.0228829383850097,
pace-exact/exact098.gr,184,699,mfp,0,545.0,,0.0546503067016601,
pace-exact/exact098.gr,184,699,mfp,1,631.0,,0.0119955539703369,
pace-exact/exact098.gr,184,699,mfp,2,584.0,,0.0119526386260986,
pace-exact/exact098.gr,184,699,ins,0,228.0,,0.0211424827575683,
pace-exact/exact098.gr,184,699,ins,1,226.0,,0.0016906261444091,
pace-exact/exact098.gr,184,699,ins,2,228.0,,0.0016651153564453,
pace-exact/exact098.gr,184,699,flip,0,226.0,,1.1842873096466064,
pace-exact/exact098.gr,184,699,flip,1,226.0,,0.0570762157440185,
pace-exact/exact098.gr,184,699,flip,2,226.0,,0.0710911750793457,
pace-exact/exact097.gr,184,468,kapoce,0,95.0,,18.536344051361084,
pace-exact/exact098.gr,184,699,lb:greedy,0,,189.0,0.0162372589111328,
pace-exact/exact098.gr,184,699,lb:tri-mwu,0,,209.0950704225352,0.055826187133789,
pace-exact/exact099.gr,184,1367,pivot,0,799.0,,0.000119924545288,
pace-exact/exact099.gr,184,1367,pivot,1,836.0,,8.320808410644531e-05,
pace-exact/exact099.gr,184,1367,pivot,2,1043.0,,6.055831909179688e-05,
pace-exact/exact099.gr,184,1367,pivot50,0,799.0,,0.002227783203125,
pace-exact/exact099.gr,184,1367,pivot50,1,797.0,,0.0068211555480957,
pace-exact/exact099.gr,184,1367,pivot50,2,836.0,,0.0109424591064453,
pace-exact/exact099.gr,184,1367,vote,0,651.0,,0.000256061553955,
pace-exact/exact099.gr,184,1367,vote,1,657.0,,0.0002322196960449,
pace-exact/exact099.gr,184,1367,vote,2,667.0,,0.0001895427703857,
pace-exact/exact099.gr,184,1367,louvain,0,651.0,,0.0007979869842529,
pace-exact/exact099.gr,184,1367,louvain,1,657.0,,0.0006635189056396,
pace-exact/exact099.gr,184,1367,louvain,2,654.0,,0.0007691383361816,
pace-exact/exact099.gr,184,1367,leiden,0,654.0,,1.378044605255127,
pace-exact/exact099.gr,184,1367,leiden,1,653.0,,0.0564081668853759,
pace-exact/exact099.gr,184,1367,leiden,2,651.0,,1.427520751953125,
pace-exact/exact099.gr,184,1367,mfp,0,1356.0,,0.1334209442138672,
pace-exact/exact099.gr,184,1367,mfp,1,1432.0,,0.0353715419769287,
pace-exact/exact099.gr,184,1367,mfp,2,1332.0,,0.0341172218322753,
pace-exact/exact099.gr,184,1367,ins,0,651.0,,0.0942683219909668,
pace-exact/exact099.gr,184,1367,ins,1,651.0,,0.0123963356018066,
pace-exact/exact099.gr,184,1367,ins,2,652.0,,0.0168647766113281,
pace-exact/exact099.gr,184,1367,flip,0,650.0,,0.2636075019836426,
pace-exact/exact099.gr,184,1367,flip,1,650.0,,0.1690881252288818,
pace-exact/exact099.gr,184,1367,flip,2,650.0,,0.2880246639251709,
pace-exact/exact098.gr,184,699,kapoce,0,226.0,,25.644365549087524,
pace-exact/exact099.gr,184,1367,lb:greedy,0,,515.0,0.009188175201416,
pace-exact/exact099.gr,184,1367,lb:tri-mwu,0,,567.4929577464789,0.072016954421997,
pace-exact/exact100.gr,184,4953,pivot,0,4119.0,,0.0001657009124755,
pace-exact/exact100.gr,184,4953,pivot,1,3828.0,,0.0001027584075927,
pace-exact/exact100.gr,184,4953,pivot,2,4070.0,,9.369850158691406e-05,
pace-exact/exact100.gr,184,4953,pivot50,0,3518.0,,0.0024318695068359,
pace-exact/exact100.gr,184,4953,pivot50,1,3305.0,,0.0024564266204833,
pace-exact/exact100.gr,184,4953,pivot50,2,3409.0,,0.0023913383483886,
pace-exact/exact100.gr,184,4953,vote,0,2741.0,,0.0003969669342041,
pace-exact/exact100.gr,184,4953,vote,1,2737.0,,0.0003721714019775,
pace-exact/exact100.gr,184,4953,vote,2,2736.0,,0.0003662109375,
pace-exact/exact100.gr,184,4953,louvain,0,2736.0,,0.0015254020690917,
pace-exact/exact100.gr,184,4953,louvain,1,2736.0,,0.0011341571807861,
pace-exact/exact100.gr,184,4953,louvain,2,2736.0,,1.0191683769226074,
pace-exact/exact100.gr,184,4953,leiden,0,2743.0,,1.5311994552612305,
pace-exact/exact100.gr,184,4953,leiden,1,2736.0,,0.0948169231414794,
pace-exact/exact100.gr,184,4953,leiden,2,2736.0,,0.1400785446166992,
pace-exact/exact100.gr,184,4953,mfp,0,5427.0,,0.2974052429199219,
pace-exact/exact100.gr,184,4953,mfp,1,5821.0,,0.2046148777008056,
pace-exact/exact100.gr,184,4953,mfp,2,5188.0,,0.1954290866851806,
pace-exact/exact100.gr,184,4953,ins,0,2736.0,,0.1037745475769043,
pace-exact/exact100.gr,184,4953,ins,1,2736.0,,0.0879998207092285,
pace-exact/exact100.gr,184,4953,ins,2,2736.0,,0.0894422531127929,
pace-exact/exact100.gr,184,4953,flip,0,2736.0,,2.2726707458496094,
pace-exact/exact100.gr,184,4953,flip,1,2736.0,,2.4169979095458984,
pace-exact/exact096.gr,180,9833,kapoce,0,3506.0,,60.13000679016113,
pace-exact/exact100.gr,184,4953,flip,2,2736.0,,2.3931660652160645,
pace-exact/exact099.gr,184,1367,kapoce,0,650.0,,49.17381978034973,
pace-exact/exact100.gr,184,4953,lb:greedy,0,,2088.0,0.0274629592895507,
pace-exact/exact100.gr,184,4953,lb:tri-mwu,0,,2427.963503649635,0.5680592060089111,
pace-exact/exact101.gr,200,6731,pivot,0,5938.0,,0.0001728534698486,
pace-exact/exact101.gr,200,6731,pivot,1,5786.0,,0.0001287460327148,
pace-exact/exact101.gr,200,6731,pivot,2,6185.0,,0.0001177787780761,
pace-exact/exact101.gr,200,6731,pivot50,0,5359.0,,0.0106332302093505,
pace-exact/exact101.gr,200,6731,pivot50,1,5104.0,,0.0025691986083984,
pace-exact/exact101.gr,200,6731,pivot50,2,5376.0,,0.0025479793548583,
pace-exact/exact101.gr,200,6731,vote,0,4199.0,,0.000795841217041,
pace-exact/exact101.gr,200,6731,vote,1,4199.0,,0.0005116462707519,
pace-exact/exact101.gr,200,6731,vote,2,4198.0,,0.0006022453308105,
pace-exact/exact101.gr,200,6731,louvain,0,4199.0,,0.0015454292297363,
pace-exact/exact101.gr,200,6731,louvain,1,4199.0,,0.0053534507751464,
pace-exact/exact101.gr,200,6731,louvain,2,4198.0,,0.7795250415802002,
pace-exact/exact101.gr,200,6731,leiden,0,4323.0,,1.05712628364563,
pace-exact/exact101.gr,200,6731,leiden,1,4201.0,,0.059842824935913,
pace-exact/exact101.gr,200,6731,leiden,2,4354.0,,0.0863347053527832,
pace-exact/exact101.gr,200,6731,mfp,0,7191.0,,0.3887126445770263,
pace-exact/exact101.gr,200,6731,mfp,1,7099.0,,0.2591326236724853,
pace-exact/exact101.gr,200,6731,ins,0,4198.0,,0.1183950901031494,
pace-exact/exact101.gr,200,6731,mfp,2,7910.0,,0.2862510681152344,
pace-exact/exact101.gr,200,6731,ins,1,4199.0,,0.1472144126892089,
pace-exact/exact101.gr,200,6731,ins,2,4198.0,,0.1946380138397216,
pace-exact/exact101.gr,200,6731,flip,1,4198.0,,2.184298753738404,
pace-exact/exact101.gr,200,6731,flip,0,4198.0,,2.2785277366638184,
pace-exact/exact101.gr,200,6731,flip,2,4198.0,,2.186329126358032,
pace-exact/exact100.gr,184,4953,kapoce,0,2736.0,,60.104219913482666,
pace-exact/exact101.gr,200,6731,lb:greedy,0,,2817.0,0.0387887954711914,
pace-exact/exact102.gr,200,6746,pivot,0,5976.0,,0.0001671314239501,
pace-exact/exact102.gr,200,6746,pivot,1,5090.0,,0.0001165866851806,
pace-exact/exact102.gr,200,6746,pivot,2,5503.0,,0.0001106262207031,
pace-exact/exact102.gr,200,6746,pivot50,0,5163.0,,0.0025265216827392,
pace-exact/exact101.gr,200,6731,lb:tri-mwu,0,,3354.3444444444444,0.789543867111206,
pace-exact/exact102.gr,200,6746,pivot50,1,4660.0,,0.0187399387359619,
pace-exact/exact102.gr,200,6746,pivot50,2,5160.0,,0.0066578388214111,
pace-exact/exact102.gr,200,6746,vote,1,3929.0,,0.0005054473876953,
pace-exact/exact102.gr,200,6746,vote,0,3926.0,,0.0005438327789306,
pace-exact/exact102.gr,200,6746,vote,2,4223.0,,0.0004398822784423,
pace-exact/exact102.gr,200,6746,louvain,0,3925.0,,0.001328706741333,
pace-exact/exact102.gr,200,6746,louvain,1,3929.0,,0.0012202262878417,
pace-exact/exact102.gr,200,6746,louvain,2,3929.0,,0.0020680427551269,
pace-exact/exact102.gr,200,6746,leiden,0,3929.0,,0.9508979320526124,
pace-exact/exact102.gr,200,6746,leiden,2,3963.0,,0.0900943279266357,
pace-exact/exact102.gr,200,6746,mfp,0,7365.0,,0.1861553192138672,
pace-exact/exact102.gr,200,6746,mfp,1,6772.0,,0.2558896541595459,
pace-exact/exact102.gr,200,6746,mfp,2,7278.0,,0.3213343620300293,
pace-exact/exact102.gr,200,6746,ins,0,3925.0,,0.1133491992950439,
pace-exact/exact102.gr,200,6746,leiden,1,3925.0,,1.517540454864502,
pace-exact/exact102.gr,200,6746,ins,2,3925.0,,0.0720455646514892,
pace-exact/exact102.gr,200,6746,ins,1,3925.0,,1.1897962093353271,
pace-exact/exact102.gr,200,6746,flip,0,3925.0,,1.7520711421966553,
pace-exact/exact102.gr,200,6746,flip,1,3925.0,,1.6136953830718994,
pace-exact/exact102.gr,200,6746,flip,2,3925.0,,2.04611873626709,
pace-exact/exact101.gr,200,6731,kapoce,0,4198.0,,60.12192416191101,
pace-exact/exact102.gr,200,6746,lb:greedy,0,,2869.0,0.0369601249694824,
pace-exact/exact103.gr,200,7081,pivot,0,6546.0,,0.0001618862152099,
pace-exact/exact103.gr,200,7081,pivot,1,6948.0,,0.0001533031463623,
pace-exact/exact103.gr,200,7081,pivot,2,6358.0,,0.000105857849121,
pace-exact/exact103.gr,200,7081,pivot50,0,5604.0,,0.0110163688659667,
pace-exact/exact103.gr,200,7081,pivot50,1,5513.0,,0.0025701522827148,
pace-exact/exact102.gr,200,6746,lb:tri-mwu,0,,3362.4222222222224,1.0157368183135986,
pace-exact/exact103.gr,200,7081,vote,0,4681.0,,0.0007009506225585,
pace-exact/exact103.gr,200,7081,vote,1,4580.0,,0.0006468296051025,
pace-exact/exact103.gr,200,7081,vote,2,4678.0,,0.000666856765747,
pace-exact/exact103.gr,200,7081,louvain,0,4670.0,,0.0020825862884521,
pace-exact/exact103.gr,200,7081,louvain,1,4575.0,,0.0019755363464355,
pace-exact/exact103.gr,200,7081,louvain,2,4676.0,,0.0015709400177001,
pace-exact/exact103.gr,200,7081,leiden,0,4604.0,,0.0805144309997558,
pace-exact/exact103.gr,200,7081,pivot50,2,5628.0,,1.1368193626403809,
pace-exact/exact103.gr,200,7081,leiden,1,4577.0,,1.1531455516815186,
pace-exact/exact103.gr,200,7081,leiden,2,4686.0,,1.5272984504699707,
pace-exact/exact103.gr,200,7081,mfp,0,7469.0,,0.2877988815307617,
pace-exact/exact103.gr,200,7081,mfp,1,7787.0,,0.2963831424713135,
pace-exact/exact103.gr,200,7081,mfp,2,8248.0,,0.3108103275299072,
pace-exact/exact103.gr,200,7081,ins,0,4573.0,,0.1146836280822753,
pace-exact/exact103.gr,200,7081,ins,2,4572.0,,0.1565284729003906,
pace-exact/exact103.gr,200,7081,ins,1,4587.0,,0.2035448551177978,
pace-exact/exact103.gr,200,7081,flip,0,4572.0,,2.890395402908325,
pace-exact/exact103.gr,200,7081,flip,1,4572.0,,2.88791298866272,
pace-exact/exact103.gr,200,7081,flip,2,4572.0,,2.5956244468688965,
pace-exact/exact103.gr,200,7081,lb:greedy,0,,3047.0,0.0345046520233154,
pace-exact/exact102.gr,200,6746,kapoce,0,3925.0,,60.1419939994812,
pace-exact/exact104.gr,200,9968,pivot,0,7288.0,,0.0001466274261474,
pace-exact/exact104.gr,200,9968,pivot,1,6483.0,,0.0001354217529296,
pace-exact/exact104.gr,200,9968,pivot,2,5856.0,,0.0001099109649658,
pace-exact/exact104.gr,200,9968,pivot50,0,4889.0,,0.002760887145996,
pace-exact/exact104.gr,200,9968,pivot50,1,5193.0,,0.0028960704803466,
pace-exact/exact104.gr,200,9968,pivot50,2,5106.0,,0.0028064250946044,
pace-exact/exact104.gr,200,9968,vote,0,4471.0,,0.0006399154663085,
pace-exact/exact104.gr,200,9968,vote,1,4471.0,,0.0005800724029541,
pace-exact/exact104.gr,200,9968,vote,2,4469.0,,0.0004935264587402,
pace-exact/exact104.gr,200,9968,louvain,0,4471.0,,0.0014393329620361,
pace-exact/exact104.gr,200,9968,louvain,1,4471.0,,0.0013489723205566,
pace-exact/exact104.gr,200,9968,louvain,2,4469.0,,0.0012836456298828,
pace-exact/exact104.gr,200,9968,leiden,0,4471.0,,0.071714162826538,
pace-exact/exact104.gr,200,9968,leiden,1,4471.0,,0.0727508068084716,
pace-exact/exact103.gr,200,7081,lb:tri-mwu,0,,3529.340740740741,0.9622797966003418,
pace-exact/exact104.gr,200,9968,leiden,2,4471.0,,0.1771106719970703,
pace-exact/exact104.gr,200,9968,mfp,0,8785.0,,0.7586748600006104,
pace-exact/exact104.gr,200,9968,mfp,2,9360.0,,0.7276833057403564,
pace-exact/exact104.gr,200,9968,mfp,1,8831.0,,1.6099910736083984,
pace-exact/exact104.gr,200,9968,ins,0,4471.0,,0.2122547626495361,
pace-exact/exact104.gr,200,9968,ins,2,4469.0,,0.1407296657562255,
pace-exact/exact104.gr,200,9968,ins,1,4469.0,,0.2447257041931152,
pace-exact/exact104.gr,200,9968,flip,1,4469.0,,3.061671733856201,
pace-exact/exact104.gr,200,9968,flip,0,4469.0,,3.2372753620147705,
pace-exact/exact104.gr,200,9968,flip,2,4469.0,,3.4725444316864014,
pace-exact/exact103.gr,200,7081,kapoce,0,4572.0,,60.1103036403656,
pace-exact/exact104.gr,200,9968,lb:greedy,0,,3258.0,0.0786409378051757,
pace-exact/exact105.gr,200,12309,pivot,0,7360.0,,0.0001578330993652,
pace-exact/exact105.gr,200,12309,pivot,1,7304.0,,0.0001225471496582,
pace-exact/exact105.gr,200,12309,pivot,2,6834.0,,0.0001029968261718,
pace-exact/exact105.gr,200,12309,pivot50,0,6194.0,,0.0030379295349121,
pace-exact/exact105.gr,200,12309,pivot50,1,5856.0,,0.0033440589904785,
pace-exact/exact105.gr,200,12309,pivot50,2,5764.0,,0.0030903816223144,
pace-exact/exact105.gr,200,12309,vote,0,5322.0,,0.0006556510925292,
pace-exact/exact105.gr,200,12309,vote,1,5320.0,,0.0006961822509765,
pace-exact/exact105.gr,200,12309,vote,2,5328.0,,0.0009152889251708,
pace-exact/exact105.gr,200,12309,louvain,0,5320.0,,0.0015413761138916,
pace-exact/exact105.gr,200,12309,louvain,1,5320.0,,0.0018229484558105,
pace-exact/exact105.gr,200,12309,louvain,2,5326.0,,0.0015578269958496,
pace-exact/exact105.gr,200,12309,leiden,0,5320.0,,0.11981201171875,
pace-exact/exact105.gr,200,12309,leiden,1,5320.0,,0.1725316047668457,
pace-exact/exact104.gr,200,9968,lb:tri-mwu,0,,4330.021201413428,1.394378900527954,
pace-exact/exact105.gr,200,12309,mfp,0,10719.0,,1.5169219970703125,
pace-exact/exact105.gr,200,12309,leiden,2,5326.0,,1.4059348106384275,
pace-exact/exact105.gr,200,12309,mfp,1,10518.0,,1.1802845001220703,
pace-exact/exact105.gr,200,12309,ins,0,5320.0,,0.2768304347991943,
pace-exact/exact105.gr,200,12309,mfp,2,10916.0,,1.2780699729919434,
pace-exact/exact105.gr,200,12309,ins,2,5320.0,,0.125864028930664,
pace-exact/exact105.gr,200,12309,ins,1,5320.0,,0.3255567550659179,
pace-exact/exact105.gr,200,12309,flip,0,5320.0,,4.662822246551514,
pace-exact/exact105.gr,200,12309,flip,1,5320.0,,4.719192028045654,
pace-exact/exact105.gr,200,12309,flip,2,5320.0,,4.979622840881348,
pace-exact/exact105.gr,200,12309,lb:greedy,0,,4098.0,0.1120755672454834,
pace-exact/exact105.gr,200,12309,lb:tri-mwu,0,,5190.704225352113,1.312943458557129,
pace-exact/exact104.gr,200,9968,kapoce,0,4469.0,,60.13818645477295,
pace-exact/exact106.gr,200,13248,pivot,0,4470.0,,0.0001659393310546,
pace-exact/exact106.gr,200,13248,pivot,1,5630.0,,0.0001454353332519,
pace-exact/exact106.gr,200,13248,pivot,2,4643.0,,0.0001299381256103,
pace-exact/exact106.gr,200,13248,pivot50,0,4237.0,,0.0071973800659179,
pace-exact/exact106.gr,200,13248,pivot50,1,4291.0,,0.0030255317687988,
pace-exact/exact106.gr,200,13248,vote,0,4007.0,,0.0005605220794677,
pace-exact/exact106.gr,200,13248,pivot50,2,4339.0,,0.007047414779663,
pace-exact/exact106.gr,200,13248,vote,2,4007.0,,0.000565767288208,
pace-exact/exact106.gr,200,13248,vote,1,4007.0,,0.0038590431213378,
pace-exact/exact106.gr,200,13248,louvain,1,4007.0,,0.0014138221740722,
pace-exact/exact106.gr,200,13248,louvain,0,4007.0,,0.0095298290252685,
pace-exact/exact106.gr,200,13248,louvain,2,4007.0,,0.0055475234985351,
pace-exact/exact106.gr,200,13248,leiden,0,4007.0,,0.9314513206481934,
pace-exact/exact106.gr,200,13248,leiden,1,4007.0,,1.287320852279663,
pace-exact/exact106.gr,200,13248,leiden,2,4007.0,,1.0637245178222656,
pace-exact/exact106.gr,200,13248,mfp,0,8001.0,,1.7836666107177734,
pace-exact/exact106.gr,200,13248,mfp,1,11797.0,,1.595367431640625,
pace-exact/exact106.gr,200,13248,mfp,2,10701.0,,1.516089677810669,
pace-exact/exact106.gr,200,13248,ins,0,4007.0,,0.2573180198669433,
pace-exact/exact106.gr,200,13248,ins,1,4007.0,,0.211045503616333,
pace-exact/exact106.gr,200,13248,ins,2,4007.0,,0.2059004306793213,
pace-exact/exact106.gr,200,13248,flip,1,4007.0,,3.27408766746521,
pace-exact/exact106.gr,200,13248,flip,0,4007.0,,3.7077887058258057,
pace-exact/exact106.gr,200,13248,flip,2,4007.0,,3.7954471111297607,
pace-exact/exact106.gr,200,13248,lb:greedy,0,,3324.0,0.0850448608398437,
pace-exact/exact106.gr,200,13248,lb:tri-mwu,0,,3981.919014084507,1.1464948654174805,
pace-exact/exact107.gr,204,632,pivot,0,359.0,,0.00016450881958,
pace-exact/exact107.gr,204,632,pivot,1,373.0,,7.748603820800781e-05,
pace-exact/exact107.gr,204,632,pivot,2,652.0,,0.7708396911621094,
pace-exact/exact107.gr,204,632,pivot50,0,309.0,,0.0023906230926513,
pace-exact/exact107.gr,204,632,pivot50,1,301.0,,0.0021872520446777,
pace-exact/exact107.gr,204,632,pivot50,2,314.0,,0.0021991729736328,
pace-exact/exact107.gr,204,632,vote,0,279.0,,0.0046470165252685,
pace-exact/exact107.gr,204,632,vote,1,276.0,,0.0001833438873291,
pace-exact/exact107.gr,204,632,vote,2,278.0,,0.0001857280731201,
pace-exact/exact107.gr,204,632,louvain,0,277.0,,0.0075492858886718,
pace-exact/exact107.gr,204,632,louvain,1,276.0,,0.0006530284881591,
pace-exact/exact107.gr,204,632,louvain,2,278.0,,0.0005602836608886,
pace-exact/exact107.gr,204,632,leiden,0,278.0,,0.8608424663543701,
pace-exact/exact107.gr,204,632,leiden,1,275.0,,0.0101394653320312,
pace-exact/exact105.gr,200,12309,kapoce,0,5320.0,,60.13339114189148,
pace-exact/exact107.gr,204,632,mfp,0,636.0,,0.0080924034118652,
pace-exact/exact107.gr,204,632,leiden,2,275.0,,0.0132403373718261,
pace-exact/exact107.gr,204,632,mfp,1,646.0,,0.0099947452545166,
pace-exact/exact107.gr,204,632,ins,0,274.0,,0.0019671916961669,
pace-exact/exact107.gr,204,632,ins,1,274.0,,0.0021479129791259,
pace-exact/exact107.gr,204,632,ins,2,274.0,,0.0019621849060058,
pace-exact/exact107.gr,204,632,mfp,2,613.0,,0.0223031044006347,
pace-exact/exact107.gr,204,632,flip,0,274.0,,0.0652494430541992,
pace-exact/exact107.gr,204,632,flip,1,274.0,,0.0646998882293701,
pace-exact/exact107.gr,204,632,flip,2,274.0,,0.0875635147094726,
pace-exact/exact107.gr,204,632,kapoce,0,274.0,,20.55578589439392,
pace-exact/exact107.gr,204,632,lb:greedy,0,,216.0,0.0130050182342529,
pace-exact/exact107.gr,204,632,lb:tri-mwu,0,,229.1725352112676,0.0602023601531982,
pace-exact/exact108.gr,204,1070,pivot,0,722.0,,0.0001275539398193,
pace-exact/exact108.gr,204,1070,pivot,1,686.0,,6.461143493652344e-05,
pace-exact/exact108.gr,204,1070,pivot,2,1800.0,,8.821487426757812e-05,
pace-exact/exact108.gr,204,1070,pivot50,0,669.0,,0.0107502937316894,
pace-exact/exact108.gr,204,1070,pivot50,1,648.0,,0.6943442821502686,
pace-exact/exact108.gr,204,1070,pivot50,2,668.0,,0.0023634433746337,
pace-exact/exact108.gr,204,1070,vote,0,560.0,,0.008744478225708,
pace-exact/exact108.gr,204,1070,vote,1,549.0,,0.0002276897430419,
pace-exact/exact108.gr,204,1070,vote,2,563.0,,0.0002005100250244,
pace-exact/exact108.gr,204,1070,louvain,0,549.0,,0.0120117664337158,
pace-exact/exact108.gr,204,1070,louvain,1,549.0,,0.0007686614990234,
pace-exact/exact108.gr,204,1070,louvain,2,563.0,,0.0006940364837646,
pace-exact/exact108.gr,204,1070,leiden,0,549.0,,0.9805819988250732,
pace-exact/exact108.gr,204,1070,leiden,1,549.0,,0.0150129795074462,
pace-exact/exact108.gr,204,1070,leiden,2,550.0,,0.0101571083068847,
pace-exact/exact108.gr,204,1070,mfp,0,1159.0,,0.0456218719482421,
pace-exact/exact108.gr,204,1070,mfp,1,1219.0,,0.0075299739837646,
pace-exact/exact108.gr,204,1070,mfp,2,1125.0,,0.0153350830078125,
pace-exact/exact108.gr,204,1070,ins,0,547.0,,0.0147836208343505,
pace-exact/exact108.gr,204,1070,ins,1,547.0,,0.0041704177856445,
pace-exact/exact108.gr,204,1070,ins,2,547.0,,0.003800630569458,
pace-exact/exact108.gr,204,1070,flip,0,547.0,,0.1545386314392089,
pace-exact/exact108.gr,204,1070,flip,1,547.0,,0.1419880390167236,
pace-exact/exact108.gr,204,1070,flip,2,547.0,,0.1512789726257324,
pace-exact/exact106.gr,200,13248,kapoce,0,4007.0,,60.13942122459412,
pace-exact/exact108.gr,204,1070,lb:greedy,0,,429.0,0.0146892070770263,
pace-exact/exact108.gr,204,1070,lb:tri-mwu,0,,451.225352112676,0.0567641258239746,
pace-exact/exact109.gr,204,6212,pivot,0,3533.0,,0.0001397132873535,
pace-exact/exact109.gr,204,6212,pivot,1,4573.0,,0.0001108646392822,
pace-exact/exact109.gr,204,6212,pivot,2,4431.0,,9.131431579589844e-05,
pace-exact/exact109.gr,204,6212,pivot50,0,2967.0,,0.002615213394165,
pace-exact/exact109.gr,204,6212,pivot50,1,2809.0,,0.0025854110717773,
pace-exact/exact109.gr,204,6212,pivot50,2,2824.0,,0.0025763511657714,
pace-exact/exact109.gr,204,6212,vote,0,2437.0,,0.0003905296325683,
pace-exact/exact109.gr,204,6212,vote,1,2438.0,,0.0004124641418457,
pace-exact/exact109.gr,204,6212,vote,2,2437.0,,0.0003917217254638,
pace-exact/exact109.gr,204,6212,louvain,0,2437.0,,0.0011546611785888,
pace-exact/exact109.gr,204,6212,louvain,1,2438.0,,0.0011587142944335,
pace-exact/exact109.gr,204,6212,louvain,2,2437.0,,0.7398107051849365,
pace-exact/exact109.gr,204,6212,leiden,1,2437.0,,0.1132590770721435,
pace-exact/exact109.gr,204,6212,leiden,2,2437.0,,0.0489718914031982,
pace-exact/exact109.gr,204,6212,leiden,0,2436.0,,1.047278881072998,
pace-exact/exact109.gr,204,6212,mfp,0,7276.0,,0.3477065563201904,
pace-exact/exact109.gr,204,6212,mfp,1,5513.0,,0.3778750896453857,
pace-exact/exact109.gr,204,6212,ins,0,2436.0,,0.1025371551513671,
pace-exact/exact109.gr,204,6212,mfp,2,6473.0,,0.336524486541748,
pace-exact/exact109.gr,204,6212,ins,1,2436.0,,0.077533483505249,
pace-exact/exact109.gr,204,6212,ins,2,2436.0,,0.0669481754302978,
pace-exact/exact109.gr,204,6212,flip,1,2436.0,,1.5957934856414795,
pace-exact/exact109.gr,204,6212,flip,0,2436.0,,2.1000304222106934,
pace-exact/exact109.gr,204,6212,flip,2,2436.0,,1.5572869777679443,
pace-exact/exact108.gr,204,1070,kapoce,0,547.0,,30.671067476272583,
pace-exact/exact109.gr,204,6212,lb:greedy,0,,1895.0,0.0317680835723876,
pace-exact/exact109.gr,204,6212,lb:tri-mwu,0,,2402.3098591549297,0.5240969657897949,
pace-exact/exact110.gr,204,9184,pivot,0,3950.0,,0.7108743190765381,
pace-exact/exact110.gr,204,9184,pivot,1,5094.0,,0.0081918239593505,
pace-exact/exact110.gr,204,9184,pivot,2,3942.0,,0.0001270771026611,
pace-exact/exact110.gr,204,9184,pivot50,0,2779.0,,0.0046067237854003,
pace-exact/exact110.gr,204,9184,pivot50,1,2672.0,,0.0029547214508056,
pace-exact/exact110.gr,204,9184,pivot50,2,2732.0,,0.0030927658081054,
pace-exact/exact110.gr,204,9184,vote,0,2378.0,,0.0092406272888183,
pace-exact/exact110.gr,204,9184,vote,1,2385.0,,0.0005345344543457,
pace-exact/exact110.gr,204,9184,vote,2,2378.0,,0.0006027221679687,
pace-exact/exact110.gr,204,9184,louvain,0,2378.0,,0.0130159854888916,
pace-exact/exact110.gr,204,9184,louvain,1,2378.0,,0.0013835430145263,
pace-exact/exact110.gr,204,9184,louvain,2,2378.0,,0.0013277530670166,
pace-exact/exact110.gr,204,9184,leiden,0,2378.0,,0.9532382488250732,
pace-exact/exact110.gr,204,9184,leiden,1,2381.0,,0.1312258243560791,
pace-exact/exact110.gr,204,9184,leiden,2,2380.0,,0.2052721977233886,
pace-exact/exact110.gr,204,9184,mfp,0,8289.0,,0.879974365234375,
pace-exact/exact110.gr,204,9184,mfp,1,7815.0,,0.8957071304321289,
pace-exact/exact110.gr,204,9184,mfp,2,8090.0,,0.814652681350708,
pace-exact/exact110.gr,204,9184,ins,0,2378.0,,0.1131458282470703,
pace-exact/exact110.gr,204,9184,ins,1,2378.0,,0.0935175418853759,
pace-exact/exact110.gr,204,9184,ins,2,2378.0,,0.833606481552124,
pace-exact/exact110.gr,204,9184,flip,0,2378.0,,1.9922573566436768,
pace-exact/exact110.gr,204,9184,flip,1,2378.0,,1.912980318069458,
pace-exact/exact110.gr,204,9184,flip,2,2378.0,,2.032675504684448,
pace-exact/exact110.gr,204,9184,lb:greedy,0,,2074.0,0.073179006576538,
pace-exact/exact110.gr,204,9184,lb:tri-mwu,0,,2356.207746478873,0.5928738117218018,
pace-exact/exact111.gr,204,12271,pivot,0,3586.0,,0.000176191329956,
pace-exact/exact111.gr,204,12271,pivot,1,3032.0,,0.0002126693725585,
pace-exact/exact111.gr,204,12271,pivot,2,3072.0,,0.0001399517059326,
pace-exact/exact111.gr,204,12271,pivot50,0,2749.0,,0.0032744407653808,
pace-exact/exact111.gr,204,12271,pivot50,1,2745.0,,0.0031788349151611,
pace-exact/exact111.gr,204,12271,pivot50,2,2690.0,,0.0072777271270751,
pace-exact/exact111.gr,204,12271,vote,0,2418.0,,0.0046677589416503,
pace-exact/exact111.gr,204,12271,vote,1,2430.0,,0.0005912780761718,
pace-exact/exact111.gr,204,12271,vote,2,2412.0,,0.0005726814270019,
pace-exact/exact111.gr,204,12271,louvain,0,2412.0,,0.0021073818206787,
pace-exact/exact111.gr,204,12271,louvain,1,2412.0,,0.0014412403106689,
pace-exact/exact111.gr,204,12271,louvain,2,2412.0,,0.0014922618865966,
pace-exact/exact109.gr,204,6212,kapoce,0,2436.0,,60.09485840797424,
pace-exact/exact111.gr,204,12271,leiden,1,2412.0,,0.0423738956451416,
pace-exact/exact111.gr,204,12271,leiden,2,2412.0,,0.0408878326416015,
pace-exact/exact111.gr,204,12271,leiden,0,2412.0,,0.9226279258728028,
pace-exact/exact111.gr,204,12271,mfp,0,7545.0,,1.3388066291809082,
pace-exact/exact111.gr,204,12271,mfp,1,9108.0,,1.426539659500122,
pace-exact/exact111.gr,204,12271,ins,0,2412.0,,0.1554646492004394,
pace-exact/exact111.gr,204,12271,ins,1,2412.0,,0.1544227600097656,
pace-exact/exact111.gr,204,12271,mfp,2,7337.0,,1.4675352573394775,
pace-exact/exact111.gr,204,12271,ins,2,2412.0,,0.8808331489562988,
pace-exact/exact111.gr,204,12271,flip,0,2412.0,,2.587743759155273,
pace-exact/exact111.gr,204,12271,flip,1,2412.0,,2.5355255603790283,
pace-exact/exact111.gr,204,12271,flip,2,2412.0,,2.417583703994751,
pace-exact/exact111.gr,204,12271,lb:greedy,0,,2175.0,0.0957005023956298,
pace-exact/exact111.gr,204,12271,lb:tri-mwu,0,,2390.3521126760565,0.7643203735351562,
pace-exact/exact112.gr,204,15177,pivot,0,2063.0,,0.0001766681671142,
pace-exact/exact112.gr,204,15177,pivot,1,3091.0,,0.0001909732818603,
pace-exact/exact112.gr,204,15177,pivot,2,4760.0,,0.0001430511474609,
pace-exact/exact112.gr,204,15177,pivot50,0,1919.0,,0.0042829513549804,
pace-exact/exact112.gr,204,15177,pivot50,1,2077.0,,0.0033996105194091,
pace-exact/exact112.gr,204,15177,pivot50,2,1878.0,,0.0033786296844482,
pace-exact/exact112.gr,204,15177,vote,0,1835.0,,0.0006353855133056,
pace-exact/exact112.gr,204,15177,vote,1,1835.0,,0.0006566047668457,
pace-exact/exact112.gr,204,15177,vote,2,1835.0,,0.0006458759307861,
pace-exact/exact112.gr,204,15177,louvain,0,1835.0,,0.0015861988067626,
pace-exact/exact112.gr,204,15177,louvain,1,1835.0,,0.0015840530395507,
pace-exact/exact112.gr,204,15177,louvain,2,1835.0,,0.0015418529510498,
pace-exact/exact112.gr,204,15177,leiden,0,1835.0,,0.9893026351928712,
pace-exact/exact112.gr,204,15177,leiden,1,1835.0,,1.318127155303955,
pace-exact/exact112.gr,204,15177,leiden,2,1835.0,,0.1250455379486084,
pace-exact/exact112.gr,204,15177,mfp,0,7809.0,,2.2776191234588623,
pace-exact/exact112.gr,204,15177,mfp,1,8751.0,,2.1563961505889893,
pace-exact/exact112.gr,204,15177,mfp,2,5618.0,,2.12797212600708,
pace-exact/exact112.gr,204,15177,ins,0,1835.0,,0.1892087459564209,
pace-exact/exact112.gr,204,15177,ins,1,1835.0,,0.1532657146453857,
pace-exact/exact112.gr,204,15177,ins,2,1835.0,,0.1429617404937744,
pace-exact/exact112.gr,204,15177,flip,0,1835.0,,2.240342140197754,
pace-exact/exact110.gr,204,9184,kapoce,0,2378.0,,60.11312437057495,
pace-exact/exact112.gr,204,15177,flip,1,1835.0,,2.311808109283448,
pace-exact/exact112.gr,204,15177,flip,2,1835.0,,2.3190884590148926,
pace-exact/exact112.gr,204,15177,lb:greedy,0,,1778.0,0.1266529560089111,
pace-exact/exact112.gr,204,15177,lb:tri-mwu,0,,1829.8908450704223,0.6797182559967041,
pace-exact/exact113.gr,204,19608,pivot,0,1597.0,,0.0001420974731445,
pace-exact/exact113.gr,204,19608,pivot,1,1265.0,,0.0001327991485595,
pace-exact/exact113.gr,204,19608,pivot,2,7063.0,,0.000119924545288,
pace-exact/exact113.gr,204,19608,pivot50,0,999.0,,0.0077159404754638,
pace-exact/exact113.gr,204,19608,pivot50,1,999.0,,0.0117900371551513,
pace-exact/exact113.gr,204,19608,pivot50,2,999.0,,0.0076241493225097,
pace-exact/exact113.gr,204,19608,vote,0,999.0,,0.0087018013000488,
pace-exact/exact113.gr,204,19608,vote,1,999.0,,0.0046603679656982,
pace-exact/exact113.gr,204,19608,vote,2,999.0,,0.0006422996520996,
pace-exact/exact113.gr,204,19608,louvain,0,999.0,,0.0057528018951416,
pace-exact/exact113.gr,204,19608,louvain,1,999.0,,0.005666971206665,
pace-exact/exact113.gr,204,19608,louvain,2,999.0,,0.0056090354919433,
pace-exact/exact111.gr,204,12271,kapoce,0,2412.0,,60.10977625846863,
pace-exact/exact113.gr,204,19608,leiden,1,999.0,,0.1114294528961181,
pace-exact/exact113.gr,204,19608,leiden,2,999.0,,0.2658109664916992,
pace-exact/exact113.gr,204,19608,leiden,0,999.0,,0.9148850440979004,
pace-exact/exact113.gr,204,19608,mfp,0,5280.0,,3.559373140335083,
pace-exact/exact113.gr,204,19608,mfp,1,1360.0,,3.584009885787964,
pace-exact/exact113.gr,204,19608,ins,0,999.0,,0.1435828208923339,
pace-exact/exact113.gr,204,19608,ins,1,999.0,,0.8873090744018555,
pace-exact/exact113.gr,204,19608,ins,2,999.0,,0.1473786830902099,
pace-exact/exact113.gr,204,19608,flip,0,999.0,,1.2447528839111328,
pace-exact/exact113.gr,204,19608,mfp,2,1856.0,,3.804807662963867,
pace-exact/exact113.gr,204,19608,flip,1,999.0,,1.297882318496704,
pace-exact/exact113.gr,204,19608,flip,2,999.0,,1.981955528259277,
pace-exact/exact113.gr,204,19608,lb:greedy,0,,970.0,0.1558504104614257,
pace-exact/exact113.gr,204,19608,lb:tri-mwu,0,,997.2077464788732,0.6299107074737549,
pace-exact/exact114.gr,211,1139,pivot,0,149.0,,0.0001285076141357,
pace-exact/exact114.gr,211,1139,pivot,1,160.0,,6.818771362304688e-05,
pace-exact/exact114.gr,211,1139,pivot,2,162.0,,6.651878356933594e-05,
pace-exact/exact114.gr,211,1139,pivot50,0,141.0,,0.0021858215332031,
pace-exact/exact114.gr,211,1139,pivot50,1,135.0,,0.002209186553955,
pace-exact/exact114.gr,211,1139,pivot50,2,129.0,,0.0022003650665283,
pace-exact/exact114.gr,211,1139,vote,0,125.0,,0.0001740455627441,
pace-exact/exact114.gr,211,1139,vote,1,129.0,,0.7280218601226807,
pace-exact/exact114.gr,211,1139,vote,2,124.0,,0.000248908996582,
pace-exact/exact114.gr,211,1139,louvain,0,124.0,,0.0157716274261474,
pace-exact/exact114.gr,211,1139,louvain,1,125.0,,0.0006747245788574,
pace-exact/exact114.gr,211,1139,louvain,2,124.0,,0.0005996227264404,
pace-exact/exact114.gr,211,1139,leiden,0,124.0,,0.8814041614532471,
pace-exact/exact114.gr,211,1139,leiden,1,127.0,,0.0179357528686523,
pace-exact/exact114.gr,211,1139,leiden,2,124.0,,0.0165798664093017,
pace-exact/exact114.gr,211,1139,mfp,0,419.0,,0.0668957233428955,
pace-exact/exact114.gr,211,1139,mfp,1,315.0,,0.0250613689422607,
pace-exact/exact114.gr,211,1139,mfp,2,422.0,,0.0249621868133544,
pace-exact/exact114.gr,211,1139,ins,0,124.0,,0.0150263309478759,
pace-exact/exact114.gr,211,1139,ins,1,124.0,,0.0016889572143554,
pace-exact/exact114.gr,211,1139,ins,2,124.0,,0.0017297267913818,
pace-exact/exact114.gr,211,1139,flip,0,124.0,,0.0705950260162353,
pace-exact/exact114.gr,211,1139,flip,1,124.0,,0.0622925758361816,
pace-exact/exact114.gr,211,1139,flip,2,124.0,,0.0660531520843505,
pace-exact/exact114.gr,211,1139,lb:greedy,0,,118.0,0.0085365772247314,
pace-exact/exact114.gr,211,1139,lb:tri-mwu,0,,122.34154929577464,0.0192706584930419,
pace-exact/exact115.gr,211,1705,pivot,0,409.0,,0.0001087188720703,
pace-exact/exact115.gr,211,1705,pivot,1,397.0,,6.842613220214844e-05,
pace-exact/exact115.gr,211,1705,pivot,2,408.0,,7.891654968261719e-05,
pace-exact/exact115.gr,211,1705,pivot50,0,323.0,,0.0028984546661376,
pace-exact/exact115.gr,211,1705,pivot50,1,341.0,,0.0063974857330322,
pace-exact/exact115.gr,211,1705,pivot50,2,348.0,,0.0021717548370361,
pace-exact/exact115.gr,211,1705,vote,0,306.0,,0.0002028942108154,
pace-exact/exact115.gr,211,1705,vote,1,306.0,,0.0001850128173828,
pace-exact/exact115.gr,211,1705,vote,2,314.0,,0.0001957416534423,
pace-exact/exact115.gr,211,1705,louvain,0,306.0,,0.0006959438323974,
pace-exact/exact115.gr,211,1705,louvain,1,306.0,,0.0006465911865234,
pace-exact/exact115.gr,211,1705,louvain,2,314.0,,0.0006096363067626,
pace-exact/exact115.gr,211,1705,leiden,0,308.0,,0.8228702545166016,
pace-exact/exact115.gr,211,1705,leiden,1,314.0,,0.9108195304870604,
pace-exact/exact115.gr,211,1705,leiden,2,314.0,,0.0151090621948242,
pace-exact/exact115.gr,211,1705,mfp,0,1272.0,,0.0558404922485351,
pace-exact/exact115.gr,211,1705,mfp,1,872.0,,0.030625581741333,
pace-exact/exact115.gr,211,1705,mfp,2,814.0,,0.0220427513122558,
pace-exact/exact115.gr,211,1705,ins,0,306.0,,0.0197782516479492,
pace-exact/exact115.gr,211,1705,ins,1,306.0,,0.0030548572540283,
pace-exact/exact115.gr,211,1705,ins,2,306.0,,0.0030272006988525,
pace-exact/exact115.gr,211,1705,flip,0,306.0,,0.0992629528045654,
pace-exact/exact115.gr,211,1705,flip,1,306.0,,0.1015200614929199,
pace-exact/exact115.gr,211,1705,flip,2,306.0,,0.1213233470916748,
pace-exact/exact114.gr,211,1139,kapoce,0,124.0,,23.00579857826233,
pace-exact/exact115.gr,211,1705,lb:greedy,0,,289.0,0.0043582916259765,
pace-exact/exact115.gr,211,1705,lb:tri-mwu,0,,297.9788732394366,0.7892415523529053,
pace-exact/exact116.gr,211,2896,pivot,0,1246.0,,0.0037262439727783,
pace-exact/exact116.gr,211,2896,pivot,1,1221.0,,0.0001118183135986,
pace-exact/exact116.gr,211,2896,pivot,2,1477.0,,8.082389831542969e-05,
pace-exact/exact116.gr,211,2896,pivot50,0,670.0,,0.0028896331787109,
pace-exact/exact116.gr,211,2896,pivot50,1,696.0,,0.0024495124816894,
pace-exact/exact116.gr,211,2896,pivot50,2,676.0,,0.0029451847076416,
pace-exact/exact116.gr,211,2896,vote,0,636.0,,0.0045812129974365,
pace-exact/exact116.gr,211,2896,vote,1,634.0,,0.0002815723419189,
pace-exact/exact116.gr,211,2896,vote,2,635.0,,0.0003089904785156,
pace-exact/exact116.gr,211,2896,louvain,0,634.0,,0.0096266269683837,
pace-exact/exact116.gr,211,2896,louvain,1,634.0,,0.0008378028869628,
pace-exact/exact116.gr,211,2896,louvain,2,634.0,,0.0008075237274169,
pace-exact/exact116.gr,211,2896,leiden,0,636.0,,0.8465371131896973,
pace-exact/exact116.gr,211,2896,leiden,1,637.0,,0.0276362895965576,
pace-exact/exact116.gr,211,2896,leiden,2,638.0,,0.0218508243560791,
pace-exact/exact116.gr,211,2896,mfp,0,1658.0,,0.0679926872253418,
pace-exact/exact116.gr,211,2896,mfp,1,1649.0,,0.0671133995056152,
pace-exact/exact116.gr,211,2896,mfp,2,1586.0,,0.0835297107696533,
pace-exact/exact116.gr,211,2896,ins,0,634.0,,0.0117826461791992,
pace-exact/exact116.gr,211,2896,ins,1,634.0,,0.803607702255249,
pace-exact/exact116.gr,211,2896,ins,2,634.0,,0.0062823295593261,
pace-exact/exact116.gr,211,2896,flip,0,634.0,,0.2317006587982177,
pace-exact/exact116.gr,211,2896,flip,1,634.0,,0.2231082916259765,
pace-exact/exact116.gr,211,2896,flip,2,634.0,,0.2283520698547363,
pace-exact/exact112.gr,204,15177,kapoce,0,1835.0,,60.11063814163208,
pace-exact/exact116.gr,211,2896,lb:greedy,0,,559.0,0.0071654319763183,
pace-exact/exact116.gr,211,2896,lb:tri-mwu,0,,618.5633802816901,0.0477015972137451,
pace-exact/exact117.gr,211,6633,pivot,0,4047.0,,0.0001506805419921,
pace-exact/exact117.gr,211,6633,pivot,1,4146.0,,0.0001096725463867,
pace-exact/exact117.gr,211,6633,pivot,2,5353.0,,9.250640869140624e-05,
pace-exact/exact117.gr,211,6633,pivot50,0,3130.0,,0.0028605461120605,
pace-exact/exact117.gr,211,6633,pivot50,1,3163.0,,0.0033490657806396,
pace-exact/exact117.gr,211,6633,pivot50,2,3006.0,,0.0034351348876953,
pace-exact/exact117.gr,211,6633,vote,0,2777.0,,0.0004465579986572,
pace-exact/exact117.gr,211,6633,vote,1,2777.0,,0.0045051574707031,
pace-exact/exact117.gr,211,6633,vote,2,2777.0,,0.0004236698150634,
pace-exact/exact117.gr,211,6633,louvain,0,2777.0,,0.0052981376647949,
pace-exact/exact117.gr,211,6633,louvain,1,2777.0,,0.0012686252593994,
pace-exact/exact117.gr,211,6633,louvain,2,2777.0,,0.0012521743774414,
pace-exact/exact117.gr,211,6633,leiden,0,2777.0,,0.9477086067199708,
pace-exact/exact117.gr,211,6633,leiden,1,2777.0,,0.0512197017669677,
pace-exact/exact117.gr,211,6633,leiden,2,2777.0,,0.0426962375640869,
pace-exact/exact117.gr,211,6633,mfp,0,6389.0,,0.3221111297607422,
pace-exact/exact117.gr,211,6633,mfp,1,7004.0,,0.3137581348419189,
pace-exact/exact117.gr,211,6633,mfp,2,6515.0,,0.2833983898162842,
pace-exact/exact117.gr,211,6633,ins,0,2777.0,,0.2508654594421386,
pace-exact/exact117.gr,211,6633,ins,1,2777.0,,0.1252832412719726,
pace-exact/exact117.gr,211,6633,ins,2,2777.0,,0.1297457218170166,
pace-exact/exact117.gr,211,6633,flip,0,2777.0,,2.2115848064422607,
pace-exact/exact117.gr,211,6633,flip,1,2777.0,,2.100682258605957,
pace-exact/exact117.gr,211,6633,flip,2,2777.0,,2.064366102218628,
pace-exact/exact115.gr,211,1705,kapoce,0,306.0,,29.287733554840088,
pace-exact/exact113.gr,204,19608,kapoce,0,999.0,,60.14357590675354,
pace-exact/exact117.gr,211,6633,lb:greedy,0,,2328.0,0.0631439685821533,
pace-exact/exact117.gr,211,6633,lb:tri-mwu,0,,2665.4859154929577,0.5239839553833008,
pace-exact/exact118.gr,211,17515,pivot,0,3941.0,,0.0001530647277832,
pace-exact/exact118.gr,211,17515,pivot,1,5158.0,,0.000117540359497,
pace-exact/exact118.gr,211,17515,pivot,2,4151.0,,0.000131607055664,
pace-exact/exact118.gr,211,17515,pivot50,0,3047.0,,0.0077531337738037,
pace-exact/exact118.gr,211,17515,pivot50,1,3294.0,,0.0169780254364013,
pace-exact/exact118.gr,211,17515,pivot50,2,3044.0,,0.0038399696350097,
pace-exact/exact118.gr,211,17515,vote,0,2943.0,,0.0008401870727539,
pace-exact/exact118.gr,211,17515,vote,1,2949.0,,0.0007994174957275,
pace-exact/exact118.gr,211,17515,vote,2,2943.0,,0.0007839202880859,
pace-exact/exact118.gr,211,17515,louvain,0,2943.0,,0.0018179416656494,
pace-exact/exact118.gr,211,17515,louvain,1,2943.0,,0.0018088817596435,
pace-exact/exact118.gr,211,17515,louvain,2,2943.0,,0.0019302368164062,
pace-exact/exact118.gr,211,17515,leiden,0,2943.0,,0.6422998905181885,
pace-exact/exact118.gr,211,17515,leiden,1,2943.0,,0.1062457561492919,
pace-exact/exact118.gr,211,17515,leiden,2,2943.0,,0.1227376461029052,
pace-exact/exact118.gr,211,17515,mfp,0,10368.0,,2.637786388397217,
pace-exact/exact118.gr,211,17515,mfp,1,12508.0,,3.5572397708892822,
pace-exact/exact118.gr,211,17515,mfp,2,12498.0,,2.6752333641052246,
pace-exact/exact118.gr,211,17515,ins,0,2943.0,,0.2484374046325683,
pace-exact/exact118.gr,211,17515,ins,1,2943.0,,0.2364945411682129,
pace-exact/exact118.gr,211,17515,ins,2,2943.0,,0.2232894897460937,
pace-exact/exact118.gr,211,17515,flip,0,2943.0,,3.58633041381836,
pace-exact/exact118.gr,211,17515,flip,1,2943.0,,3.6397876739501953,
pace-exact/exact118.gr,211,17515,flip,2,2943.0,,3.6491713523864746,
pace-exact/exact116.gr,211,2896,kapoce,0,634.0,,53.5395896434784,
pace-exact/exact117.gr,211,6633,kapoce,0,2777.0,,60.08727145195007,
pace-exact/exact118.gr,211,17515,lb:greedy,0,,2599.0,0.1680915355682373,
pace-exact/exact118.gr,211,17515,lb:tri-mwu,0,,2924.042253521127,1.06772780418396,
pace-exact/exact119.gr,213,1826,pivot,0,313.0,,0.0001344680786132,
pace-exact/exact119.gr,213,1826,pivot,1,271.0,,8.296966552734375e-05,
pace-exact/exact119.gr,213,1826,pivot,2,331.0,,7.557868957519531e-05,
pace-exact/exact119.gr,213,1826,pivot50,0,192.0,,0.006343126296997,
pace-exact/exact119.gr,213,1826,pivot50,2,200.0,,0.0104849338531494,
pace-exact/exact119.gr,213,1826,vote,0,184.0,,0.0002009868621826,
pace-exact/exact119.gr,213,1826,vote,1,184.0,,0.0011286735534667,
pace-exact/exact119.gr,213,1826,vote,2,184.0,,0.0001931190490722,
pace-exact/exact119.gr,213,1826,louvain,0,184.0,,0.0006699562072753,
pace-exact/exact119.gr,213,1826,louvain,1,184.0,,0.0006060600280761,
pace-exact/exact119.gr,213,1826,louvain,2,184.0,,0.0006814002990722,
pace-exact/exact119.gr,213,1826,pivot50,1,189.0,,0.6900753974914551,
pace-exact/exact119.gr,213,1826,leiden,0,184.0,,0.9002883434295654,
pace-exact/exact119.gr,213,1826,leiden,2,184.0,,0.0188193321228027,
pace-exact/exact119.gr,213,1826,mfp,0,484.0,,0.072671890258789,
pace-exact/exact119.gr,213,1826,mfp,1,452.0,,0.0673439502716064,
pace-exact/exact119.gr,213,1826,mfp,2,854.0,,0.0948686599731445,
pace-exact/exact119.gr,213,1826,ins,0,184.0,,0.0361626148223876,
pace-exact/exact119.gr,213,1826,ins,1,184.0,,0.0029380321502685,
pace-exact/exact119.gr,213,1826,ins,2,184.0,,0.0028872489929199,
pace-exact/exact119.gr,213,1826,flip,0,184.0,,0.0559725761413574,
pace-exact/exact119.gr,213,1826,flip,1,184.0,,0.0920295715332031,
pace-exact/exact119.gr,213,1826,flip,2,184.0,,0.087454080581665,
pace-exact/exact119.gr,213,1826,leiden,1,184.0,,0.8561208248138428,
pace-exact/exact119.gr,213,1826,lb:greedy,0,,182.0,0.0090000629425048,
pace-exact/exact119.gr,213,1826,lb:tri-mwu,0,,183.5950704225352,0.0435853004455566,
pace-exact/exact120.gr,213,3232,pivot,0,245.0,,0.0001296997070312,
pace-exact/exact120.gr,213,3232,pivot,1,480.0,,9.65595245361328e-05,
pace-exact/exact120.gr,213,3232,pivot,2,313.0,,8.177757263183594e-05,
pace-exact/exact120.gr,213,3232,pivot50,0,222.0,,0.006669282913208,
pace-exact/exact120.gr,213,3232,pivot50,1,208.0,,0.0023143291473388,
pace-exact/exact120.gr,213,3232,pivot50,2,211.0,,0.6892495155334473,
pace-exact/exact120.gr,213,3232,vote,0,195.0,,0.00901460647583,
pace-exact/exact120.gr,213,3232,vote,1,195.0,,0.0002710819244384,
pace-exact/exact120.gr,213,3232,vote,2,195.0,,0.0002694129943847,
pace-exact/exact120.gr,213,3232,louvain,0,195.0,,0.0201292037963867,
pace-exact/exact120.gr,213,3232,louvain,1,195.0,,0.000838279724121,
pace-exact/exact120.gr,213,3232,louvain,2,195.0,,0.0007345676422119,
pace-exact/exact120.gr,213,3232,leiden,0,195.0,,0.8904082775115967,
pace-exact/exact120.gr,213,3232,leiden,1,195.0,,0.0292308330535888,
pace-exact/exact120.gr,213,3232,leiden,2,197.0,,0.0295886993408203,
pace-exact/exact120.gr,213,3232,mfp,0,881.0,,0.1904542446136474,
pace-exact/exact120.gr,213,3232,mfp,1,392.0,,0.1458396911621093,
pace-exact/exact120.gr,213,3232,mfp,2,811.0,,0.1468527317047119,
pace-exact/exact120.gr,213,3232,ins,0,195.0,,0.0223116874694824,
pace-exact/exact120.gr,213,3232,ins,1,195.0,,0.0130705833435058,
pace-exact/exact120.gr,213,3232,ins,2,195.0,,0.0084471702575683,
pace-exact/exact120.gr,213,3232,flip,0,195.0,,0.1971347332000732,
pace-exact/exact120.gr,213,3232,flip,1,195.0,,0.1506438255310058,
pace-exact/exact120.gr,213,3232,flip,2,195.0,,0.1525540351867675,
pace-exact/exact119.gr,213,1826,kapoce,0,184.0,,30.75510168075561,
pace-exact/exact120.gr,213,3232,lb:greedy,0,,171.0,0.0312764644622802,
pace-exact/exact120.gr,213,3232,lb:tri-mwu,0,,186.24647887323945,0.0424621105194091,
pace-exact/exact121.gr,213,6773,pivot,0,887.0,,0.007441759109497,
pace-exact/exact121.gr,213,6773,pivot,1,1301.0,,0.0010576248168945,
pace-exact/exact121.gr,213,6773,pivot,2,1281.0,,9.489059448242188e-05,
pace-exact/exact121.gr,213,6773,pivot50,0,790.0,,0.0025715827941894,
pace-exact/exact121.gr,213,6773,pivot50,1,742.0,,0.0071620941162109,
pace-exact/exact121.gr,213,6773,pivot50,2,769.0,,0.0043671131134033,
pace-exact/exact121.gr,213,6773,vote,0,742.0,,0.010697603225708,
pace-exact/exact121.gr,213,6773,vote,1,742.0,,0.0004169940948486,
pace-exact/exact121.gr,213,6773,vote,2,742.0,,0.0004050731658935,
pace-exact/exact121.gr,213,6773,louvain,0,742.0,,0.0165667533874511,
pace-exact/exact121.gr,213,6773,louvain,1,742.0,,0.0011055469512939,
pace-exact/exact121.gr,213,6773,louvain,2,742.0,,0.0010437965393066,
pace-exact/exact121.gr,213,6773,leiden,0,742.0,,0.0235660076141357,
pace-exact/exact121.gr,213,6773,leiden,1,742.0,,0.0228157043457031,
pace-exact/exact121.gr,213,6773,leiden,2,742.0,,0.0398070812225341,
pace-exact/exact121.gr,213,6773,mfp,0,2949.0,,0.4157392978668213,
pace-exact/exact121.gr,213,6773,mfp,1,2419.0,,1.1752681732177734,
pace-exact/exact121.gr,213,6773,mfp,2,2418.0,,0.3475079536437988,
pace-exact/exact121.gr,213,6773,ins,0,742.0,,0.066568374633789,
pace-exact/exact121.gr,213,6773,ins,1,742.0,,0.0334599018096923,
pace-exact/exact121.gr,213,6773,ins,2,742.0,,0.0335073471069335,
pace-exact/exact121.gr,213,6773,flip,0,742.0,,0.543689489364624,
pace-exact/exact121.gr,213,6773,flip,2,742.0,,0.5459420680999756,
pace-exact/exact121.gr,213,6773,flip,1,742.0,,0.6023914813995361,
pace-exact/exact121.gr,213,6773,lb:greedy,0,,725.0,0.0246772766113281,
pace-exact/exact121.gr,213,6773,lb:tri-mwu,0,,740.7992957746479,0.1969721317291259,
pace-exact/exact122.gr,215,1098,pivot,0,652.0,,0.0001308917999267,
pace-exact/exact122.gr,215,1098,pivot,1,467.0,,8.7738037109375e-05,
pace-exact/exact122.gr,215,1098,pivot,2,538.0,,7.677078247070312e-05,
pace-exact/exact122.gr,215,1098,pivot50,0,450.0,,0.006598949432373,
pace-exact/exact122.gr,215,1098,pivot50,1,445.0,,0.0063540935516357,
pace-exact/exact122.gr,215,1098,pivot50,2,465.0,,0.0022637844085693,
pace-exact/exact122.gr,215,1098,vote,0,423.0,,0.000185489654541,
pace-exact/exact118.gr,211,17515,kapoce,0,2943.0,,60.14376187324524,
pace-exact/exact122.gr,215,1098,vote,2,419.0,,0.0002696514129638,
pace-exact/exact122.gr,215,1098,louvain,0,413.0,,0.0009655952453613,
pace-exact/exact122.gr,215,1098,louvain,1,410.0,,0.0006413459777832,
pace-exact/exact122.gr,215,1098,louvain,2,412.0,,0.0006558895111083,
pace-exact/exact122.gr,215,1098,vote,1,417.0,,0.6594626903533936,
pace-exact/exact122.gr,215,1098,leiden,0,410.0,,0.5982193946838379,
pace-exact/exact122.gr,215,1098,leiden,2,410.0,,0.0354971885681152,
pace-exact/exact122.gr,215,1098,mfp,0,947.0,,0.0128462314605712,
pace-exact/exact122.gr,215,1098,mfp,1,1033.0,,0.0086362361907958,
pace-exact/exact122.gr,215,1098,mfp,2,992.0,,0.0086441040039062,
pace-exact/exact122.gr,215,1098,ins,0,413.0,,0.002838134765625,
pace-exact/exact122.gr,215,1098,ins,1,410.0,,0.0027875900268554,
pace-exact/exact122.gr,215,1098,ins,2,410.0,,0.002784252166748,
pace-exact/exact122.gr,215,1098,flip,0,410.0,,0.0589113235473632,
pace-exact/exact122.gr,215,1098,flip,1,410.0,,0.0795259475708007,
pace-exact/exact122.gr,215,1098,leiden,1,414.0,,0.9817073345184326,
pace-exact/exact122.gr,215,1098,flip,2,410.0,,0.8569240570068359,
pace-exact/exact122.gr,215,1098,lb:greedy,0,,345.0,0.0086982250213623,
pace-exact/exact122.gr,215,1098,lb:tri-mwu,0,,395.193661971831,0.0440771579742431,
pace-exact/exact123.gr,215,2070,pivot,0,552.0,,0.0001208782196044,
pace-exact/exact123.gr,215,2070,pivot,1,604.0,,8.96453857421875e-05,
pace-exact/exact123.gr,215,2070,pivot,2,811.0,,8.296966552734375e-05,
pace-exact/exact123.gr,215,2070,pivot50,0,526.0,,0.0064296722412109,
pace-exact/exact123.gr,215,2070,pivot50,1,516.0,,0.006387710571289,
pace-exact/exact123.gr,215,2070,pivot50,2,535.0,,0.0064637660980224,
pace-exact/exact123.gr,215,2070,vote,0,422.0,,0.0002298355102539,
pace-exact/exact123.gr,215,2070,vote,1,425.0,,0.0001993179321289,
pace-exact/exact123.gr,215,2070,vote,2,424.0,,0.0002443790435791,
pace-exact/exact123.gr,215,2070,louvain,0,416.0,,0.0007288455963134,
pace-exact/exact123.gr,215,2070,louvain,1,416.0,,0.0007026195526123,
pace-exact/exact123.gr,215,2070,louvain,2,416.0,,0.0006840229034423,
pace-exact/exact123.gr,215,2070,leiden,0,416.0,,0.0239481925964355,
pace-exact/exact123.gr,215,2070,leiden,1,416.0,,0.0226826667785644,
pace-exact/exact123.gr,215,2070,leiden,2,416.0,,0.0247161388397216,
pace-exact/exact123.gr,215,2070,mfp,0,1094.0,,0.7339262962341309,
pace-exact/exact123.gr,215,2070,mfp,1,1560.0,,0.0572509765625,
pace-exact/exact123.gr,215,2070,mfp,2,1516.0,,0.052466869354248,
pace-exact/exact123.gr,215,2070,ins,0,416.0,,0.0464444160461425,
pace-exact/exact123.gr,215,2070,ins,1,416.0,,0.0084095001220703,
pace-exact/exact123.gr,215,2070,ins,2,416.0,,0.0041613578796386,
pace-exact/exact123.gr,215,2070,flip,0,416.0,,0.1522672176361084,
pace-exact/exact123.gr,215,2070,flip,1,416.0,,0.1509320735931396,
pace-exact/exact123.gr,215,2070,flip,2,416.0,,0.152205228805542,
pace-exact/exact120.gr,213,3232,kapoce,0,195.0,,41.64055776596069,
pace-exact/exact123.gr,215,2070,lb:greedy,0,,384.0,0.0357968807220459,
pace-exact/exact123.gr,215,2070,lb:tri-mwu,0,,414.9542253521127,0.0555734634399414,
pace-exact/exact124.gr,215,4452,pivot,0,970.0,,0.0071926116943359,
pace-exact/exact124.gr,215,4452,pivot,1,938.0,,0.0001387596130371,
pace-exact/exact124.gr,215,4452,pivot,2,1336.0,,8.96453857421875e-05,
pace-exact/exact124.gr,215,4452,pivot50,0,792.0,,0.0065517425537109,
pace-exact/exact124.gr,215,4452,pivot50,1,797.0,,0.0026228427886962,
pace-exact/exact124.gr,215,4452,pivot50,2,779.0,,0.006570816040039,
pace-exact/exact124.gr,215,4452,vote,0,737.0,,0.0085146427154541,
pace-exact/exact124.gr,215,4452,vote,1,732.0,,0.0003488063812255,
pace-exact/exact124.gr,215,4452,vote,2,736.0,,0.0003333091735839,
pace-exact/exact124.gr,215,4452,louvain,0,734.0,,0.01204514503479,
pace-exact/exact124.gr,215,4452,louvain,1,732.0,,0.0009057521820068,
pace-exact/exact124.gr,215,4452,louvain,2,734.0,,0.0049366950988769,
pace-exact/exact124.gr,215,4452,leiden,0,732.0,,0.8875038623809814,
pace-exact/exact124.gr,215,4452,leiden,1,734.0,,0.0327980518341064,
pace-exact/exact124.gr,215,4452,leiden,2,732.0,,0.0412335395812988,
pace-exact/exact124.gr,215,4452,mfp,0,2602.0,,0.3349866867065429,
pace-exact/exact124.gr,215,4452,mfp,1,2405.0,,0.2232747077941894,
pace-exact/exact124.gr,215,4452,mfp,2,2435.0,,1.0005004405975342,
pace-exact/exact124.gr,215,4452,ins,0,732.0,,0.0538272857666015,
pace-exact/exact124.gr,215,4452,ins,1,732.0,,0.0150120258331298,
pace-exact/exact124.gr,215,4452,ins,2,732.0,,0.0147511959075927,
pace-exact/exact124.gr,215,4452,flip,0,732.0,,0.3567190170288086,
pace-exact/exact124.gr,215,4452,flip,1,732.0,,0.3588953018188476,
pace-exact/exact124.gr,215,4452,flip,2,732.0,,0.3573355674743652,
pace-exact/exact122.gr,215,1098,kapoce,0,410.0,,27.237823009490967,
pace-exact/exact124.gr,215,4452,lb:greedy,0,,667.0,0.0414075851440429,
pace-exact/exact124.gr,215,4452,lb:tri-mwu,0,,724.3767605633802,0.1072454452514648,
pace-exact/exact125.gr,215,6896,pivot,0,2915.0,,0.0001754760742187,
pace-exact/exact125.gr,215,6896,pivot,1,1754.0,,0.0001182556152343,
pace-exact/exact125.gr,215,6896,pivot,2,1622.0,,0.0041322708129882,
pace-exact/exact125.gr,215,6896,pivot50,0,1588.0,,0.0068202018737792,
pace-exact/exact125.gr,215,6896,pivot50,1,1476.0,,0.0068655014038085,
pace-exact/exact125.gr,215,6896,pivot50,2,1622.0,,0.0068163871765136,
pace-exact/exact125.gr,215,6896,vote,0,1414.0,,0.0004365444183349,
pace-exact/exact125.gr,215,6896,vote,1,1413.0,,0.0004603862762451,
pace-exact/exact125.gr,215,6896,vote,2,1413.0,,0.0004000663757324,
pace-exact/exact125.gr,215,6896,louvain,0,1413.0,,0.0012352466583251,
pace-exact/exact125.gr,215,6896,louvain,1,1413.0,,0.00114107131958,
pace-exact/exact125.gr,215,6896,louvain,2,1413.0,,0.0011329650878906,
pace-exact/exact125.gr,215,6896,leiden,0,1413.0,,0.934504508972168,
pace-exact/exact125.gr,215,6896,leiden,1,1413.0,,0.0698537826538086,
pace-exact/exact125.gr,215,6896,leiden,2,1415.0,,0.04832124710083,
pace-exact/exact125.gr,215,6896,mfp,0,4877.0,,0.425058364868164,
pace-exact/exact125.gr,215,6896,mfp,1,4348.0,,1.1967658996582031,
pace-exact/exact125.gr,215,6896,mfp,2,5366.0,,0.4147994518280029,
pace-exact/exact125.gr,215,6896,ins,0,1413.0,,0.0985999107360839,
pace-exact/exact125.gr,215,6896,ins,1,1413.0,,0.0613050460815429,
pace-exact/exact125.gr,215,6896,ins,2,1413.0,,0.0683095455169677,
pace-exact/exact125.gr,215,6896,flip,0,1413.0,,1.051466464996338,
pace-exact/exact125.gr,215,6896,flip,1,1413.0,,1.034665584564209,
pace-exact/exact125.gr,215,6896,flip,2,1413.0,,1.067105054855347,
pace-exact/exact123.gr,215,2070,kapoce,0,416.0,,39.15563726425171,
pace-exact/exact121.gr,213,6773,kapoce,0,742.0,,60.10378623008728,
pace-exact/exact125.gr,215,6896,lb:greedy,0,,1243.0,0.0199062824249267,
pace-exact/exact125.gr,215,6896,lb:tri-mwu,0,,1398.838028169014,0.2737429141998291,
pace-exact/exact126.gr,216,1008,pivot,0,229.0,,0.000157356262207,
pace-exact/exact126.gr,216,1008,pivot,1,383.0,,9.226799011230467e-05,
pace-exact/exact126.gr,216,1008,pivot,2,160.0,,7.43865966796875e-05,
pace-exact/exact126.gr,216,1008,pivot50,0,150.0,,0.0023438930511474,
pace-exact/exact126.gr,216,1008,pivot50,1,161.0,,0.0033698081970214,
pace-exact/exact126.gr,216,1008,pivot50,2,153.0,,0.0023834705352783,
pace-exact/exact126.gr,216,1008,vote,0,160.0,,0.0001823902130126,
pace-exact/exact126.gr,216,1008,vote,1,151.0,,0.0002110004425048,
pace-exact/exact126.gr,216,1008,vote,2,150.0,,0.0002088546752929,
pace-exact/exact126.gr,216,1008,louvain,0,149.0,,0.0006725788116455,
pace-exact/exact126.gr,216,1008,louvain,1,150.0,,0.7080585956573486,
pace-exact/exact126.gr,216,1008,louvain,2,149.0,,0.0006976127624511,
pace-exact/exact126.gr,216,1008,leiden,0,150.0,,0.9264984130859376,
pace-exact/exact126.gr,216,1008,leiden,1,150.0,,0.0268397331237792,
pace-exact/exact126.gr,216,1008,leiden,2,149.0,,0.0378892421722412,
pace-exact/exact126.gr,216,1008,mfp,0,685.0,,0.0760440826416015,
pace-exact/exact126.gr,216,1008,mfp,1,709.0,,0.0243070125579834,
pace-exact/exact126.gr,216,1008,mfp,2,525.0,,0.0205042362213134,
pace-exact/exact126.gr,216,1008,ins,0,149.0,,0.0158495903015136,
pace-exact/exact126.gr,216,1008,ins,1,149.0,,0.006922960281372,
pace-exact/exact126.gr,216,1008,ins,2,150.0,,0.0018749237060546,
pace-exact/exact126.gr,216,1008,flip,0,149.0,,0.0813820362091064,
pace-exact/exact126.gr,216,1008,flip,1,149.0,,0.0894763469696044,
pace-exact/exact126.gr,216,1008,flip,2,149.0,,0.0821115970611572,
pace-exact/exact126.gr,216,1008,lb:greedy,0,,142.0,0.0084571838378906,
pace-exact/exact126.gr,216,1008,lb:tri-mwu,0,,147.3838028169014,0.0330798625946044,
pace-exact/exact127.gr,216,3070,pivot,0,213.0,,0.0004346370697021,
pace-exact/exact127.gr,216,3070,pivot,1,181.0,,8.058547973632812e-05,
pace-exact/exact127.gr,216,3070,pivot,2,288.0,,8.273124694824219e-05,
pace-exact/exact127.gr,216,3070,pivot50,0,135.0,,0.0115332603454589,
pace-exact/exact127.gr,216,3070,pivot50,1,133.0,,0.0116469860076904,
pace-exact/exact127.gr,216,3070,pivot50,2,132.0,,0.0032804012298583,
pace-exact/exact127.gr,216,3070,vote,0,131.0,,0.0003407001495361,
pace-exact/exact127.gr,216,3070,vote,1,131.0,,0.0003080368041992,
pace-exact/exact127.gr,216,3070,vote,2,131.0,,0.0002796649932861,
pace-exact/exact127.gr,216,3070,louvain,0,131.0,,0.7041597366333008,
pace-exact/exact127.gr,216,3070,louvain,1,131.0,,0.0007989406585693,
pace-exact/exact127.gr,216,3070,louvain,2,131.0,,0.0007867813110351,
pace-exact/exact127.gr,216,3070,leiden,0,131.0,,1.0048885345458984,
pace-exact/exact127.gr,216,3070,leiden,1,130.0,,0.0278756618499755,
pace-exact/exact127.gr,216,3070,leiden,2,131.0,,0.0427255630493164,
pace-exact/exact127.gr,216,3070,mfp,0,285.0,,0.2161953449249267,
pace-exact/exact127.gr,216,3070,mfp,1,341.0,,0.2736396789550781,
pace-exact/exact127.gr,216,3070,mfp,2,1141.0,,0.1691336631774902,
pace-exact/exact127.gr,216,3070,ins,0,130.0,,0.0174169540405273,
pace-exact/exact127.gr,216,3070,ins,1,130.0,,0.0037739276885986,
pace-exact/exact127.gr,216,3070,ins,2,130.0,,0.0089106559753417,
pace-exact/exact127.gr,216,3070,flip,0,130.0,,0.1323626041412353,
pace-exact/exact127.gr,216,3070,flip,1,130.0,,0.1507062911987304,
pace-exact/exact127.gr,216,3070,flip,2,130.0,,0.1488871574401855,
pace-exact/exact124.gr,215,4452,kapoce,0,732.0,,60.08037972450256,
pace-exact/exact127.gr,216,3070,lb:greedy,0,,125.0,0.0101380348205566,
pace-exact/exact127.gr,216,3070,lb:tri-mwu,0,,129.5387323943662,0.0405988693237304,
pace-exact/exact128.gr,216,3466,pivot,0,201.0,,0.0001201629638671,
pace-exact/exact128.gr,216,3466,pivot,1,109.0,,0.0001225471496582,
pace-exact/exact128.gr,216,3466,pivot,2,167.0,,8.106231689453125e-05,
pace-exact/exact128.gr,216,3466,pivot50,0,109.0,,0.0039238929748535,
pace-exact/exact128.gr,216,3466,pivot50,1,108.0,,0.0023994445800781,
pace-exact/exact128.gr,216,3466,pivot50,2,109.0,,0.0024166107177734,
pace-exact/exact128.gr,216,3466,vote,0,108.0,,0.000267744064331,
pace-exact/exact128.gr,216,3466,vote,1,108.0,,0.0002429485321044,
pace-exact/exact128.gr,216,3466,vote,2,108.0,,0.0002772808074951,
pace-exact/exact128.gr,216,3466,louvain,0,108.0,,0.6818602085113525,
pace-exact/exact128.gr,216,3466,louvain,1,108.0,,0.0008625984191894,
pace-exact/exact128.gr,216,3466,louvain,2,108.0,,0.000781774520874,
pace-exact/exact128.gr,216,3466,leiden,0,108.0,,0.925917625427246,
pace-exact/exact128.gr,216,3466,leiden,1,108.0,,0.0217640399932861,
pace-exact/exact128.gr,216,3466,leiden,2,108.0,,0.030250072479248,
pace-exact/exact128.gr,216,3466,mfp,0,305.0,,0.215299367904663,
pace-exact/exact128.gr,216,3466,mfp,1,297.0,,0.1679916381835937,
pace-exact/exact128.gr,216,3466,mfp,2,310.0,,0.1836822032928466,
pace-exact/exact128.gr,216,3466,ins,0,108.0,,0.0232546329498291,
pace-exact/exact128.gr,216,3466,ins,1,108.0,,0.010406494140625,
pace-exact/exact128.gr,216,3466,ins,2,108.0,,0.011775255203247,
pace-exact/exact128.gr,216,3466,flip,0,108.0,,0.1430778503417968,
pace-exact/exact128.gr,216,3466,flip,1,108.0,,0.1405627727508545,
pace-exact/exact128.gr,216,3466,flip,2,108.0,,0.14119553565979,
pace-exact/exact126.gr,216,1008,kapoce,0,149.0,,22.76558566093445,
pace-exact/exact128.gr,216,3466,lb:greedy,0,,108.0,0.0061213970184326,
pace-exact/exact128.gr,216,3466,lb:tri-mwu,0,,107.67605633802818,0.0206248760223388,
pace-exact/exact129.gr,216,6964,pivot,0,2693.0,,0.0002601146697998,
pace-exact/exact129.gr,216,6964,pivot,1,2406.0,,0.0001142024993896,
pace-exact/exact129.gr,216,6964,pivot,2,2901.0,,0.7081222534179688,
pace-exact/exact129.gr,216,6964,pivot50,0,2291.0,,0.0070185661315917,
pace-exact/exact129.gr,216,6964,pivot50,1,2406.0,,0.006718635559082,
pace-exact/exact129.gr,216,6964,pivot50,2,2473.0,,0.0027194023132324,
pace-exact/exact129.gr,216,6964,vote,0,2211.0,,0.0088770389556884,
pace-exact/exact129.gr,216,6964,vote,1,2221.0,,0.0005199909210205,
pace-exact/exact129.gr,216,6964,vote,2,2211.0,,0.000382661819458,
pace-exact/exact129.gr,216,6964,louvain,0,2211.0,,0.0078492164611816,
pace-exact/exact129.gr,216,6964,louvain,1,2211.0,,0.0012087821960449,
pace-exact/exact129.gr,216,6964,louvain,2,2211.0,,0.0011870861053466,
pace-exact/exact129.gr,216,6964,leiden,0,2211.0,,0.7237520217895508,
pace-exact/exact129.gr,216,6964,leiden,1,2211.0,,0.0840821266174316,
pace-exact/exact129.gr,216,6964,leiden,2,2211.0,,0.0581111907958984,
pace-exact/exact129.gr,216,6964,mfp,0,5350.0,,0.4297835826873779,
pace-exact/exact129.gr,216,6964,mfp,1,5407.0,,0.366617202758789,
pace-exact/exact129.gr,216,6964,mfp,2,5450.0,,0.3788850307464599,
pace-exact/exact129.gr,216,6964,ins,0,2211.0,,0.0960125923156738,
pace-exact/exact129.gr,216,6964,ins,1,2211.0,,0.082406997680664,
pace-exact/exact129.gr,216,6964,ins,2,2211.0,,0.1060254573822021,
pace-exact/exact129.gr,216,6964,flip,0,2211.0,,1.453660488128662,
pace-exact/exact129.gr,216,6964,flip,1,2211.0,,2.222886800765991,
pace-exact/exact129.gr,216,6964,flip,2,2211.0,,1.343808889389038,
pace-exact/exact125.gr,215,6896,kapoce,0,1413.0,,60.09780311584473,
pace-exact/exact127.gr,216,3070,kapoce,0,130.0,,47.58060050010681,
pace-exact/exact129.gr,216,6964,lb:greedy,0,,1815.0,0.0399422645568847,
pace-exact/exact129.gr,216,6964,lb:tri-mwu,0,,2173.1021126760565,0.401996374130249,
pace-exact/exact130.gr,221,723,pivot,0,169.0,,0.0001220703125,
pace-exact/exact130.gr,221,723,pivot,1,254.0,,0.7036635875701904,
pace-exact/exact130.gr,221,723,pivot,2,266.0,,0.0001206398010253,
pace-exact/exact130.gr,221,723,pivot50,0,161.0,,0.0024983882904052,
pace-exact/exact130.gr,221,723,pivot50,1,154.0,,0.0025980472564697,
pace-exact/exact130.gr,221,723,pivot50,2,147.0,,0.0022063255310058,
pace-exact/exact130.gr,221,723,vote,0,132.0,,0.0085630416870117,
pace-exact/exact130.gr,221,723,vote,1,132.0,,0.0001728534698486,
pace-exact/exact130.gr,221,723,vote,2,131.0,,0.0001404285430908,
pace-exact/exact130.gr,221,723,louvain,0,132.0,,0.019723892211914,
pace-exact/exact130.gr,221,723,louvain,1,132.0,,0.0027050971984863,
pace-exact/exact130.gr,221,723,louvain,2,131.0,,0.0006742477416992,
pace-exact/exact130.gr,221,723,leiden,0,131.0,,0.8629460334777832,
pace-exact/exact130.gr,221,723,leiden,1,129.0,,0.0216579437255859,
pace-exact/exact130.gr,221,723,leiden,2,135.0,,0.0210349559783935,
pace-exact/exact130.gr,221,723,mfp,0,372.0,,0.0515496730804443,
pace-exact/exact130.gr,221,723,mfp,1,366.0,,0.0089106559753417,
pace-exact/exact130.gr,221,723,mfp,2,362.0,,0.0084333419799804,
pace-exact/exact130.gr,221,723,ins,0,130.0,,0.0121107101440429,
pace-exact/exact130.gr,221,723,ins,1,130.0,,0.0013818740844726,
pace-exact/exact130.gr,221,723,ins,2,130.0,,0.0014255046844482,
pace-exact/exact130.gr,221,723,flip,0,129.0,,0.7731599807739258,
pace-exact/exact130.gr,221,723,flip,1,129.0,,0.063011884689331,
pace-exact/exact130.gr,221,723,flip,2,129.0,,0.0463638305664062,
pace-exact/exact128.gr,216,3466,kapoce,0,108.0,,40.66809630393982,
pace-exact/exact130.gr,221,723,lb:greedy,0,,109.0,0.008451223373413,
pace-exact/exact130.gr,221,723,lb:tri-mwu,0,,120.84507042253522,0.0393719673156738,
pace-exact/exact131.gr,221,1091,pivot,0,522.0,,0.0001418590545654,
pace-exact/exact131.gr,221,1091,pivot,1,561.0,,0.7705605030059814,
pace-exact/exact131.gr,221,1091,pivot,2,660.0,,0.0001146793365478,
pace-exact/exact131.gr,221,1091,pivot50,0,458.0,,0.0104856491088867,
pace-exact/exact131.gr,221,1091,pivot50,1,485.0,,0.0023055076599121,
pace-exact/exact131.gr,221,1091,pivot50,2,461.0,,0.0023238658905029,
pace-exact/exact131.gr,221,1091,vote,0,389.0,,0.0127747058868408,
pace-exact/exact131.gr,221,1091,vote,1,395.0,,0.0002014636993408,
pace-exact/exact131.gr,221,1091,vote,2,392.0,,0.0001971721649169,
pace-exact/exact131.gr,221,1091,louvain,0,389.0,,0.0239007472991943,
pace-exact/exact131.gr,221,1091,louvain,1,392.0,,0.0089492797851562,
pace-exact/exact131.gr,221,1091,louvain,2,391.0,,0.0006508827209472,
pace-exact/exact131.gr,221,1091,leiden,0,392.0,,0.8821444511413574,
pace-exact/exact131.gr,221,1091,leiden,1,386.0,,0.0293581485748291,
pace-exact/exact131.gr,221,1091,leiden,2,388.0,,0.0260281562805175,
pace-exact/exact131.gr,221,1091,mfp,0,778.0,,0.0497322082519531,
pace-exact/exact131.gr,221,1091,mfp,1,936.0,,0.0107462406158447,
pace-exact/exact131.gr,221,1091,mfp,2,806.0,,0.0106971263885498,
pace-exact/exact131.gr,221,1091,ins,0,387.0,,0.0159616470336914,
pace-exact/exact131.gr,221,1091,ins,1,386.0,,0.0069222450256347,
pace-exact/exact131.gr,221,1091,ins,2,388.0,,0.0066664218902587,
pace-exact/exact131.gr,221,1091,flip,0,386.0,,0.829298734664917,
pace-exact/exact131.gr,221,1091,flip,1,386.0,,0.1112642288208007,
pace-exact/exact131.gr,221,1091,flip,2,386.0,,0.1057779788970947,
pace-exact/exact130.gr,221,723,kapoce,0,129.0,,18.018112421035767,
pace-exact/exact131.gr,221,1091,lb:greedy,0,,318.0,0.0041096210479736,
pace-exact/exact131.gr,221,1091,lb:tri-mwu,0,,350.7147887323944,0.031644582748413,
pace-exact/exact132.gr,221,7291,pivot,0,6478.0,,0.0001356601715087,
pace-exact/exact132.gr,221,7291,pivot,1,6202.0,,9.775161743164062e-05,
pace-exact/exact132.gr,221,7291,pivot,2,5876.0,,9.72747802734375e-05,
pace-exact/exact132.gr,221,7291,pivot50,0,5666.0,,0.0028886795043945,
pace-exact/exact132.gr,221,7291,pivot50,1,5472.0,,0.0028820037841796,
pace-exact/exact132.gr,221,7291,pivot50,2,5681.0,,0.0028982162475585,
pace-exact/exact132.gr,221,7291,vote,0,4480.0,,0.0005960464477539,
pace-exact/exact132.gr,221,7291,vote,1,4476.0,,0.0006041526794433,
pace-exact/exact132.gr,221,7291,vote,2,4478.0,,0.0005366802215576,
pace-exact/exact132.gr,221,7291,louvain,0,4478.0,,0.0014843940734863,
pace-exact/exact132.gr,221,7291,louvain,1,4476.0,,0.0017144680023193,
pace-exact/exact132.gr,221,7291,louvain,2,4478.0,,0.0016679763793945,
pace-exact/exact132.gr,221,7291,leiden,0,4477.0,,0.7052905559539795,
pace-exact/exact132.gr,221,7291,leiden,1,4476.0,,0.9113030433654784,
pace-exact/exact132.gr,221,7291,leiden,2,4479.0,,0.0894794464111328,
pace-exact/exact132.gr,221,7291,mfp,0,8137.0,,0.3198692798614502,
pace-exact/exact132.gr,221,7291,mfp,1,7419.0,,0.2542738914489746,
pace-exact/exact132.gr,221,7291,mfp,2,7341.0,,0.2577412128448486,
pace-exact/exact132.gr,221,7291,ins,0,4477.0,,0.2100491523742675,
pace-exact/exact132.gr,221,7291,ins,1,4476.0,,0.1770946979522705,
pace-exact/exact132.gr,221,7291,ins,2,4477.0,,0.1818771362304687,
pace-exact/exact132.gr,221,7291,flip,0,4476.0,,2.972403287887573,
pace-exact/exact132.gr,221,7291,flip,1,4476.0,,3.2060446739196777,
pace-exact/exact132.gr,221,7291,flip,2,4476.0,,3.0465192794799805,
pace-exact/exact131.gr,221,1091,kapoce,0,386.0,,27.718472003936768,
pace-exact/exact132.gr,221,7291,lb:greedy,0,,2953.0,0.0322034358978271,
pace-exact/exact132.gr,221,7291,lb:tri-mwu,0,,3630.6666666666665,0.7791895866394043,
pace-exact/exact133.gr,221,18291,pivot,0,7227.0,,0.0001912117004394,
pace-exact/exact133.gr,221,18291,pivot,1,6578.0,,0.0001485347747802,
pace-exact/exact133.gr,221,18291,pivot,2,5601.0,,0.0001220703125,
pace-exact/exact133.gr,221,18291,pivot50,0,5275.0,,0.0038287639617919,
pace-exact/exact133.gr,221,18291,pivot50,1,5275.0,,0.0037789344787597,
pace-exact/exact133.gr,221,18291,pivot50,2,5599.0,,0.0037653446197509,
pace-exact/exact133.gr,221,18291,vote,0,4839.0,,0.0007970333099365,
pace-exact/exact133.gr,221,18291,vote,1,4839.0,,0.0008792877197265,
pace-exact/exact133.gr,221,18291,vote,2,4836.0,,0.0007550716400146,
pace-exact/exact133.gr,221,18291,louvain,0,4836.0,,0.0019128322601318,
pace-exact/exact133.gr,221,18291,louvain,1,4836.0,,0.0018439292907714,
pace-exact/exact133.gr,221,18291,louvain,2,4836.0,,0.0018019676208496,
pace-exact/exact133.gr,221,18291,leiden,0,4836.0,,0.924088716506958,
pace-exact/exact133.gr,221,18291,leiden,1,4836.0,,1.0129024982452393,
pace-exact/exact133.gr,221,18291,leiden,2,4836.0,,0.1145880222320556,
pace-exact/exact129.gr,216,6964,kapoce,0,2211.0,,60.10051369667053,
pace-exact/exact133.gr,221,18291,mfp,0,9872.0,,2.4554224014282227,
pace-exact/exact133.gr,221,18291,mfp,1,13034.0,,2.377982378005981,
pace-exact/exact133.gr,221,18291,ins,0,4836.0,,0.3080887794494629,
pace-exact/exact133.gr,221,18291,ins,1,4836.0,,0.318854808807373,
pace-exact/exact133.gr,221,18291,ins,2,4836.0,,0.3081886768341064,
pace-exact/exact133.gr,221,18291,mfp,2,9005.0,,2.389583110809326,
pace-exact/exact133.gr,221,18291,flip,0,4836.0,,4.969915390014648,
pace-exact/exact133.gr,221,18291,flip,1,4836.0,,4.845808029174805,
pace-exact/exact133.gr,221,18291,flip,2,4836.0,,5.227152347564697,
pace-exact/exact132.gr,221,7291,kapoce,0,4476.0,,60.12260603904724,
pace-exact/exact133.gr,221,18291,lb:greedy,0,,3738.0,0.1993570327758789,
pace-exact/exact134.gr,232,3633,pivot,0,929.0,,0.0001616477966308,
pace-exact/exact134.gr,232,3633,pivot,1,2168.0,,8.58306884765625e-05,
pace-exact/exact134.gr,232,3633,pivot,2,1026.0,,8.273124694824219e-05,
pace-exact/exact134.gr,232,3633,pivot50,0,837.0,,0.0063593387603759,
pace-exact/exact134.gr,232,3633,pivot50,1,848.0,,0.0063586235046386,
pace-exact/exact134.gr,232,3633,pivot50,2,826.0,,0.0023767948150634,
pace-exact/exact134.gr,232,3633,vote,0,776.0,,0.0002739429473876,
pace-exact/exact134.gr,232,3633,vote,1,772.0,,0.0002648830413818,
pace-exact/exact134.gr,232,3633,vote,2,792.0,,0.0002787113189697,
pace-exact/exact134.gr,232,3633,louvain,0,772.0,,0.000847578048706,
pace-exact/exact134.gr,232,3633,louvain,1,772.0,,0.0008032321929931,
pace-exact/exact134.gr,232,3633,louvain,2,780.0,,0.0008051395416259,
pace-exact/exact133.gr,221,18291,lb:tri-mwu,0,,4788.084507042254,1.673888921737671,
pace-exact/exact134.gr,232,3633,leiden,1,772.0,,0.0492646694183349,
pace-exact/exact134.gr,232,3633,leiden,2,772.0,,0.0367898941040039,
pace-exact/exact134.gr,232,3633,leiden,0,792.0,,0.8557944297790527,
pace-exact/exact134.gr,232,3633,mfp,0,3125.0,,0.1980326175689697,
pace-exact/exact134.gr,232,3633,mfp,1,2470.0,,0.2610819339752197,
pace-exact/exact134.gr,232,3633,mfp,2,2376.0,,0.2076277732849121,
pace-exact/exact134.gr,232,3633,ins,0,772.0,,0.010059118270874,
pace-exact/exact134.gr,232,3633,ins,2,772.0,,0.0095984935760498,
pace-exact/exact134.gr,232,3633,ins,1,772.0,,0.0147151947021484,
pace-exact/exact134.gr,232,3633,flip,0,772.0,,0.3585529327392578,
pace-exact/exact134.gr,232,3633,flip,1,772.0,,1.1163301467895508,
pace-exact/exact134.gr,232,3633,flip,2,772.0,,1.0565829277038574,
pace-exact/exact134.gr,232,3633,lb:greedy,0,,752.0,0.0162386894226074,
pace-exact/exact134.gr,232,3633,lb:tri-mwu,0,,764.7253521126761,0.1227192878723144,
pace-exact/exact135.gr,232,3633,pivot,0,929.0,,0.0001592636108398,
pace-exact/exact135.gr,232,3633,pivot,1,2168.0,,0.0002009868621826,
pace-exact/exact135.gr,232,3633,pivot,2,1026.0,,7.963180541992188e-05,
pace-exact/exact135.gr,232,3633,pivot50,0,837.0,,0.0025076866149902,
pace-exact/exact135.gr,232,3633,pivot50,1,848.0,,0.0023982524871826,
pace-exact/exact135.gr,232,3633,pivot50,2,826.0,,0.0023493766784667,
pace-exact/exact135.gr,232,3633,vote,0,776.0,,0.0002608299255371,
pace-exact/exact135.gr,232,3633,vote,1,772.0,,0.0002756118774414,
pace-exact/exact135.gr,232,3633,vote,2,792.0,,0.0002551078796386,
pace-exact/exact135.gr,232,3633,louvain,0,772.0,,0.0008323192596435,
pace-exact/exact135.gr,232,3633,louvain,1,772.0,,0.0008273124694824,
pace-exact/exact135.gr,232,3633,louvain,2,780.0,,0.0008180141448974,
pace-exact/exact135.gr,232,3633,leiden,0,792.0,,0.970801591873169,
pace-exact/exact135.gr,232,3633,leiden,1,772.0,,0.0484287738800048,
pace-exact/exact135.gr,232,3633,leiden,2,772.0,,0.0364017486572265,
pace-exact/exact135.gr,232,3633,mfp,0,3125.0,,0.2075746059417724,
pace-exact/exact135.gr,232,3633,mfp,1,2470.0,,1.1054513454437256,
pace-exact/exact135.gr,232,3633,mfp,2,2376.0,,0.2047252655029297,
pace-exact/exact135.gr,232,3633,ins,0,772.0,,0.0864787101745605,
pace-exact/exact135.gr,232,3633,ins,1,772.0,,0.0206987857818603,
pace-exact/exact135.gr,232,3633,ins,2,772.0,,0.0209579467773437,
pace-exact/exact135.gr,232,3633,flip,0,772.0,,0.3184497356414795,
pace-exact/exact135.gr,232,3633,flip,1,772.0,,0.3582246303558349,
pace-exact/exact135.gr,232,3633,flip,2,772.0,,0.3104200363159179,
pace-exact/exact135.gr,232,3633,lb:greedy,0,,752.0,0.0214827060699462,
pace-exact/exact135.gr,232,3633,lb:tri-mwu,0,,764.7253521126761,0.1242380142211914,
pace-exact/exact136.gr,232,4981,pivot,0,81.0,,0.0001459121704101,
pace-exact/exact136.gr,232,4981,pivot,1,268.0,,0.0001187324523925,
pace-exact/exact136.gr,232,4981,pivot,2,91.0,,9.179115295410156e-05,
pace-exact/exact136.gr,232,4981,pivot50,0,81.0,,0.0030293464660644,
pace-exact/exact136.gr,232,4981,pivot50,1,81.0,,0.0025272369384765,
pace-exact/exact136.gr,232,4981,pivot50,2,81.0,,0.0029318332672119,
pace-exact/exact136.gr,232,4981,vote,0,81.0,,0.0002601146697998,
pace-exact/exact136.gr,232,4981,vote,1,81.0,,0.0002672672271728,
pace-exact/exact136.gr,232,4981,vote,2,81.0,,0.0002825260162353,
pace-exact/exact136.gr,232,4981,louvain,0,81.0,,0.0008471012115478,
pace-exact/exact136.gr,232,4981,louvain,1,81.0,,0.0008172988891601,
pace-exact/exact136.gr,232,4981,louvain,2,81.0,,0.0007741451263427,
pace-exact/exact136.gr,232,4981,leiden,0,81.0,,1.003666639328003,
pace-exact/exact136.gr,232,4981,leiden,1,81.0,,0.0591769218444824,
pace-exact/exact136.gr,232,4981,leiden,2,81.0,,0.0404026508331298,
pace-exact/exact136.gr,232,4981,mfp,0,1128.0,,0.4537484645843506,
pace-exact/exact136.gr,232,4981,mfp,1,143.0,,0.4120469093322754,
pace-exact/exact136.gr,232,4981,mfp,2,673.0,,0.4236800670623779,
pace-exact/exact136.gr,232,4981,ins,0,81.0,,0.0404160022735595,
pace-exact/exact136.gr,232,4981,ins,1,81.0,,0.0150010585784912,
pace-exact/exact136.gr,232,4981,ins,2,81.0,,0.0149903297424316,
pace-exact/exact136.gr,232,4981,flip,0,81.0,,0.103661298751831,
pace-exact/exact136.gr,232,4981,flip,1,81.0,,0.1524901390075683,
pace-exact/exact136.gr,232,4981,flip,2,81.0,,0.1586472988128662,
pace-exact/exact133.gr,221,18291,kapoce,0,4836.0,,60.13329029083252,
pace-exact/exact136.gr,232,4981,lb:greedy,0,,81.0,0.0222229957580566,
pace-exact/exact136.gr,232,4981,lb:tri-mwu,0,,81.0,0.0692391395568847,
pace-exact/exact137.gr,232,5578,pivot,0,16.0,,0.0001223087310791,
pace-exact/exact137.gr,232,5578,pivot,1,26.0,,0.0001177787780761,
pace-exact/exact137.gr,232,5578,pivot,2,16.0,,8.344650268554688e-05,
pace-exact/exact137.gr,232,5578,pivot50,0,16.0,,0.00246262550354,
pace-exact/exact137.gr,232,5578,pivot50,1,16.0,,0.0023717880249023,
pace-exact/exact137.gr,232,5578,pivot50,2,16.0,,0.7056725025177002,
pace-exact/exact137.gr,232,5578,vote,0,16.0,,0.009169578552246,
pace-exact/exact137.gr,232,5578,vote,1,16.0,,0.0003101825714111,
pace-exact/exact137.gr,232,5578,vote,2,18.0,,0.0002775192260742,
pace-exact/exact137.gr,232,5578,louvain,0,16.0,,0.0077791213989257,
pace-exact/exact137.gr,232,5578,louvain,1,16.0,,0.0008468627929687,
pace-exact/exact137.gr,232,5578,louvain,2,18.0,,0.0008544921875,
pace-exact/exact137.gr,232,5578,leiden,0,16.0,,0.997633695602417,
pace-exact/exact137.gr,232,5578,leiden,1,18.0,,0.0325655937194824,
pace-exact/exact137.gr,232,5578,leiden,2,16.0,,0.0322604179382324,
pace-exact/exact137.gr,232,5578,mfp,0,19.0,,0.5464303493499756,
pace-exact/exact137.gr,232,5578,mfp,1,32.0,,0.4795756340026855,
pace-exact/exact137.gr,232,5578,mfp,2,48.0,,0.4809205532073974,
pace-exact/exact137.gr,232,5578,ins,0,16.0,,0.0174570083618164,
pace-exact/exact137.gr,232,5578,ins,1,16.0,,0.0155310630798339,
pace-exact/exact137.gr,232,5578,ins,2,16.0,,0.0118725299835205,
pace-exact/exact137.gr,232,5578,flip,0,16.0,,0.2345819473266601,
pace-exact/exact137.gr,232,5578,flip,1,16.0,,0.2342641353607177,
pace-exact/exact137.gr,232,5578,flip,2,16.0,,0.2240152359008789,
pace-exact/exact134.gr,232,3633,kapoce,0,772.0,,54.41705346107483,
pace-exact/exact137.gr,232,5578,lb:greedy,0,,14.0,0.0844621658325195,
pace-exact/exact137.gr,232,5578,lb:tri-mwu,0,,15.584507042253522,0.0306687355041503,
pace-exact/exact138.gr,232,16859,pivot,0,11225.0,,0.0001459121704101,
pace-exact/exact138.gr,232,16859,pivot,1,9791.0,,0.0001194477081298,
pace-exact/exact138.gr,232,16859,pivot,2,11287.0,,9.775161743164062e-05,
pace-exact/exact138.gr,232,16859,pivot50,0,5545.0,,0.0036444664001464,
pace-exact/exact138.gr,232,16859,pivot50,1,5589.0,,0.0099999904632568,
pace-exact/exact138.gr,232,16859,pivot50,2,5447.0,,0.0037345886230468,
pace-exact/exact138.gr,232,16859,vote,0,5301.0,,0.0006525516510009,
pace-exact/exact138.gr,232,16859,vote,1,5306.0,,0.0010919570922851,
pace-exact/exact138.gr,232,16859,vote,2,5306.0,,0.0007705688476562,
pace-exact/exact138.gr,232,16859,louvain,0,5301.0,,0.0018045902252197,
pace-exact/exact138.gr,232,16859,louvain,1,5290.0,,0.0018081665039062,
pace-exact/exact138.gr,232,16859,louvain,2,5304.0,,0.0018746852874755,
pace-exact/exact138.gr,232,16859,leiden,0,5295.0,,0.892399787902832,
pace-exact/exact138.gr,232,16859,leiden,1,5298.0,,0.1756846904754638,
pace-exact/exact138.gr,232,16859,leiden,2,5299.0,,0.1302626132965088,
pace-exact/exact138.gr,232,16859,mfp,0,14875.0,,1.7875783443450928,
pace-exact/exact138.gr,232,16859,mfp,1,12640.0,,2.526824712753296,
pace-exact/exact138.gr,232,16859,mfp,2,11833.0,,2.0297305583953857,
pace-exact/exact138.gr,232,16859,ins,0,5289.0,,0.2846369743347168,
pace-exact/exact138.gr,232,16859,ins,1,5289.0,,0.2184884548187255,
pace-exact/exact138.gr,232,16859,ins,2,5292.0,,0.2125735282897949,
pace-exact/exact136.gr,232,4981,kapoce,0,81.0,,40.93427395820618,
pace-exact/exact135.gr,232,3633,kapoce,0,772.0,,54.74125862121582,
pace-exact/exact138.gr,232,16859,flip,0,5289.0,,4.53771710395813,
pace-exact/exact138.gr,232,16859,flip,1,5289.0,,4.773909330368042,
pace-exact/exact138.gr,232,16859,flip,2,5289.0,,4.473835229873657,
pace-exact/exact138.gr,232,16859,lb:greedy,0,,3607.0,0.1889867782592773,
pace-exact/exact138.gr,232,16859,lb:tri-mwu,0,,5212.345070422535,2.354597330093384,
pace-exact/exact139.gr,232,17300,pivot,0,11490.0,,0.0001568794250488,
pace-exact/exact139.gr,232,17300,pivot,1,9740.0,,0.0001447200775146,
pace-exact/exact139.gr,232,17300,pivot,2,11037.0,,0.0001242160797119,
pace-exact/exact139.gr,232,17300,pivot50,0,5778.0,,0.0079960823059082,
pace-exact/exact139.gr,232,17300,pivot50,1,5869.0,,0.0079338550567626,
pace-exact/exact139.gr,232,17300,pivot50,2,5620.0,,0.003800630569458,
pace-exact/exact139.gr,232,17300,vote,0,5516.0,,0.0007550716400146,
pace-exact/exact139.gr,232,17300,vote,1,5522.0,,1.0663294792175293,
pace-exact/exact139.gr,232,17300,vote,2,5514.0,,0.000903844833374,
pace-exact/exact139.gr,232,17300,louvain,0,5516.0,,0.0260641574859619,
pace-exact/exact139.gr,232,17300,louvain,1,5522.0,,0.0065000057220458,
pace-exact/exact139.gr,232,17300,louvain,2,5514.0,,0.0019299983978271,
pace-exact/exact137.gr,232,5578,kapoce,0,16.0,,44.91892051696777,
pace-exact/exact139.gr,232,17300,leiden,0,5517.0,,1.3381059169769287,
pace-exact/exact139.gr,232,17300,leiden,2,5517.0,,0.1818597316741943,
pace-exact/exact139.gr,232,17300,leiden,1,5517.0,,1.5666792392730713,
pace-exact/exact139.gr,232,17300,mfp,0,14865.0,,2.6226933002471924,
pace-exact/exact139.gr,232,17300,mfp,1,13040.0,,2.84740948677063,
pace-exact/exact139.gr,232,17300,ins,0,5517.0,,0.3111369609832763,
pace-exact/exact139.gr,232,17300,ins,1,5514.0,,0.3113541603088379,
pace-exact/exact139.gr,232,17300,ins,2,5514.0,,0.3151605129241943,
pace-exact/exact139.gr,232,17300,mfp,2,12019.0,,2.632840156555176,
pace-exact/exact139.gr,232,17300,flip,1,5514.0,,4.566852331161499,
pace-exact/exact139.gr,232,17300,flip,0,5514.0,,5.161964416503906,
pace-exact/exact139.gr,232,17300,flip,2,5514.0,,4.977570295333862,
pace-exact/exact139.gr,232,17300,lb:greedy,0,,3726.0,0.1589252948760986,
pace-exact/exact138.gr,232,16859,kapoce,0,5289.0,,60.15186405181885,
pace-exact/exact140.gr,250,1045,pivot,0,609.0,,0.00014328956604,
pace-exact/exact140.gr,250,1045,pivot,1,609.0,,8.845329284667969e-05,
pace-exact/exact140.gr,250,1045,pivot,2,625.0,,6.508827209472656e-05,
pace-exact/exact140.gr,250,1045,pivot50,0,558.0,,0.0105731487274169,
pace-exact/exact140.gr,250,1045,pivot50,1,556.0,,0.0069971084594726,
pace-exact/exact140.gr,250,1045,pivot50,2,578.0,,0.0024023056030273,
pace-exact/exact140.gr,250,1045,vote,0,466.0,,0.0002014636993408,
pace-exact/exact140.gr,250,1045,vote,1,466.0,,0.0002031326293945,
pace-exact/exact140.gr,250,1045,vote,2,467.0,,0.0001742839813232,
pace-exact/exact140.gr,250,1045,louvain,0,463.0,,0.0007939338684082,
pace-exact/exact140.gr,250,1045,louvain,1,465.0,,0.0007424354553222,
pace-exact/exact140.gr,250,1045,louvain,2,459.0,,0.000718355178833,
pace-exact/exact140.gr,250,1045,leiden,0,471.0,,1.0846199989318848,
pace-exact/exact140.gr,250,1045,leiden,1,472.0,,0.0446176528930664,
pace-exact/exact140.gr,250,1045,leiden,2,457.0,,0.0336856842041015,
pace-exact/exact140.gr,250,1045,mfp,0,947.0,,0.0253641605377197,
pace-exact/exact140.gr,250,1045,mfp,1,1042.0,,0.0056738853454589,
pace-exact/exact139.gr,232,17300,lb:tri-mwu,0,,5421.732394366197,2.446845054626465,
pace-exact/exact140.gr,250,1045,ins,0,452.0,,0.0027580261230468,
pace-exact/exact140.gr,250,1045,ins,1,453.0,,0.0027570724487304,
pace-exact/exact140.gr,250,1045,ins,2,453.0,,0.0025374889373779,
pace-exact/exact140.gr,250,1045,flip,0,452.0,,0.1115033626556396,
pace-exact/exact140.gr,250,1045,flip,1,452.0,,0.1416404247283935,
pace-exact/exact140.gr,250,1045,flip,2,452.0,,0.1756947040557861,
pace-exact/exact140.gr,250,1045,mfp,2,1046.0,,0.90881609916687,
pace-exact/exact140.gr,250,1045,lb:greedy,0,,368.0,0.0007753372192382,
pace-exact/exact140.gr,250,1045,lb:tri-mwu,0,,420.725352112676,0.0189754962921142,
pace-exact/exact141.gr,250,1450,pivot,0,901.0,,0.0001230239868164,
pace-exact/exact141.gr,250,1450,pivot,1,1028.0,,7.081031799316406e-05,
pace-exact/exact141.gr,250,1450,pivot,2,1016.0,,1.0195531845092771,
pace-exact/exact141.gr,250,1450,pivot50,0,879.0,,0.0039253234863281,
pace-exact/exact141.gr,250,1450,pivot50,1,848.0,,0.0106952190399169,
pace-exact/exact141.gr,250,1450,pivot50,2,907.0,,0.0065202713012695,
pace-exact/exact141.gr,250,1450,vote,0,738.0,,0.0131459236145019,
pace-exact/exact141.gr,250,1450,vote,1,706.0,,0.0002827644348144,
pace-exact/exact141.gr,250,1450,vote,2,708.0,,0.000209093093872,
pace-exact/exact141.gr,250,1450,louvain,0,724.0,,0.0080204010009765,
pace-exact/exact141.gr,250,1450,louvain,1,699.0,,0.0008251667022705,
pace-exact/exact141.gr,250,1450,louvain,2,707.0,,0.0007786750793457,
pace-exact/exact141.gr,250,1450,leiden,0,708.0,,1.4637281894683838,
pace-exact/exact141.gr,250,1450,leiden,1,716.0,,0.0652997493743896,
pace-exact/exact141.gr,250,1450,leiden,2,715.0,,0.0706253051757812,
pace-exact/exact141.gr,250,1450,mfp,0,1528.0,,0.0850872993469238,
pace-exact/exact141.gr,250,1450,mfp,1,1556.0,,0.0257585048675537,
pace-exact/exact141.gr,250,1450,mfp,2,1543.0,,0.0182249546051025,
pace-exact/exact141.gr,250,1450,ins,0,699.0,,0.0236709117889404,
pace-exact/exact141.gr,250,1450,ins,1,698.0,,0.0042734146118164,
pace-exact/exact141.gr,250,1450,ins,2,699.0,,0.0045993328094482,
pace-exact/exact141.gr,250,1450,flip,0,697.0,,0.1885855197906494,
pace-exact/exact141.gr,250,1450,flip,1,697.0,,1.3247218132019043,
pace-exact/exact141.gr,250,1450,flip,2,698.0,,0.1848657131195068,
pace-exact/exact139.gr,232,17300,kapoce,0,5514.0,,60.170053482055664,
pace-exact/exact141.gr,250,1450,lb:greedy,0,,550.0,0.0218260288238525,
pace-exact/exact141.gr,250,1450,lb:tri-mwu,0,,594.669014084507,0.0579338073730468,
pace-exact/exact142.gr,250,2451,pivot,0,877.0,,0.000126838684082,
pace-exact/exact142.gr,250,2451,pivot,1,877.0,,9.131431579589844e-05,
pace-exact/exact142.gr,250,2451,pivot,2,863.0,,7.581710815429688e-05,
pace-exact/exact142.gr,250,2451,pivot50,0,741.0,,0.0063240528106689,
pace-exact/exact142.gr,250,2451,pivot50,1,738.0,,0.010361909866333,
pace-exact/exact142.gr,250,2451,pivot50,2,711.0,,0.0062928199768066,
pace-exact/exact142.gr,250,2451,vote,0,566.0,,0.9052155017852784,
pace-exact/exact142.gr,250,2451,vote,1,567.0,,0.0003225803375244,
pace-exact/exact142.gr,250,2451,vote,2,576.0,,0.0003023147583007,
pace-exact/exact142.gr,250,2451,louvain,0,562.0,,0.0162110328674316,
pace-exact/exact142.gr,250,2451,louvain,1,562.0,,0.0008413791656494,
pace-exact/exact142.gr,250,2451,louvain,2,562.0,,0.0009980201721191,
pace-exact/exact142.gr,250,2451,leiden,0,566.0,,1.1958346366882324,
pace-exact/exact142.gr,250,2451,leiden,1,562.0,,0.0577945709228515,
pace-exact/exact142.gr,250,2451,leiden,2,566.0,,0.0675806999206543,
pace-exact/exact142.gr,250,2451,mfp,0,1589.0,,0.0884711742401123,
pace-exact/exact142.gr,250,2451,mfp,1,1712.0,,0.0419440269470214,
pace-exact/exact142.gr,250,2451,mfp,2,1654.0,,0.0457911491394043,
pace-exact/exact142.gr,250,2451,ins,0,562.0,,0.0229473114013671,
pace-exact/exact142.gr,250,2451,ins,1,562.0,,0.0079255104064941,
pace-exact/exact142.gr,250,2451,ins,2,562.0,,0.0078656673431396,
pace-exact/exact142.gr,250,2451,flip,0,562.0,,0.191098928451538,
pace-exact/exact142.gr,250,2451,flip,1,562.0,,0.2145140171051025,
pace-exact/exact142.gr,250,2451,flip,2,562.0,,0.2138710021972656,
pace-exact/exact140.gr,250,1045,kapoce,0,451.0,,37.3825798034668,
pace-exact/exact142.gr,250,2451,lb:greedy,0,,523.0,0.0095312595367431,
pace-exact/exact142.gr,250,2451,lb:tri-mwu,0,,557.3450704225352,0.0355911254882812,
pace-exact/exact143.gr,250,3813,pivot,0,1954.0,,0.000140905380249,
pace-exact/exact143.gr,250,3813,pivot,1,2333.0,,8.988380432128906e-05,
pace-exact/exact143.gr,250,3813,pivot,2,2214.0,,8.416175842285156e-05,
pace-exact/exact143.gr,250,3813,pivot50,0,1699.0,,0.0025672912597656,
pace-exact/exact143.gr,250,3813,pivot50,1,1783.0,,0.0025043487548828,
pace-exact/exact143.gr,250,3813,pivot50,2,1732.0,,0.002455711364746,
pace-exact/exact143.gr,250,3813,vote,0,1492.0,,0.004763126373291,
pace-exact/exact143.gr,250,3813,vote,1,1484.0,,0.0003347396850585,
pace-exact/exact143.gr,250,3813,vote,2,1481.0,,0.0003635883331298,
pace-exact/exact143.gr,250,3813,louvain,0,1492.0,,0.0103676319122314,
pace-exact/exact143.gr,250,3813,louvain,1,1480.0,,0.0010547637939453,
pace-exact/exact143.gr,250,3813,louvain,2,1481.0,,0.000953197479248,
pace-exact/exact143.gr,250,3813,leiden,0,1479.0,,0.8575243949890137,
pace-exact/exact143.gr,250,3813,leiden,1,1476.0,,0.0630881786346435,
pace-exact/exact143.gr,250,3813,leiden,2,1481.0,,0.0651426315307617,
pace-exact/exact143.gr,250,3813,mfp,0,3309.0,,0.1758451461791992,
pace-exact/exact143.gr,250,3813,mfp,1,3166.0,,1.0093090534210205,
pace-exact/exact143.gr,250,3813,mfp,2,2931.0,,0.1051943302154541,
pace-exact/exact143.gr,250,3813,ins,0,1476.0,,0.0962550640106201,
pace-exact/exact143.gr,250,3813,ins,1,1476.0,,0.0450050830841064,
pace-exact/exact143.gr,250,3813,ins,2,1476.0,,0.0370323657989501,
pace-exact/exact143.gr,250,3813,flip,0,1476.0,,0.7377169132232666,
pace-exact/exact143.gr,250,3813,flip,1,1475.0,,0.6547770500183105,
pace-exact/exact143.gr,250,3813,flip,2,1475.0,,0.5977299213409424,
pace-exact/exact141.gr,250,1450,kapoce,0,697.0,,47.9713020324707,
pace-exact/exact143.gr,250,3813,lb:greedy,0,,1178.0,0.0168066024780273,
pace-exact/exact143.gr,250,3813,lb:tri-mwu,0,,1423.098591549296,0.14398193359375,
pace-exact/exact144.gr,250,4507,pivot,0,1994.0,,0.0001695156097412,
pace-exact/exact144.gr,250,4507,pivot,1,2455.0,,0.0001163482666015,
pace-exact/exact144.gr,250,4507,pivot,2,2629.0,,9.465217590332033e-05,
pace-exact/exact144.gr,250,4507,pivot50,0,1927.0,,0.0068678855895996,
pace-exact/exact144.gr,250,4507,pivot50,1,1946.0,,0.0105199813842773,
pace-exact/exact144.gr,250,4507,pivot50,2,1938.0,,0.0105476379394531,
pace-exact/exact144.gr,250,4507,vote,0,1500.0,,0.0003571510314941,
pace-exact/exact144.gr,250,4507,vote,1,1504.0,,0.0003230571746826,
pace-exact/exact144.gr,250,4507,vote,2,1504.0,,0.0003926753997802,
pace-exact/exact144.gr,250,4507,louvain,0,1500.0,,0.0054073333740234,
pace-exact/exact144.gr,250,4507,louvain,1,1500.0,,0.0091991424560546,
pace-exact/exact144.gr,250,4507,louvain,2,1500.0,,0.0091309547424316,
pace-exact/exact144.gr,250,4507,leiden,0,1500.0,,1.3546452522277832,
pace-exact/exact144.gr,250,4507,leiden,1,1500.0,,0.0812313556671142,
pace-exact/exact144.gr,250,4507,leiden,2,1500.0,,0.0847780704498291,
pace-exact/exact144.gr,250,4507,mfp,0,3799.0,,1.1609611511230469,
pace-exact/exact144.gr,250,4507,mfp,1,3483.0,,0.1097385883331298,
pace-exact/exact144.gr,250,4507,mfp,2,3445.0,,0.105311632156372,
pace-exact/exact144.gr,250,4507,ins,0,1500.0,,0.056793212890625,
pace-exact/exact144.gr,250,4507,ins,1,1500.0,,0.0249226093292236,
pace-exact/exact144.gr,250,4507,ins,2,1500.0,,0.0235695838928222,
pace-exact/exact144.gr,250,4507,flip,0,1500.0,,0.5496885776519775,
pace-exact/exact144.gr,250,4507,flip,1,1500.0,,0.7274169921875,
pace-exact/exact144.gr,250,4507,flip,2,1500.0,,0.579603910446167,
pace-exact/exact142.gr,250,2451,kapoce,0,562.0,,60.09896945953369,
pace-exact/exact144.gr,250,4507,lb:greedy,0,,1352.0,0.0222330093383789,
pace-exact/exact144.gr,250,4507,lb:tri-mwu,0,,1487.3767605633802,0.2289793491363525,
pace-exact/exact145.gr,250,6574,pivot,0,2523.0,,0.0001401901245117,
pace-exact/exact145.gr,250,6574,pivot,1,3118.0,,0.0001213550567626,
pace-exact/exact145.gr,250,6574,pivot,2,2377.0,,0.0001146793365478,
pace-exact/exact145.gr,250,6574,pivot50,0,2001.0,,0.0079212188720703,
pace-exact/exact145.gr,250,6574,pivot50,1,1971.0,,0.0073757171630859,
pace-exact/exact145.gr,250,6574,pivot50,2,2015.0,,0.0026569366455078,
pace-exact/exact145.gr,250,6574,vote,0,1780.0,,0.00065279006958,
pace-exact/exact145.gr,250,6574,vote,1,1776.0,,0.0004136562347412,
pace-exact/exact145.gr,250,6574,louvain,0,1775.0,,0.001209020614624,
pace-exact/exact145.gr,250,6574,louvain,1,1776.0,,0.0011539459228515,
pace-exact/exact145.gr,250,6574,louvain,2,1775.0,,0.0010762214660644,
pace-exact/exact145.gr,250,6574,vote,2,1775.0,,0.9819738864898682,
pace-exact/exact145.gr,250,6574,leiden,0,1775.0,,0.9812994003295898,
pace-exact/exact145.gr,250,6574,leiden,2,1775.0,,0.0871193408966064,
pace-exact/exact145.gr,250,6574,mfp,0,4861.0,,0.3914251327514648,
pace-exact/exact145.gr,250,6574,mfp,1,4632.0,,0.4086701869964599,
pace-exact/exact145.gr,250,6574,leiden,1,1761.0,,1.4396843910217283,
pace-exact/exact145.gr,250,6574,ins,0,1762.0,,0.1222822666168212,
pace-exact/exact145.gr,250,6574,ins,1,1761.0,,0.0641922950744628,
pace-exact/exact145.gr,250,6574,ins,2,1761.0,,0.054455280303955,
pace-exact/exact145.gr,250,6574,mfp,2,4815.0,,0.5644996166229248,
pace-exact/exact145.gr,250,6574,flip,0,1761.0,,0.9056847095489502,
pace-exact/exact145.gr,250,6574,flip,1,1761.0,,0.9635982513427734,
pace-exact/exact145.gr,250,6574,flip,2,1761.0,,0.9099748134613036,
pace-exact/exact143.gr,250,3813,kapoce,0,1475.0,,60.08480620384216,
pace-exact/exact145.gr,250,6574,lb:greedy,0,,1592.0,0.0475714206695556,
pace-exact/exact145.gr,250,6574,lb:tri-mwu,0,,1744.7711267605634,0.383277416229248,
pace-exact/exact146.gr,250,11225,pivot,0,7069.0,,0.0001685619354248,
pace-exact/exact146.gr,250,11225,pivot,1,6390.0,,0.0001337528228759,
pace-exact/exact146.gr,250,11225,pivot,2,7204.0,,0.0001280307769775,
pace-exact/exact146.gr,250,11225,pivot50,0,5610.0,,0.0116136074066162,
pace-exact/exact146.gr,250,11225,pivot50,1,5544.0,,0.0071847438812255,
pace-exact/exact146.gr,250,11225,pivot50,2,5442.0,,0.0078916549682617,
pace-exact/exact146.gr,250,11225,vote,0,4793.0,,0.0046639442443847,
pace-exact/exact146.gr,250,11225,vote,1,4809.0,,0.0007834434509277,
pace-exact/exact146.gr,250,11225,vote,2,4813.0,,0.8304367065429688,
pace-exact/exact146.gr,250,11225,louvain,0,4793.0,,0.0166497230529785,
pace-exact/exact146.gr,250,11225,louvain,1,4809.0,,0.0017261505126953,
pace-exact/exact146.gr,250,11225,louvain,2,4791.0,,0.0018463134765625,
pace-exact/exact146.gr,250,11225,leiden,0,4809.0,,1.3013947010040283,
pace-exact/exact146.gr,250,11225,leiden,1,4809.0,,0.0842964649200439,
pace-exact/exact146.gr,250,11225,leiden,2,4793.0,,0.3168935775756836,
pace-exact/exact146.gr,250,11225,mfp,0,11456.0,,0.929009199142456,
pace-exact/exact146.gr,250,11225,mfp,1,10352.0,,0.4973385334014892,
pace-exact/exact146.gr,250,11225,mfp,2,11751.0,,0.736851692199707,
pace-exact/exact146.gr,250,11225,ins,0,4793.0,,0.2099061012268066,
pace-exact/exact146.gr,250,11225,ins,1,4791.0,,0.1885702610015869,
pace-exact/exact146.gr,250,11225,ins,2,4791.0,,0.1890819072723388,
pace-exact/exact146.gr,250,11225,flip,0,4791.0,,2.5642688274383545,
pace-exact/exact146.gr,250,11225,flip,1,4791.0,,3.1769027709960938,
pace-exact/exact146.gr,250,11225,flip,2,4791.0,,3.1035139560699463,
pace-exact/exact144.gr,250,4507,kapoce,0,1500.0,,60.98948192596436,
pace-exact/exact146.gr,250,11225,lb:greedy,0,,3783.0,0.0746064186096191,
pace-exact/exact146.gr,250,11225,lb:tri-mwu,0,,4601.485915492958,1.6554489135742188,
pace-exact/exact147.gr,250,11421,pivot,0,5218.0,,0.0080020427703857,
pace-exact/exact147.gr,250,11421,pivot,1,4866.0,,0.0001616477966308,
pace-exact/exact147.gr,250,11421,pivot,2,5226.0,,0.0001447200775146,
pace-exact/exact147.gr,250,11421,pivot50,0,4348.0,,0.0073833465576171,
pace-exact/exact147.gr,250,11421,pivot50,1,4351.0,,0.0072991847991943,
pace-exact/exact147.gr,250,11421,pivot50,2,4543.0,,0.0072677135467529,
pace-exact/exact147.gr,250,11421,vote,0,3975.0,,0.0135619640350341,
pace-exact/exact147.gr,250,11421,vote,1,3976.0,,0.0007631778717041,
pace-exact/exact147.gr,250,11421,vote,2,3976.0,,0.0008211135864257,
pace-exact/exact147.gr,250,11421,louvain,0,3975.0,,0.0086584091186523,
pace-exact/exact147.gr,250,11421,louvain,1,3975.0,,0.0016582012176513,
pace-exact/exact147.gr,250,11421,louvain,2,3975.0,,0.0016686916351318,
pace-exact/exact147.gr,250,11421,leiden,0,3975.0,,1.0650770664215088,
pace-exact/exact147.gr,250,11421,leiden,1,3975.0,,0.1703290939331054,
pace-exact/exact147.gr,250,11421,leiden,2,3975.0,,0.087625503540039,
pace-exact/exact147.gr,250,11421,mfp,0,7660.0,,0.902289628982544,
pace-exact/exact147.gr,250,11421,mfp,1,9566.0,,1.114677906036377,
pace-exact/exact147.gr,250,11421,mfp,2,10011.0,,1.6385517120361328,
pace-exact/exact147.gr,250,11421,ins,0,3975.0,,0.1461431980133056,
pace-exact/exact147.gr,250,11421,ins,1,3975.0,,0.1584110260009765,
pace-exact/exact147.gr,250,11421,ins,2,3975.0,,0.1436271667480468,
pace-exact/exact147.gr,250,11421,flip,0,3975.0,,2.560978889465332,
pace-exact/exact147.gr,250,11421,flip,1,3975.0,,2.5788705348968506,
pace-exact/exact147.gr,250,11421,flip,2,3975.0,,2.5810093879699707,
pace-exact/exact145.gr,250,6574,kapoce,0,1761.0,,60.14223408699036,
pace-exact/exact147.gr,250,11421,lb:greedy,0,,3354.0,0.0930519104003906,
pace-exact/exact146.gr,250,11225,kapoce,0,4791.0,,60.15761923789978,
pace-exact/exact147.gr,250,11421,lb:tri-mwu,0,,3908.021126760563,0.9488542079925536,
pace-exact/exact148.gr,250,20035,pivot,1,11882.0,,0.0001683235168457,
pace-exact/exact148.gr,250,20035,pivot,0,8002.0,,1.0110104084014893,
pace-exact/exact148.gr,250,20035,pivot50,0,7186.0,,0.0088610649108886,
pace-exact/exact148.gr,250,20035,pivot50,1,7114.0,,0.0039870738983154,
pace-exact/exact148.gr,250,20035,pivot50,2,7321.0,,0.0080893039703369,
pace-exact/exact148.gr,250,20035,pivot,2,8485.0,,0.9664690494537354,
pace-exact/exact148.gr,250,20035,vote,0,9366.0,,0.013493537902832,
pace-exact/exact148.gr,250,20035,vote,2,6921.0,,0.0008139610290527,
pace-exact/exact148.gr,250,20035,vote,1,6921.0,,0.021707534790039,
pace-exact/exact148.gr,250,20035,louvain,0,6921.0,,0.0176751613616943,
pace-exact/exact148.gr,250,20035,louvain,2,6921.0,,0.0019569396972656,
pace-exact/exact148.gr,250,20035,louvain,1,6921.0,,0.026301622390747,
pace-exact/exact148.gr,250,20035,leiden,0,6921.0,,1.1258361339569092,
pace-exact/exact148.gr,250,20035,leiden,2,6921.0,,0.264021635055542,
pace-exact/exact148.gr,250,20035,leiden,1,6921.0,,1.5219745635986328,
pace-exact/exact148.gr,250,20035,mfp,0,16660.0,,2.925743818283081,
pace-exact/exact148.gr,250,20035,mfp,1,16991.0,,2.9348998069763184,
pace-exact/exact148.gr,250,20035,ins,0,6921.0,,0.3094861507415771,
pace-exact/exact148.gr,250,20035,ins,1,6921.0,,0.4044530391693115,
pace-exact/exact148.gr,250,20035,ins,2,6921.0,,0.4590287208557129,
pace-exact/exact148.gr,250,20035,mfp,2,15267.0,,2.690525770187378,
pace-exact/exact148.gr,250,20035,flip,0,6921.0,,6.676295042037964,
pace-exact/exact148.gr,250,20035,flip,1,6921.0,,6.123472452163696,
pace-exact/exact148.gr,250,20035,flip,2,6921.0,,6.056394815444946,
pace-exact/exact148.gr,250,20035,lb:greedy,0,,5984.0,0.2215290069580078,
pace-exact/exact148.gr,250,20035,lb:tri-mwu,0,,6817.341549295775,2.592710494995117,
pace-exact/exact149.gr,250,22395,pivot,0,10035.0,,0.0001814365386962,
pace-exact/exact149.gr,250,22395,pivot,1,7603.0,,0.0001723766326904,
pace-exact/exact149.gr,250,22395,pivot,2,8499.0,,0.0001780986785888,
pace-exact/exact149.gr,250,22395,pivot50,0,5894.0,,0.0124661922454833,
pace-exact/exact149.gr,250,22395,pivot50,1,6021.0,,0.0083789825439453,
pace-exact/exact149.gr,250,22395,pivot50,2,6381.0,,0.0168626308441162,
pace-exact/exact149.gr,250,22395,vote,0,5807.0,,0.0008971691131591,
pace-exact/exact149.gr,250,22395,vote,1,5807.0,,0.0009016990661621,
pace-exact/exact149.gr,250,22395,vote,2,5831.0,,0.9816689491271972,
pace-exact/exact149.gr,250,22395,louvain,0,5807.0,,0.0174975395202636,
pace-exact/exact149.gr,250,22395,louvain,1,5807.0,,0.002098798751831,
pace-exact/exact149.gr,250,22395,louvain,2,5807.0,,0.0069410800933837,
pace-exact/exact149.gr,250,22395,leiden,0,5807.0,,1.2081482410430908,
pace-exact/exact149.gr,250,22395,leiden,1,5807.0,,0.1396827697753906,
pace-exact/exact149.gr,250,22395,leiden,2,5807.0,,0.4019346237182617,
pace-exact/exact147.gr,250,11421,kapoce,0,3975.0,,60.1121289730072,
pace-exact/exact149.gr,250,22395,mfp,0,17305.0,,4.08993673324585,
pace-exact/exact149.gr,250,22395,mfp,1,16664.0,,4.455646276473999,
pace-exact/exact149.gr,250,22395,ins,0,5807.0,,0.2968575954437256,
pace-exact/exact149.gr,250,22395,ins,1,5807.0,,0.4748201370239258,
pace-exact/exact149.gr,250,22395,ins,2,5807.0,,0.4198536872863769,
pace-exact/exact149.gr,250,22395,mfp,2,15011.0,,3.971543073654175,
pace-exact/exact149.gr,250,22395,flip,0,5807.0,,6.288217306137085,
pace-exact/exact149.gr,250,22395,flip,1,5807.0,,6.517923355102539,
pace-exact/exact149.gr,250,22395,flip,2,5807.0,,5.984092473983765,
pace-exact/exact149.gr,250,22395,lb:greedy,0,,5034.0,0.3877112865447998,
pace-exact/exact149.gr,250,22395,lb:tri-mwu,0,,5773.855633802817,3.1243178844451904,
pace-exact/exact148.gr,250,20035,kapoce,0,6921.0,,60.159563302993774,
pace-exact/exact150.gr,250,27898,pivot,0,3973.0,,0.0001676082611083,
pace-exact/exact150.gr,250,27898,pivot,2,3227.0,,0.0003237724304199,
pace-exact/exact150.gr,250,27898,pivot,1,11058.0,,0.0001823902130126,
pace-exact/exact150.gr,250,27898,pivot50,0,3227.0,,0.0093932151794433,
pace-exact/exact150.gr,250,27898,pivot50,2,3227.0,,0.0088438987731933,
pace-exact/exact150.gr,250,27898,pivot50,1,3227.0,,0.0129146575927734,
pace-exact/exact150.gr,250,27898,vote,0,3227.0,,0.0009443759918212,
pace-exact/exact150.gr,250,27898,vote,2,3227.0,,0.0008778572082519,
pace-exact/exact150.gr,250,27898,louvain,0,3227.0,,0.0021564960479736,
pace-exact/exact150.gr,250,27898,louvain,1,3227.0,,0.0101604461669921,
pace-exact/exact150.gr,250,27898,louvain,2,3227.0,,0.0105066299438476,
pace-exact/exact150.gr,250,27898,vote,1,3227.0,,0.9614787101745604,
pace-exact/exact150.gr,250,27898,leiden,0,3227.0,,0.9977755546569824,
pace-exact/exact150.gr,250,27898,leiden,2,3227.0,,0.1480264663696289,
pace-exact/exact150.gr,250,27898,leiden,1,3227.0,,1.6216082572937012,
pace-exact/exact150.gr,250,27898,mfp,0,12340.0,,7.932108402252197,
pace-exact/exact150.gr,250,27898,mfp,1,13735.0,,7.707674741744995,
pace-exact/exact150.gr,250,27898,ins,0,3227.0,,0.324744701385498,
pace-exact/exact150.gr,250,27898,ins,1,3227.0,,0.285790205001831,
pace-exact/exact150.gr,250,27898,ins,2,3227.0,,0.1439671516418457,
pace-exact/exact150.gr,250,27898,flip,0,3227.0,,2.534726858139038,
pace-exact/exact150.gr,250,27898,flip,1,3227.0,,2.6487345695495605,
pace-exact/exact150.gr,250,27898,mfp,2,10058.0,,8.067456483840942,
pace-exact/exact150.gr,250,27898,flip,2,3227.0,,2.7104454040527344,
pace-exact/exact150.gr,250,27898,lb:greedy,0,,3227.0,0.4092757701873779,
pace-exact/exact150.gr,250,27898,lb:tri-mwu,0,,3224.8908450704225,2.381525993347168,
pace-exact/exact151.gr,250,29867,pivot,0,4169.0,,0.0001711845397949,
pace-exact/exact151.gr,250,29867,pivot,1,1316.0,,0.0001485347747802,
pace-exact/exact151.gr,250,29867,pivot,2,1258.0,,0.0001838207244873,
pace-exact/exact151.gr,250,29867,pivot50,0,1258.0,,0.0118324756622314,
pace-exact/exact151.gr,250,29867,pivot50,1,1258.0,,0.0048162937164306,
pace-exact/exact151.gr,250,29867,pivot50,2,1258.0,,0.0130722522735595,
pace-exact/exact151.gr,250,29867,vote,0,1258.0,,0.0049030780792236,
pace-exact/exact151.gr,250,29867,vote,1,1258.0,,0.7223727703094482,
pace-exact/exact151.gr,250,29867,vote,2,1258.0,,0.0008833408355712,
pace-exact/exact151.gr,250,29867,louvain,0,1258.0,,0.0336430072784423,
pace-exact/exact151.gr,250,29867,louvain,1,1258.0,,0.0103809833526611,
pace-exact/exact151.gr,250,29867,louvain,2,1258.0,,0.0021378993988037,
pace-exact/exact149.gr,250,22395,kapoce,0,5807.0,,60.18983244895935,
pace-exact/exact151.gr,250,29867,leiden,1,1258.0,,0.2568616867065429,
pace-exact/exact151.gr,250,29867,leiden,2,1258.0,,0.3791830539703369,
pace-exact/exact151.gr,250,29867,leiden,0,1258.0,,1.4147453308105469,
pace-exact/exact151.gr,250,29867,mfp,0,2511.0,,8.988876342773438,
pace-exact/exact151.gr,250,29867,mfp,1,5643.0,,9.28141450881958,
pace-exact/exact151.gr,250,29867,ins,0,1258.0,,0.1257252693176269,
pace-exact/exact151.gr,250,29867,ins,1,1258.0,,0.2746460437774658,
pace-exact/exact151.gr,250,29867,ins,2,1258.0,,0.1449792385101318,
pace-exact/exact151.gr,250,29867,flip,0,1258.0,,2.719123363494873,
pace-exact/exact151.gr,250,29867,flip,1,1258.0,,2.41497015953064,
pace-exact/exact151.gr,250,29867,mfp,2,2711.0,,8.804420709609985,
pace-exact/exact151.gr,250,29867,flip,2,1258.0,,2.413541793823242,
pace-exact/exact151.gr,250,29867,lb:greedy,0,,1255.0,0.302750825881958,
pace-exact/exact151.gr,250,29867,lb:tri-mwu,0,,1256.8274647887324,1.4734070301055908,
pace-exact/exact152.gr,250,30942,pivot,0,183.0,,0.0001835823059082,
pace-exact/exact152.gr,250,30942,pivot,1,3691.0,,0.00016450881958,
pace-exact/exact152.gr,250,30942,pivot,2,183.0,,0.0001552104949951,
pace-exact/exact152.gr,250,30942,pivot50,0,183.0,,0.0100536346435546,
pace-exact/exact152.gr,250,30942,pivot50,1,183.0,,0.0092430114746093,
pace-exact/exact152.gr,250,30942,pivot50,2,183.0,,0.0058064460754394,
pace-exact/exact152.gr,250,30942,vote,0,183.0,,0.004796028137207,
pace-exact/exact152.gr,250,30942,vote,1,183.0,,0.0047605037689208,
pace-exact/exact152.gr,250,30942,vote,2,183.0,,0.000962495803833,
pace-exact/exact152.gr,250,30942,louvain,0,183.0,,0.0021173954010009,
pace-exact/exact152.gr,250,30942,louvain,1,183.0,,0.0146358013153076,
pace-exact/exact152.gr,250,30942,louvain,2,183.0,,0.0021486282348632,
pace-exact/exact152.gr,250,30942,leiden,0,183.0,,1.279994249343872,
pace-exact/exact152.gr,250,30942,leiden,1,183.0,,0.3856954574584961,
pace-exact/exact152.gr,250,30942,leiden,2,183.0,,0.2131679058074951,
pace-exact/exact150.gr,250,27898,kapoce,0,3227.0,,60.2316358089447,
pace-exact/exact152.gr,250,30942,mfp,0,2342.0,,10.046899795532228,
pace-exact/exact152.gr,250,30942,ins,0,183.0,,0.1029243469238281,
pace-exact/exact152.gr,250,30942,ins,1,183.0,,1.201819658279419,
pace-exact/exact152.gr,250,30942,ins,2,183.0,,0.0967588424682617,
pace-exact/exact152.gr,250,30942,mfp,1,183.0,,10.98503065109253,
pace-exact/exact152.gr,250,30942,flip,0,183.0,,2.256483554840088,
pace-exact/exact152.gr,250,30942,mfp,2,183.0,,10.172159671783447,
pace-exact/exact152.gr,250,30942,flip,1,183.0,,2.804063320159912,
pace-exact/exact152.gr,250,30942,flip,2,183.0,,2.6700961589813232,
pace-exact/exact152.gr,250,30942,lb:greedy,0,,183.0,0.3421041965484619,
pace-exact/exact152.gr,250,30942,lb:tri-mwu,0,,183.0,0.9133658409118652,
pace-exact/exact153.gr,250,31119,pivot,0,6.0,,0.0001580715179443,
pace-exact/exact153.gr,250,31119,pivot,1,6.0,,0.0001373291015625,
pace-exact/exact153.gr,250,31119,pivot,2,6.0,,0.0001304149627685,
pace-exact/exact153.gr,250,31119,pivot50,0,6.0,,0.0129413604736328,
pace-exact/exact153.gr,250,31119,pivot50,1,6.0,,0.0129439830780029,
pace-exact/exact153.gr,250,31119,pivot50,2,6.0,,0.0131034851074218,
pace-exact/exact153.gr,250,31119,vote,0,6.0,,0.0007567405700683,
pace-exact/exact153.gr,250,31119,vote,1,6.0,,0.000734806060791,
pace-exact/exact153.gr,250,31119,vote,2,6.0,,0.000720739364624,
pace-exact/exact153.gr,250,31119,louvain,0,6.0,,0.002007246017456,
pace-exact/exact153.gr,250,31119,louvain,1,6.0,,0.0105483531951904,
pace-exact/exact153.gr,250,31119,louvain,2,6.0,,0.0024535655975341,
pace-exact/exact153.gr,250,31119,leiden,0,6.0,,1.3897781372070312,
pace-exact/exact153.gr,250,31119,leiden,1,6.0,,0.4730784893035888,
pace-exact/exact153.gr,250,31119,leiden,2,6.0,,1.4182722568511963,
pace-exact/exact151.gr,250,29867,kapoce,0,1258.0,,60.27974772453308,
pace-exact/exact153.gr,250,31119,mfp,0,6.0,,10.917685270309448,
pace-exact/exact153.gr,250,31119,ins,0,6.0,,0.1420569419860839,
pace-exact/exact153.gr,250,31119,ins,1,6.0,,0.1233167648315429,
pace-exact/exact153.gr,250,31119,ins,2,6.0,,0.1479473114013672,
pace-exact/exact153.gr,250,31119,flip,0,6.0,,1.961055040359497,
pace-exact/exact153.gr,250,31119,flip,1,6.0,,1.753917217254639,
pace-exact/exact153.gr,250,31119,mfp,2,6.0,,9.288967609405518,
pace-exact/exact153.gr,250,31119,mfp,1,6.0,,9.50294804573059,
pace-exact/exact153.gr,250,31119,flip,2,6.0,,1.5426771640777588,
pace-exact/exact153.gr,250,31119,lb:greedy,0,,6.0,0.1255505084991455,
pace-exact/exact153.gr,250,31119,lb:tri-mwu,0,,6.0,0.5058507919311523,
pace-exact/exact154.gr,263,1039,pivot,0,137.0,,0.0001211166381835,
pace-exact/exact154.gr,263,1039,pivot,1,189.0,,6.866455078125e-05,
pace-exact/exact154.gr,263,1039,pivot,2,200.0,,6.937980651855469e-05,
pace-exact/exact154.gr,263,1039,pivot50,0,118.0,,0.0026614665985107,
pace-exact/exact154.gr,263,1039,pivot50,1,118.0,,0.0026218891143798,
pace-exact/exact154.gr,263,1039,pivot50,2,126.0,,0.0031185150146484,
pace-exact/exact154.gr,263,1039,vote,0,117.0,,0.0001747608184814,
pace-exact/exact154.gr,263,1039,vote,1,120.0,,0.0001661777496337,
pace-exact/exact154.gr,263,1039,vote,2,117.0,,0.0001726150512695,
pace-exact/exact154.gr,263,1039,louvain,0,117.0,,0.0006270408630371,
pace-exact/exact154.gr,263,1039,louvain,1,120.0,,0.5884878635406494,
pace-exact/exact154.gr,263,1039,louvain,2,117.0,,0.000734806060791,
pace-exact/exact154.gr,263,1039,leiden,0,117.0,,0.9275331497192384,
pace-exact/exact154.gr,263,1039,leiden,1,120.0,,0.0509405136108398,
pace-exact/exact154.gr,263,1039,leiden,2,120.0,,0.0242953300476074,
pace-exact/exact154.gr,263,1039,mfp,0,402.0,,0.0739617347717285,
pace-exact/exact154.gr,263,1039,mfp,1,236.0,,0.0218839645385742,
pace-exact/exact154.gr,263,1039,mfp,2,281.0,,0.0377492904663085,
pace-exact/exact154.gr,263,1039,ins,0,117.0,,0.0150868892669677,
pace-exact/exact154.gr,263,1039,ins,1,117.0,,0.0017392635345458,
pace-exact/exact154.gr,263,1039,ins,2,117.0,,0.0016443729400634,
pace-exact/exact154.gr,263,1039,flip,0,117.0,,0.0780792236328125,
pace-exact/exact154.gr,263,1039,flip,1,117.0,,0.07356858253479,
pace-exact/exact154.gr,263,1039,flip,2,117.0,,0.0759048461914062,
pace-exact/exact154.gr,263,1039,lb:greedy,0,,110.0,0.0212762355804443,
pace-exact/exact154.gr,263,1039,lb:tri-mwu,0,,115.53521126760565,0.0432257652282714,
pace-exact/exact155.gr,263,1295,pivot,0,101.0,,0.0001404285430908,
pace-exact/exact155.gr,263,1295,pivot,1,171.0,,0.0001113414764404,
pace-exact/exact155.gr,263,1295,pivot,2,85.0,,1.0824625492095947,
pace-exact/exact155.gr,263,1295,pivot50,0,64.0,,0.0027835369110107,
pace-exact/exact155.gr,263,1295,pivot50,1,69.0,,0.0025210380554199,
pace-exact/exact155.gr,263,1295,pivot50,2,66.0,,0.0119452476501464,
pace-exact/exact155.gr,263,1295,vote,0,63.0,,0.0127022266387939,
pace-exact/exact155.gr,263,1295,vote,1,63.0,,0.0001928806304931,
pace-exact/exact155.gr,263,1295,vote,2,63.0,,0.0001652240753173,
pace-exact/exact155.gr,263,1295,louvain,0,63.0,,0.0203709602355957,
pace-exact/exact155.gr,263,1295,louvain,1,63.0,,0.0007014274597167,
pace-exact/exact155.gr,263,1295,louvain,2,63.0,,0.0007402896881103,
pace-exact/exact155.gr,263,1295,leiden,0,63.0,,1.2600667476654053,
pace-exact/exact155.gr,263,1295,leiden,1,63.0,,0.0274722576141357,
pace-exact/exact155.gr,263,1295,leiden,2,63.0,,0.0379166603088378,
pace-exact/exact155.gr,263,1295,mfp,0,202.0,,0.1466519832611084,
pace-exact/exact155.gr,263,1295,mfp,1,145.0,,0.0524823665618896,
pace-exact/exact155.gr,263,1295,mfp,2,139.0,,0.0487542152404785,
pace-exact/exact155.gr,263,1295,ins,0,63.0,,0.0240035057067871,
pace-exact/exact155.gr,263,1295,ins,1,63.0,,0.0017120838165283,
pace-exact/exact155.gr,263,1295,ins,2,63.0,,0.0027804374694824,
pace-exact/exact155.gr,263,1295,flip,0,63.0,,0.1138036251068115,
pace-exact/exact155.gr,263,1295,flip,1,63.0,,1.03049898147583,
pace-exact/exact155.gr,263,1295,flip,2,63.0,,0.1078953742980957,
pace-exact/exact154.gr,263,1039,kapoce,0,117.0,,16.573902368545532,
pace-exact/exact155.gr,263,1295,lb:greedy,0,,62.0,0.0122935771942138,
pace-exact/exact155.gr,263,1295,lb:tri-mwu,0,,62.2781690140845,0.0379130840301513,
pace-exact/exact156.gr,263,1668,pivot,0,333.0,,0.0001192092895507,
pace-exact/exact156.gr,263,1668,pivot,1,353.0,,7.486343383789062e-05,
pace-exact/exact156.gr,263,1668,pivot,2,365.0,,0.9933090209960938,
pace-exact/exact156.gr,263,1668,pivot50,0,206.0,,0.0070858001708984,
pace-exact/exact156.gr,263,1668,pivot50,1,202.0,,0.0150473117828369,
pace-exact/exact156.gr,263,1668,pivot50,2,205.0,,0.0106725692749023,
pace-exact/exact156.gr,263,1668,vote,0,190.0,,0.0129497051239013,
pace-exact/exact156.gr,263,1668,vote,1,188.0,,0.0002524852752685,
pace-exact/exact156.gr,263,1668,vote,2,190.0,,0.0001852512359619,
pace-exact/exact156.gr,263,1668,louvain,0,188.0,,0.0247268676757812,
pace-exact/exact156.gr,263,1668,louvain,1,188.0,,0.0007266998291015,
pace-exact/exact156.gr,263,1668,louvain,2,188.0,,0.0007381439208984,
pace-exact/exact156.gr,263,1668,leiden,0,189.0,,1.005204200744629,
pace-exact/exact156.gr,263,1668,leiden,1,188.0,,0.0279717445373535,
pace-exact/exact156.gr,263,1668,leiden,2,188.0,,0.0502345561981201,
pace-exact/exact156.gr,263,1668,mfp,0,555.0,,0.1595683097839355,
pace-exact/exact156.gr,263,1668,mfp,1,410.0,,0.0695357322692871,
pace-exact/exact156.gr,263,1668,mfp,2,528.0,,0.0566284656524658,
pace-exact/exact156.gr,263,1668,ins,0,188.0,,0.0242631435394287,
pace-exact/exact156.gr,263,1668,ins,1,188.0,,0.0098793506622314,
pace-exact/exact156.gr,263,1668,ins,2,188.0,,0.0024394989013671,
pace-exact/exact156.gr,263,1668,flip,0,188.0,,0.1599225997924804,
pace-exact/exact156.gr,263,1668,flip,1,188.0,,0.7465643882751465,
pace-exact/exact156.gr,263,1668,flip,2,188.0,,0.1292521953582763,
pace-exact/exact152.gr,250,30942,kapoce,0,183.0,,60.19248962402344,
pace-exact/exact156.gr,263,1668,lb:greedy,0,,173.0,0.012714147567749,
pace-exact/exact156.gr,263,1668,lb:tri-mwu,0,,185.9823943661972,0.0691726207733154,
pace-exact/exact157.gr,263,3422,pivot,0,2055.0,,0.0001513957977294,
pace-exact/exact157.gr,263,3422,pivot,1,1953.0,,0.0001013278961181,
pace-exact/exact157.gr,263,3422,pivot,2,1544.0,,9.41753387451172e-05,
pace-exact/exact157.gr,263,3422,pivot50,0,1399.0,,0.0069038867950439,
pace-exact/exact157.gr,263,3422,pivot50,1,1283.0,,0.0069291591644287,
pace-exact/exact157.gr,263,3422,pivot50,2,1325.0,,0.0063188076019287,
pace-exact/exact157.gr,263,3422,vote,0,1124.0,,0.0003087520599365,
pace-exact/exact157.gr,263,3422,vote,1,1120.0,,0.0002973079681396,
pace-exact/exact157.gr,263,3422,vote,2,1135.0,,0.0005576610565185,
pace-exact/exact157.gr,263,3422,louvain,0,1117.0,,0.0053353309631347,
pace-exact/exact157.gr,263,3422,louvain,1,1117.0,,0.0053591728210449,
pace-exact/exact157.gr,263,3422,louvain,2,1119.0,,0.005495548248291,
pace-exact/exact157.gr,263,3422,leiden,0,1117.0,,1.0879690647125244,
pace-exact/exact157.gr,263,3422,leiden,1,1117.0,,0.0548038482666015,
pace-exact/exact157.gr,263,3422,leiden,2,1117.0,,1.1876966953277588,
pace-exact/exact157.gr,263,3422,mfp,0,2746.0,,0.2752137184143066,
pace-exact/exact157.gr,263,3422,mfp,1,2587.0,,0.1100022792816162,
pace-exact/exact157.gr,263,3422,mfp,2,2598.0,,0.0759751796722412,
pace-exact/exact157.gr,263,3422,ins,0,1117.0,,0.0755147933959961,
pace-exact/exact157.gr,263,3422,ins,1,1117.0,,0.0412912368774414,
pace-exact/exact157.gr,263,3422,ins,2,1117.0,,0.0395576953887939,
pace-exact/exact157.gr,263,3422,flip,0,1117.0,,0.5340874195098877,
pace-exact/exact157.gr,263,3422,flip,1,1117.0,,0.6586911678314209,
pace-exact/exact157.gr,263,3422,flip,2,1117.0,,0.616840124130249,
pace-exact/exact155.gr,263,1295,kapoce,0,63.0,,36.1116156578064,
pace-exact/exact153.gr,250,31119,kapoce,0,6.0,,60.20935344696045,
pace-exact/exact157.gr,263,3422,lb:greedy,0,,973.0,0.029402732849121,
pace-exact/exact157.gr,263,3422,lb:tri-mwu,0,,1087.6232394366198,0.2211196422576904,
pace-exact/exact158.gr,263,10332,pivot,0,3658.0,,0.0001966953277587,
pace-exact/exact158.gr,263,10332,pivot,1,5764.0,,0.0001273155212402,
pace-exact/exact158.gr,263,10332,pivot,2,4101.0,,0.0001163482666015,
pace-exact/exact158.gr,263,10332,pivot50,0,3540.0,,0.015643835067749,
pace-exact/exact158.gr,263,10332,pivot50,1,3557.0,,1.2309565544128418,
pace-exact/exact158.gr,263,10332,pivot50,2,3476.0,,0.007643699645996,
pace-exact/exact158.gr,263,10332,vote,0,3049.0,,0.0343019962310791,
pace-exact/exact158.gr,263,10332,vote,1,3070.0,,0.0007047653198242,
pace-exact/exact158.gr,263,10332,vote,2,3069.0,,0.0006361007690429,
pace-exact/exact158.gr,263,10332,louvain,0,3046.0,,0.0254647731781005,
pace-exact/exact158.gr,263,10332,louvain,1,3040.0,,0.0016193389892578,
pace-exact/exact158.gr,263,10332,louvain,2,3039.0,,0.0023562908172607,
pace-exact/exact158.gr,263,10332,leiden,0,3044.0,,1.926841259002685,
pace-exact/exact158.gr,263,10332,leiden,1,3039.0,,0.4425168037414551,
pace-exact/exact158.gr,263,10332,leiden,2,3039.0,,0.1501805782318115,
pace-exact/exact158.gr,263,10332,mfp,0,7766.0,,1.706618309020996,
pace-exact/exact158.gr,263,10332,mfp,1,7367.0,,1.6819920539855957,
pace-exact/exact158.gr,263,10332,mfp,2,5601.0,,1.6109278202056885,
pace-exact/exact158.gr,263,10332,ins,0,3039.0,,0.3056714534759521,
pace-exact/exact158.gr,263,10332,ins,1,3039.0,,0.2369370460510254,
pace-exact/exact158.gr,263,10332,ins,2,3039.0,,0.2676005363464355,
pace-exact/exact156.gr,263,1668,kapoce,0,188.0,,49.45234036445618,
pace-exact/exact158.gr,263,10332,flip,0,3039.0,,4.37276554107666,
pace-exact/exact158.gr,263,10332,flip,1,3039.0,,4.2874743938446045,
pace-exact/exact158.gr,263,10332,flip,2,3039.0,,4.735908269882202,
pace-exact/exact158.gr,263,10332,lb:greedy,0,,2575.0,0.1516289710998535,
pace-exact/exact158.gr,263,10332,lb:tri-mwu,0,,3007.0704225352115,1.4943115711212158,
pace-exact/exact159.gr,263,20837,pivot,0,2541.0,,0.0001661777496337,
pace-exact/exact159.gr,263,20837,pivot,1,3386.0,,0.0001189708709716,
pace-exact/exact159.gr,263,20837,pivot,2,2269.0,,0.0001082420349121,
pace-exact/exact159.gr,263,20837,pivot50,0,1483.0,,0.0041811466217041,
pace-exact/exact159.gr,263,20837,pivot50,1,1492.0,,0.0042250156402587,
pace-exact/exact159.gr,263,20837,pivot50,2,1496.0,,0.0046358108520507,
pace-exact/exact159.gr,263,20837,vote,0,1483.0,,0.0008528232574462,
pace-exact/exact159.gr,263,20837,vote,1,1483.0,,0.0007753372192382,
pace-exact/exact159.gr,263,20837,vote,2,1483.0,,0.0007526874542236,
pace-exact/exact159.gr,263,20837,louvain,0,1483.0,,0.0018110275268554,
pace-exact/exact159.gr,263,20837,louvain,1,1483.0,,0.0018565654754638,
pace-exact/exact159.gr,263,20837,louvain,2,1483.0,,0.0018432140350341,
pace-exact/exact159.gr,263,20837,leiden,0,1483.0,,1.865579605102539,
pace-exact/exact159.gr,263,20837,leiden,1,1483.0,,2.1446902751922607,
pace-exact/exact159.gr,263,20837,leiden,2,1483.0,,0.2640650272369385,
pace-exact/exact159.gr,263,20837,mfp,0,5982.0,,7.221854209899902,
pace-exact/exact159.gr,263,20837,mfp,1,3571.0,,6.543288469314575,
pace-exact/exact159.gr,263,20837,mfp,2,2481.0,,7.379726886749268,
pace-exact/exact159.gr,263,20837,ins,0,1483.0,,0.3924832344055176,
pace-exact/exact159.gr,263,20837,ins,1,1483.0,,0.2720649242401123,
pace-exact/exact159.gr,263,20837,ins,2,1483.0,,0.2496976852416992,
pace-exact/exact157.gr,263,3422,kapoce,0,1117.0,,60.09114170074463,
pace-exact/exact159.gr,263,20837,flip,0,1483.0,,3.6018240451812744,
pace-exact/exact159.gr,263,20837,flip,1,1483.0,,3.3757035732269287,
pace-exact/exact159.gr,263,20837,flip,2,1483.0,,3.6012871265411377,
pace-exact/exact159.gr,263,20837,lb:greedy,0,,1394.0,0.3323028087615967,
pace-exact/exact158.gr,263,10332,kapoce,0,3039.0,,60.17511010169983,
pace-exact/exact160.gr,279,1226,pivot,0,363.0,,0.0001356601715087,
pace-exact/exact160.gr,279,1226,pivot,1,380.0,,7.987022399902344e-05,
pace-exact/exact160.gr,279,1226,pivot,2,504.0,,9.751319885253906e-05,
pace-exact/exact160.gr,279,1226,pivot50,0,313.0,,0.0189578533172607,
pace-exact/exact160.gr,279,1226,pivot50,1,324.0,,0.0107831954956054,
pace-exact/exact160.gr,279,1226,pivot50,2,291.0,,0.002577781677246,
pace-exact/exact160.gr,279,1226,vote,0,280.0,,0.0002110004425048,
pace-exact/exact159.gr,263,20837,lb:tri-mwu,0,,1478.042253521127,3.1163482666015625,
pace-exact/exact160.gr,279,1226,vote,2,279.0,,0.0171782970428466,
pace-exact/exact160.gr,279,1226,louvain,0,278.0,,0.0318305492401123,
pace-exact/exact160.gr,279,1226,louvain,1,276.0,,0.0008056163787841,
pace-exact/exact160.gr,279,1226,louvain,2,277.0,,0.0008366107940673,
pace-exact/exact160.gr,279,1226,vote,1,276.0,,1.599941968917847,
pace-exact/exact160.gr,279,1226,leiden,0,275.0,,1.7977252006530762,
pace-exact/exact160.gr,279,1226,leiden,2,274.0,,0.0448524951934814,
pace-exact/exact160.gr,279,1226,mfp,0,790.0,,0.0788094997406005,
pace-exact/exact160.gr,279,1226,mfp,1,813.0,,0.0288600921630859,
pace-exact/exact160.gr,279,1226,mfp,2,696.0,,0.0432384014129638,
pace-exact/exact160.gr,279,1226,ins,0,275.0,,0.0244710445404052,
pace-exact/exact160.gr,279,1226,ins,1,274.0,,0.0112044811248779,
pace-exact/exact160.gr,279,1226,ins,2,274.0,,0.0113747119903564,
pace-exact/exact160.gr,279,1226,flip,0,274.0,,0.1672320365905761,
pace-exact/exact160.gr,279,1226,leiden,1,274.0,,1.865248203277588,
pace-exact/exact160.gr,279,1226,flip,1,274.0,,0.1999027729034423,
pace-exact/exact160.gr,279,1226,flip,2,274.0,,0.2658746242523193,
pace-exact/exact160.gr,279,1226,lb:greedy,0,,254.0,0.0164451599121093,
pace-exact/exact160.gr,279,1226,lb:tri-mwu,0,,268.1056338028169,0.0268938541412353,
pace-exact/exact161.gr,279,2000,pivot,0,388.0,,0.0001313686370849,
pace-exact/exact161.gr,279,2000,pivot,1,577.0,,0.0001165866851806,
pace-exact/exact161.gr,279,2000,pivot,2,669.0,,0.9032430648803712,
pace-exact/exact161.gr,279,2000,pivot50,0,358.0,,0.0072114467620849,
pace-exact/exact161.gr,279,2000,pivot50,1,386.0,,0.015085220336914,
pace-exact/exact161.gr,279,2000,pivot50,2,356.0,,0.0110447406768798,
pace-exact/exact161.gr,279,2000,vote,0,335.0,,0.0091955661773681,
pace-exact/exact161.gr,279,2000,vote,1,336.0,,0.0002429485321044,
pace-exact/exact161.gr,279,2000,vote,2,338.0,,0.0002386569976806,
pace-exact/exact161.gr,279,2000,louvain,0,335.0,,0.0250599384307861,
pace-exact/exact161.gr,279,2000,louvain,1,336.0,,0.000802993774414,
pace-exact/exact161.gr,279,2000,louvain,2,333.0,,0.0010099411010742,
pace-exact/exact161.gr,279,2000,leiden,0,333.0,,1.739265203475952,
pace-exact/exact161.gr,279,2000,leiden,1,333.0,,0.0600349903106689,
pace-exact/exact161.gr,279,2000,leiden,2,333.0,,0.0390341281890869,
pace-exact/exact161.gr,279,2000,mfp,0,1243.0,,0.1205928325653076,
pace-exact/exact161.gr,279,2000,mfp,1,1200.0,,0.0624322891235351,
pace-exact/exact161.gr,279,2000,mfp,2,899.0,,0.0654034614562988,
pace-exact/exact161.gr,279,2000,ins,0,334.0,,0.0173172950744628,
pace-exact/exact161.gr,279,2000,ins,1,334.0,,0.0074577331542968,
pace-exact/exact161.gr,279,2000,ins,2,333.0,,0.0072736740112304,
pace-exact/exact161.gr,279,2000,flip,0,333.0,,0.0724046230316162,
pace-exact/exact161.gr,279,2000,flip,2,333.0,,0.2600045204162597,
pace-exact/exact161.gr,279,2000,flip,1,333.0,,1.7731916904449463,
pace-exact/exact161.gr,279,2000,lb:greedy,0,,306.0,0.0089633464813232,
pace-exact/exact161.gr,279,2000,lb:tri-mwu,0,,324.5845070422535,0.0738632678985595,
pace-exact/exact162.gr,279,3242,pivot,0,940.0,,0.0001275539398193,
pace-exact/exact162.gr,279,3242,pivot,1,1382.0,,0.0001099109649658,
pace-exact/exact162.gr,279,3242,pivot,2,1145.0,,8.797645568847656e-05,
pace-exact/exact162.gr,279,3242,pivot50,0,877.0,,0.0070297718048095,
pace-exact/exact162.gr,279,3242,pivot50,1,941.0,,0.0109198093414306,
pace-exact/exact162.gr,279,3242,pivot50,2,899.0,,0.002847671508789,
pace-exact/exact162.gr,279,3242,vote,0,782.0,,0.0002956390380859,
pace-exact/exact162.gr,279,3242,vote,1,784.0,,0.0002954006195068,
pace-exact/exact162.gr,279,3242,vote,2,833.0,,0.0002999305725097,
pace-exact/exact162.gr,279,3242,louvain,0,780.0,,1.2657291889190674,
pace-exact/exact162.gr,279,3242,louvain,1,784.0,,0.0050606727600097,
pace-exact/exact162.gr,279,3242,louvain,2,829.0,,0.0010173320770263,
pace-exact/exact162.gr,279,3242,leiden,0,784.0,,1.7245776653289795,
pace-exact/exact162.gr,279,3242,leiden,1,784.0,,0.0327131748199462,
pace-exact/exact162.gr,279,3242,leiden,2,784.0,,0.0216813087463378,
pace-exact/exact162.gr,279,3242,mfp,0,2230.0,,0.1526567935943603,
pace-exact/exact162.gr,279,3242,mfp,1,2310.0,,0.1067667007446289,
pace-exact/exact162.gr,279,3242,mfp,2,2262.0,,0.1579172611236572,
pace-exact/exact162.gr,279,3242,ins,0,780.0,,0.0503787994384765,
pace-exact/exact162.gr,279,3242,ins,1,780.0,,0.0241658687591552,
pace-exact/exact162.gr,279,3242,ins,2,780.0,,0.0154063701629638,
pace-exact/exact162.gr,279,3242,flip,0,780.0,,0.5079586505889893,
pace-exact/exact162.gr,279,3242,flip,1,780.0,,0.3773043155670166,
pace-exact/exact162.gr,279,3242,flip,2,780.0,,0.4803564548492431,
pace-exact/exact159.gr,263,20837,kapoce,0,1483.0,,60.24555587768555,
pace-exact/exact162.gr,279,3242,lb:greedy,0,,682.0,0.0241861343383789,
pace-exact/exact162.gr,279,3242,lb:tri-mwu,0,,766.9507042253521,0.1109058856964111,
pace-exact/exact163.gr,279,5825,pivot,0,2447.0,,0.0001494884490966,
pace-exact/exact163.gr,279,5825,pivot,1,2563.0,,0.0001082420349121,
pace-exact/exact163.gr,279,5825,pivot,2,1925.0,,0.0001013278961181,
pace-exact/exact163.gr,279,5825,pivot50,0,1791.0,,0.0029306411743164,
pace-exact/exact163.gr,279,5825,pivot50,1,1755.0,,0.0078425407409667,
pace-exact/exact163.gr,279,5825,pivot50,2,1925.0,,0.0110077857971191,
pace-exact/exact163.gr,279,5825,vote,0,1538.0,,0.0003886222839355,
pace-exact/exact163.gr,279,5825,vote,1,1538.0,,1.5639784336090088,
pace-exact/exact163.gr,279,5825,vote,2,1550.0,,0.0004701614379882,
pace-exact/exact163.gr,279,5825,louvain,0,1538.0,,0.0286164283752441,
pace-exact/exact163.gr,279,5825,louvain,1,1538.0,,0.0012280941009521,
pace-exact/exact163.gr,279,5825,louvain,2,1538.0,,0.0051798820495605,
pace-exact/exact163.gr,279,5825,leiden,0,1538.0,,1.8408873081207275,
pace-exact/exact163.gr,279,5825,leiden,1,1538.0,,0.0950469970703125,
pace-exact/exact163.gr,279,5825,leiden,2,1538.0,,0.1452536582946777,
pace-exact/exact163.gr,279,5825,mfp,0,4689.0,,0.5354812145233154,
pace-exact/exact163.gr,279,5825,mfp,1,4240.0,,0.4263014793395996,
pace-exact/exact163.gr,279,5825,mfp,2,4543.0,,0.4231040477752685,
pace-exact/exact163.gr,279,5825,ins,0,1538.0,,0.1250927448272705,
pace-exact/exact163.gr,279,5825,ins,1,1538.0,,0.0996370315551757,
pace-exact/exact163.gr,279,5825,ins,2,1538.0,,0.103405475616455,
pace-exact/exact163.gr,279,5825,flip,0,1538.0,,1.678863525390625,
pace-exact/exact163.gr,279,5825,flip,1,1538.0,,1.7254045009613037,
pace-exact/exact163.gr,279,5825,flip,2,1538.0,,1.7033116817474363,
pace-exact/exact160.gr,279,1226,kapoce,0,274.0,,54.00332498550415,
pace-exact/exact161.gr,279,2000,kapoce,0,333.0,,60.10119962692261,
pace-exact/exact163.gr,279,5825,lb:greedy,0,,1377.0,0.0989718437194824,
pace-exact/exact163.gr,279,5825,lb:tri-mwu,0,,1525.7359154929577,0.4595420360565185,
pace-exact/exact164.gr,279,11618,pivot,0,4858.0,,0.0001885890960693,
pace-exact/exact164.gr,279,11618,pivot,1,6816.0,,0.0001487731933593,
pace-exact/exact164.gr,279,11618,pivot,2,5186.0,,0.0001306533813476,
pace-exact/exact164.gr,279,11618,pivot50,0,4702.0,,0.0077157020568847,
pace-exact/exact164.gr,279,11618,pivot50,1,4861.0,,0.0035662651062011,
pace-exact/exact164.gr,279,11618,pivot50,2,4744.0,,0.0077719688415527,
pace-exact/exact164.gr,279,11618,vote,0,4061.0,,0.0006771087646484,
pace-exact/exact164.gr,279,11618,vote,1,4056.0,,0.0006287097930908,
pace-exact/exact164.gr,279,11618,vote,2,4038.0,,0.0006616115570068,
pace-exact/exact164.gr,279,11618,louvain,0,4052.0,,0.0058107376098632,
pace-exact/exact164.gr,279,11618,louvain,1,4052.0,,0.005814790725708,
pace-exact/exact164.gr,279,11618,louvain,2,4033.0,,0.0063948631286621,
pace-exact/exact164.gr,279,11618,leiden,0,4033.0,,2.018510103225708,
pace-exact/exact164.gr,279,11618,leiden,1,4052.0,,0.2421274185180664,
pace-exact/exact164.gr,279,11618,leiden,2,4052.0,,0.2380259037017822,
pace-exact/exact164.gr,279,11618,mfp,0,9282.0,,1.3805594444274902,
pace-exact/exact164.gr,279,11618,mfp,1,9242.0,,2.849992513656616,
pace-exact/exact164.gr,279,11618,mfp,2,10681.0,,1.42364501953125,
pace-exact/exact164.gr,279,11618,ins,0,4033.0,,0.4897799491882324,
pace-exact/exact164.gr,279,11618,ins,1,4033.0,,0.5065135955810547,
pace-exact/exact164.gr,279,11618,ins,2,4033.0,,0.4589571952819824,
pace-exact/exact162.gr,279,3242,kapoce,0,780.0,,60.11066794395447,
pace-exact/exact164.gr,279,11618,flip,0,4033.0,,7.040147066116333,
pace-exact/exact164.gr,279,11618,flip,1,4033.0,,7.912727117538452,
pace-exact/exact164.gr,279,11618,flip,2,4033.0,,7.335230588912964,
pace-exact/exact164.gr,279,11618,lb:greedy,0,,3441.0,0.1342685222625732,
pace-exact/exact164.gr,279,11618,lb:tri-mwu,0,,3965.295774647888,1.9303319454193115,
pace-exact/exact165.gr,279,24777,pivot,0,10288.0,,1.2598953247070312,
pace-exact/exact165.gr,279,24777,pivot,1,11436.0,,0.0001811981201171,
pace-exact/exact165.gr,279,24777,pivot,2,14126.0,,0.0001947879791259,
pace-exact/exact165.gr,279,24777,pivot50,0,6588.0,,0.017115831375122,
pace-exact/exact165.gr,279,24777,pivot50,1,7073.0,,0.0169494152069091,
pace-exact/exact165.gr,279,24777,pivot50,2,6698.0,,0.0129735469818115,
pace-exact/exact165.gr,279,24777,vote,0,6094.0,,0.0178472995758056,
pace-exact/exact165.gr,279,24777,vote,1,6094.0,,0.0009870529174804,
pace-exact/exact165.gr,279,24777,vote,2,6094.0,,0.0009851455688476,
pace-exact/exact165.gr,279,24777,louvain,0,6094.0,,0.025620698928833,
pace-exact/exact165.gr,279,24777,louvain,1,6094.0,,0.0106205940246582,
pace-exact/exact165.gr,279,24777,louvain,2,6094.0,,0.0108251571655273,
pace-exact/exact165.gr,279,24777,leiden,0,6094.0,,2.140742063522339,
pace-exact/exact165.gr,279,24777,leiden,1,6094.0,,0.522590160369873,
pace-exact/exact165.gr,279,24777,leiden,2,6094.0,,0.3060908317565918,
pace-exact/exact165.gr,279,24777,mfp,0,12698.0,,7.218615531921387,
pace-exact/exact165.gr,279,24777,mfp,1,17179.0,,6.906926393508911,
pace-exact/exact163.gr,279,5825,kapoce,0,1538.0,,60.11879563331604,
pace-exact/exact165.gr,279,24777,ins,0,6094.0,,1.062976598739624,
pace-exact/exact165.gr,279,24777,ins,1,6094.0,,0.9297208786010742,
pace-exact/exact165.gr,279,24777,mfp,2,18785.0,,6.976663112640381,
pace-exact/exact165.gr,279,24777,ins,2,6094.0,,1.1234607696533203,
pace-exact/exact165.gr,279,24777,flip,1,6094.0,,16.444517135620117,
pace-exact/exact165.gr,279,24777,flip,0,6094.0,,17.091993808746338,
pace-exact/exact164.gr,279,11618,kapoce,0,4033.0,,61.610618352890015,
pace-exact/exact165.gr,279,24777,lb:greedy,0,,5814.0,0.6488697528839111,
pace-exact/exact165.gr,279,24777,flip,2,6094.0,,16.932838678359985,
pace-exact/exact166.gr,279,31636,pivot,0,7630.0,,0.0001699924468994,
pace-exact/exact166.gr,279,31636,pivot,1,6600.0,,0.0003256797790527,
pace-exact/exact166.gr,279,31636,pivot,2,10434.0,,0.0001895427703857,
pace-exact/exact166.gr,279,31636,pivot50,0,4778.0,,0.024233341217041,
pace-exact/exact166.gr,279,31636,pivot50,1,4627.0,,0.0175809860229492,
pace-exact/exact166.gr,279,31636,pivot50,2,4723.0,,0.0421040058135986,
pace-exact/exact166.gr,279,31636,vote,0,4221.0,,0.0134246349334716,
pace-exact/exact166.gr,279,31636,vote,1,4222.0,,0.0013072490692138,
pace-exact/exact166.gr,279,31636,vote,2,4222.0,,0.0013384819030761,
pace-exact/exact166.gr,279,31636,louvain,0,4221.0,,0.011754035949707,
pace-exact/exact166.gr,279,31636,louvain,1,4222.0,,1.471107006072998,
pace-exact/exact166.gr,279,31636,louvain,2,4222.0,,0.0150072574615478,
pace-exact/exact165.gr,279,24777,lb:tri-mwu,0,,6084.542253521126,5.845614194869995,
pace-exact/exact166.gr,279,31636,leiden,0,4221.0,,2.151318073272705,
pace-exact/exact166.gr,279,31636,leiden,1,4221.0,,2.0577809810638428,
pace-exact/exact166.gr,279,31636,leiden,2,4221.0,,0.3723714351654053,
pace-exact/exact166.gr,279,31636,mfp,1,11615.0,,12.706285238265991,
pace-exact/exact166.gr,279,31636,mfp,0,8569.0,,13.207678318023682,
pace-exact/exact166.gr,279,31636,ins,0,4221.0,,1.2053706645965576,
pace-exact/exact166.gr,279,31636,ins,1,4221.0,,1.1189265251159668,
pace-exact/exact166.gr,279,31636,ins,2,4221.0,,1.1672041416168213,
pace-exact/exact166.gr,279,31636,mfp,2,14288.0,,13.116252660751345,
pace-exact/exact166.gr,279,31636,flip,0,4221.0,,17.709502935409546,
pace-exact/exact166.gr,279,31636,flip,1,4221.0,,17.13484287261963,
pace-exact/exact165.gr,279,24777,kapoce,0,6094.0,,60.28855085372925,
pace-exact/exact166.gr,279,31636,lb:greedy,0,,3360.0,0.7502353191375732,
pace-exact/exact166.gr,279,31636,flip,2,4221.0,,17.345641136169434,
pace-exact/exact167.gr,300,14191,pivot,0,14303.0,,0.0001933574676513,
pace-exact/exact167.gr,300,14191,pivot,1,14585.0,,0.0001633167266845,
pace-exact/exact167.gr,300,14191,pivot,2,12797.0,,0.0001449584960937,
pace-exact/exact167.gr,300,14191,pivot50,0,12789.0,,0.0159814357757568,
pace-exact/exact167.gr,300,14191,pivot50,1,12689.0,,0.0038206577301025,
pace-exact/exact167.gr,300,14191,pivot50,2,12400.0,,0.0159873962402343,
pace-exact/exact167.gr,300,14191,vote,0,9880.0,,0.0011944770812988,
pace-exact/exact167.gr,300,14191,vote,1,9866.0,,0.0012969970703125,
pace-exact/exact167.gr,300,14191,vote,2,9944.0,,0.0053334236145019,
pace-exact/exact167.gr,300,14191,louvain,0,9880.0,,0.0105063915252685,
pace-exact/exact167.gr,300,14191,louvain,1,9864.0,,1.405003547668457,
pace-exact/exact167.gr,300,14191,louvain,2,9943.0,,0.0189917087554931,
pace-exact/exact166.gr,279,31636,lb:tri-mwu,0,,4210.830985915493,5.219084978103638,
pace-exact/exact167.gr,300,14191,leiden,0,9878.0,,2.140810251235962,
pace-exact/exact167.gr,300,14191,leiden,2,9876.0,,0.2850039005279541,
pace-exact/exact167.gr,300,14191,leiden,1,9895.0,,2.076189041137696,
pace-exact/exact167.gr,300,14191,mfp,0,15135.0,,1.2325379848480225,
pace-exact/exact167.gr,300,14191,mfp,1,15101.0,,1.0177102088928225,
pace-exact/exact167.gr,300,14191,ins,0,9875.0,,0.4860165119171142,
pace-exact/exact167.gr,300,14191,ins,1,9880.0,,0.5615479946136475,
pace-exact/exact167.gr,300,14191,mfp,2,16157.0,,1.091355323791504,
pace-exact/exact167.gr,300,14191,ins,2,9877.0,,0.547175407409668,
pace-exact/exact167.gr,300,14191,flip,0,9875.0,,9.294946908950806,
pace-exact/exact167.gr,300,14191,flip,1,9864.0,,9.503615140914915,
pace-exact/exact167.gr,300,14191,flip,2,9864.0,,9.414875507354736,
pace-exact/exact167.gr,300,14191,lb:greedy,0,,5983.0,0.1386828422546386,
pace-exact/exact167.gr,300,14191,lb:tri-mwu,0,,7071.518518518518,4.269536972045898,
pace-exact/exact168.gr,300,15035,pivot,0,10596.0,,0.0001840591430664,
pace-exact/exact168.gr,300,15035,pivot,1,11051.0,,0.0002040863037109,
pace-exact/exact168.gr,300,15035,pivot,2,11215.0,,0.0001814365386962,
pace-exact/exact168.gr,300,15035,pivot50,0,9566.0,,0.0161621570587158,
pace-exact/exact168.gr,300,15035,pivot50,1,9438.0,,0.0200123786926269,
pace-exact/exact168.gr,300,15035,pivot50,2,9207.0,,0.0160515308380126,
pace-exact/exact168.gr,300,15035,vote,0,7674.0,,0.0008790493011474,
pace-exact/exact168.gr,300,15035,vote,1,7674.0,,0.0008299350738525,
pace-exact/exact168.gr,300,15035,vote,2,7678.0,,0.0009922981262207,
pace-exact/exact168.gr,300,15035,louvain,0,7674.0,,0.0142462253570556,
pace-exact/exact168.gr,300,15035,louvain,1,7674.0,,0.0019700527191162,
pace-exact/exact168.gr,300,15035,louvain,2,7678.0,,0.0021247863769531,
pace-exact/exact166.gr,279,31636,kapoce,0,4221.0,,60.27141618728638,
pace-exact/exact168.gr,300,15035,leiden,1,7678.0,,0.258697509765625,
pace-exact/exact168.gr,300,15035,leiden,2,7678.0,,0.1652126312255859,
pace-exact/exact168.gr,300,15035,leiden,0,7674.0,,2.0258193016052246,
pace-exact/exact168.gr,300,15035,mfp,0,14572.0,,1.6026341915130615,
pace-exact/exact168.gr,300,15035,mfp,1,14989.0,,1.876094341278076,
pace-exact/exact168.gr,300,15035,mfp,2,15052.0,,1.1609373092651367,
pace-exact/exact168.gr,300,15035,ins,0,7674.0,,0.608191728591919,
pace-exact/exact168.gr,300,15035,ins,1,7674.0,,0.5569534301757812,
pace-exact/exact168.gr,300,15035,ins,2,7674.0,,0.4803903102874756,
pace-exact/exact168.gr,300,15035,flip,0,7674.0,,8.240882158279419,
pace-exact/exact168.gr,300,15035,flip,1,7674.0,,8.57124662399292,
pace-exact/exact168.gr,300,15035,flip,2,7674.0,,8.523934364318848,
pace-exact/exact168.gr,300,15035,lb:greedy,0,,5371.0,0.1516056060791015,
pace-exact/exact168.gr,300,15035,lb:tri-mwu,0,,7018.045774647887,4.256488800048828,
pace-exact/exact169.gr,300,15456,pivot,0,12888.0,,0.0001771450042724,
pace-exact/exact169.gr,300,15456,pivot,1,13584.0,,0.0001544952392578,
pace-exact/exact169.gr,300,15456,pivot,2,15212.0,,1.2996633052825928,
pace-exact/exact169.gr,300,15456,pivot50,0,11494.0,,0.0286359786987304,
pace-exact/exact169.gr,300,15456,pivot50,1,12232.0,,0.0160155296325683,
pace-exact/exact169.gr,300,15456,pivot50,2,11873.0,,0.0122292041778564,
pace-exact/exact169.gr,300,15456,vote,0,9655.0,,0.0222160816192626,
pace-exact/exact169.gr,300,15456,vote,1,9579.0,,0.0010688304901123,
pace-exact/exact169.gr,300,15456,vote,2,9604.0,,0.0013008117675781,
pace-exact/exact167.gr,300,14191,kapoce,0,9861.0,,60.217625856399536,
pace-exact/exact169.gr,300,15456,louvain,0,9653.0,,0.0256648063659667,
pace-exact/exact169.gr,300,15456,louvain,1,9561.0,,0.019468069076538,
pace-exact/exact169.gr,300,15456,louvain,2,9561.0,,0.0120818614959716,
pace-exact/exact169.gr,300,15456,leiden,0,9561.0,,0.1870698928833007,
pace-exact/exact169.gr,300,15456,leiden,2,9652.0,,0.1789901256561279,
pace-exact/exact169.gr,300,15456,mfp,0,16114.0,,1.4517407417297363,
pace-exact/exact169.gr,300,15456,leiden,1,9657.0,,1.888627529144287,
pace-exact/exact169.gr,300,15456,mfp,1,16131.0,,1.429427146911621,
pace-exact/exact169.gr,300,15456,mfp,2,17651.0,,1.401130437850952,
pace-exact/exact169.gr,300,15456,ins,0,9561.0,,0.5375261306762695,
pace-exact/exact169.gr,300,15456,ins,1,9611.0,,0.5785953998565674,
pace-exact/exact169.gr,300,15456,ins,2,9561.0,,0.5816619396209717,
pace-exact/exact169.gr,300,15456,flip,0,9561.0,,10.672387599945068,
pace-exact/exact169.gr,300,15456,flip,1,9561.0,,10.551783800125122,
pace-exact/exact169.gr,300,15456,flip,2,9561.0,,10.00848388671875,
pace-exact/exact169.gr,300,15456,lb:greedy,0,,6497.0,0.1217794418334961,
pace-exact/exact169.gr,300,15456,lb:tri-mwu,0,,7702.862962962963,4.203711271286011,
pace-exact/exact170.gr,300,15641,pivot,0,11616.0,,0.0001845359802246,
pace-exact/exact170.gr,300,15641,pivot,1,10667.0,,0.0001482963562011,
pace-exact/exact170.gr,300,15641,pivot,2,11951.0,,0.0001523494720458,
pace-exact/exact170.gr,300,15641,pivot50,0,8389.0,,0.0165891647338867,
pace-exact/exact170.gr,300,15641,pivot50,1,8349.0,,0.0159869194030761,
pace-exact/exact170.gr,300,15641,pivot50,2,9342.0,,0.0160489082336425,
pace-exact/exact170.gr,300,15641,vote,0,6866.0,,0.0128400325775146,
pace-exact/exact170.gr,300,15641,vote,1,6892.0,,0.0007631778717041,
pace-exact/exact170.gr,300,15641,vote,2,6866.0,,0.0008876323699951,
pace-exact/exact170.gr,300,15641,louvain,0,6866.0,,0.0019376277923583,
pace-exact/exact170.gr,300,15641,louvain,1,6892.0,,0.0018589496612548,
pace-exact/exact170.gr,300,15641,louvain,2,6866.0,,0.0061633586883544,
pace-exact/exact170.gr,300,15641,leiden,0,6866.0,,1.8637964725494385,
pace-exact/exact168.gr,300,15035,kapoce,0,7674.0,,60.19006276130676,
pace-exact/exact170.gr,300,15641,leiden,1,6866.0,,0.2237560749053955,
pace-exact/exact170.gr,300,15641,leiden,2,6866.0,,0.2358045578002929,
pace-exact/exact170.gr,300,15641,mfp,0,14680.0,,1.689889430999756,
pace-exact/exact170.gr,300,15641,mfp,1,15952.0,,1.586902379989624,
pace-exact/exact170.gr,300,15641,ins,0,6866.0,,0.3005962371826172,
pace-exact/exact170.gr,300,15641,ins,1,6866.0,,0.3967151641845703,
pace-exact/exact170.gr,300,15641,mfp,2,14958.0,,1.7154498100280762,
pace-exact/exact170.gr,300,15641,ins,2,6866.0,,1.8187003135681152,
pace-exact/exact170.gr,300,15641,flip,0,6866.0,,6.782979726791382,
pace-exact/exact170.gr,300,15641,flip,1,6866.0,,6.588799715042114,
pace-exact/exact170.gr,300,15641,flip,2,6866.0,,8.06458854675293,
pace-exact/exact170.gr,300,15641,lb:greedy,0,,5504.0,0.1548523902893066,
pace-exact/exact170.gr,300,15641,lb:tri-mwu,0,,6785.141342756184,3.8826780319213854,
pace-exact/exact171.gr,300,25919,pivot,0,11602.0,,1.0844314098358154,
pace-exact/exact171.gr,300,25919,pivot,1,3562.0,,0.0001759529113769,
pace-exact/exact171.gr,300,25919,pivot,2,3614.0,,0.0001604557037353,
pace-exact/exact171.gr,300,25919,pivot50,0,3134.0,,0.022125244140625,
pace-exact/exact171.gr,300,25919,pivot50,1,3199.0,,0.0168182849884033,
pace-exact/exact171.gr,300,25919,pivot50,2,2901.0,,0.0214374065399169,
pace-exact/exact171.gr,300,25919,vote,0,2901.0,,0.0302023887634277,
pace-exact/exact171.gr,300,25919,vote,1,2901.0,,0.0009765625,
pace-exact/exact171.gr,300,25919,vote,2,2901.0,,0.0171527862548828,
pace-exact/exact171.gr,300,25919,louvain,0,2901.0,,0.0415906906127929,
pace-exact/exact171.gr,300,25919,louvain,1,2901.0,,0.0143296718597412,
pace-exact/exact171.gr,300,25919,louvain,2,2901.0,,0.0189971923828125,
pace-exact/exact169.gr,300,15456,kapoce,0,9561.0,,60.24758720397949,
pace-exact/exact171.gr,300,25919,leiden,1,2901.0,,0.3608415126800537,
pace-exact/exact171.gr,300,25919,leiden,2,2901.0,,0.2586181163787842,
pace-exact/exact171.gr,300,25919,leiden,0,2901.0,,2.282510280609131,
pace-exact/exact171.gr,300,25919,mfp,0,9472.0,,7.70293378829956,
pace-exact/exact171.gr,300,25919,mfp,1,11270.0,,7.996696710586548,
pace-exact/exact171.gr,300,25919,ins,0,2901.0,,0.5427215099334717,
pace-exact/exact171.gr,300,25919,ins,1,2901.0,,0.3834896087646484,
pace-exact/exact171.gr,300,25919,ins,2,2901.0,,0.460688829421997,
pace-exact/exact171.gr,300,25919,mfp,2,10032.0,,7.724439859390259,
pace-exact/exact171.gr,300,25919,flip,0,2901.0,,5.381397247314453,
pace-exact/exact171.gr,300,25919,flip,1,2901.0,,5.142434597015381,
pace-exact/exact171.gr,300,25919,flip,2,2901.0,,5.178476095199585,
pace-exact/exact171.gr,300,25919,lb:greedy,0,,2887.0,0.3466484546661377,
pace-exact/exact171.gr,300,25919,lb:tri-mwu,0,,2900.9119718309857,3.655594110488892,
pace-exact/exact172.gr,300,28765,pivot,0,9224.0,,0.0001742839813232,
pace-exact/exact172.gr,300,28765,pivot,1,9956.0,,0.0001704692840576,
pace-exact/exact172.gr,300,28765,pivot,2,10901.0,,0.0001718997955322,
pace-exact/exact172.gr,300,28765,pivot50,0,7213.0,,0.0213675498962402,
pace-exact/exact172.gr,300,28765,pivot50,1,8685.0,,0.0172300338745117,
pace-exact/exact172.gr,300,28765,pivot50,2,8814.0,,0.0277276039123535,
pace-exact/exact172.gr,300,28765,vote,0,6978.0,,0.0172064304351806,
pace-exact/exact172.gr,300,28765,vote,1,6978.0,,0.0011277198791503,
pace-exact/exact172.gr,300,28765,vote,2,6978.0,,0.0010988712310791,
pace-exact/exact172.gr,300,28765,louvain,0,6978.0,,0.0150036811828613,
pace-exact/exact172.gr,300,28765,louvain,1,6978.0,,0.0147056579589843,
pace-exact/exact172.gr,300,28765,louvain,2,6978.0,,0.0172510147094726,
pace-exact/exact170.gr,300,15641,kapoce,0,6866.0,,60.20272946357727,
pace-exact/exact172.gr,300,28765,leiden,0,6978.0,,2.1890127658843994,
pace-exact/exact172.gr,300,28765,leiden,2,6978.0,,0.625878095626831,
pace-exact/exact172.gr,300,28765,leiden,1,6978.0,,2.150973320007324,
pace-exact/exact172.gr,300,28765,mfp,0,19885.0,,9.157304286956789,
pace-exact/exact172.gr,300,28765,mfp,1,23546.0,,8.272583961486816,
pace-exact/exact172.gr,300,28765,ins,0,6978.0,,0.8780186176300049,
pace-exact/exact172.gr,300,28765,ins,1,6978.0,,0.758418083190918,
pace-exact/exact172.gr,300,28765,ins,2,6978.0,,0.884190559387207,
pace-exact/exact172.gr,300,28765,mfp,2,21019.0,,10.13267970085144,
pace-exact/exact172.gr,300,28765,flip,0,6978.0,,13.736361265182495,
pace-exact/exact172.gr,300,28765,flip,1,6978.0,,13.803828239440918,
pace-exact/exact172.gr,300,28765,flip,2,6978.0,,14.052219152450562,
pace-exact/exact172.gr,300,28765,lb:greedy,0,,6385.0,0.6657342910766602,
pace-exact/exact171.gr,300,25919,kapoce,0,2901.0,,60.33112788200378,
pace-exact/exact172.gr,300,28765,lb:tri-mwu,0,,6970.651408450704,7.602048635482788,
pace-exact/exact173.gr,313,1764,pivot,1,118.0,,0.0001578330993652,
pace-exact/exact173.gr,313,1764,pivot,2,122.0,,0.0001070499420166,
pace-exact/exact173.gr,313,1764,pivot50,0,107.0,,0.0109670162200927,
pace-exact/exact173.gr,313,1764,pivot50,1,109.0,,0.0028412342071533,
pace-exact/exact173.gr,313,1764,pivot50,2,105.0,,0.006937026977539,
pace-exact/exact173.gr,313,1764,vote,0,100.0,,0.0002138614654541,
pace-exact/exact173.gr,313,1764,vote,1,104.0,,0.0001883506774902,
pace-exact/exact173.gr,313,1764,vote,2,104.0,,0.0001754760742187,
pace-exact/exact173.gr,313,1764,louvain,0,100.0,,0.0007340908050537,
pace-exact/exact173.gr,313,1764,louvain,1,100.0,,0.0006446838378906,
pace-exact/exact173.gr,313,1764,louvain,2,100.0,,0.0006461143493652,
pace-exact/exact173.gr,313,1764,pivot,0,234.0,,1.356191635131836,
pace-exact/exact173.gr,313,1764,leiden,0,100.0,,1.722543478012085,
pace-exact/exact173.gr,313,1764,leiden,2,100.0,,0.0255258083343505,
pace-exact/exact173.gr,313,1764,mfp,0,316.0,,0.1151652336120605,
pace-exact/exact173.gr,313,1764,mfp,1,262.0,,0.1351723670959472,
pace-exact/exact173.gr,313,1764,mfp,2,380.0,,0.1303963661193847,
pace-exact/exact173.gr,313,1764,leiden,1,100.0,,1.8947558403015137,
pace-exact/exact173.gr,313,1764,ins,1,100.0,,0.0855500698089599,
pace-exact/exact173.gr,313,1764,ins,2,100.0,,0.0196888446807861,
pace-exact/exact173.gr,313,1764,flip,0,100.0,,0.2025985717773437,
pace-exact/exact173.gr,313,1764,flip,1,100.0,,0.1974897384643554,
pace-exact/exact173.gr,313,1764,flip,2,100.0,,0.181520938873291,
pace-exact/exact173.gr,313,1764,ins,0,100.0,,1.6561250686645508,
pace-exact/exact173.gr,313,1764,lb:greedy,0,,99.0,0.0211308002471923,
pace-exact/exact173.gr,313,1764,lb:tri-mwu,0,,98.306338028169,0.0837123394012451,
pace-exact/exact174.gr,313,2294,pivot,0,247.0,,0.0001323223114013,
pace-exact/exact174.gr,313,2294,pivot,1,294.0,,0.0001156330108642,
pace-exact/exact174.gr,313,2294,pivot,2,306.0,,8.559226989746094e-05,
pace-exact/exact174.gr,313,2294,pivot50,0,172.0,,0.0083582401275634,
pace-exact/exact174.gr,313,2294,pivot50,1,162.0,,0.0111832618713378,
pace-exact/exact174.gr,313,2294,pivot50,2,180.0,,0.0071678161621093,
pace-exact/exact174.gr,313,2294,vote,0,154.0,,0.000450849533081,
pace-exact/exact174.gr,313,2294,vote,1,154.0,,0.0002188682556152,
pace-exact/exact174.gr,313,2294,vote,2,155.0,,0.0002334117889404,
pace-exact/exact174.gr,313,2294,louvain,0,154.0,,0.0049035549163818,
pace-exact/exact174.gr,313,2294,louvain,1,154.0,,1.5729901790618896,
pace-exact/exact174.gr,313,2294,louvain,2,155.0,,0.0009365081787109,
pace-exact/exact174.gr,313,2294,leiden,0,154.0,,1.588310956954956,
pace-exact/exact174.gr,313,2294,leiden,1,155.0,,0.0280840396881103,
pace-exact/exact174.gr,313,2294,leiden,2,155.0,,0.0458624362945556,
pace-exact/exact174.gr,313,2294,mfp,0,448.0,,0.2223303318023681,
pace-exact/exact174.gr,313,2294,mfp,1,454.0,,0.1515111923217773,
pace-exact/exact174.gr,313,2294,mfp,2,425.0,,0.1515448093414306,
pace-exact/exact174.gr,313,2294,ins,0,155.0,,0.0367560386657714,
pace-exact/exact174.gr,313,2294,ins,1,154.0,,0.0069985389709472,
pace-exact/exact174.gr,313,2294,ins,2,155.0,,0.01104736328125,
pace-exact/exact174.gr,313,2294,flip,0,154.0,,0.2393350601196289,
pace-exact/exact174.gr,313,2294,flip,1,154.0,,0.1479935646057129,
pace-exact/exact174.gr,313,2294,flip,2,154.0,,0.2161531448364257,
pace-exact/exact174.gr,313,2294,lb:greedy,0,,150.0,0.0097291469573974,
pace-exact/exact174.gr,313,2294,lb:tri-mwu,0,,152.9049295774648,0.0322206020355224,
pace-exact/exact175.gr,313,3516,pivot,0,1064.0,,0.0001502037048339,
pace-exact/exact175.gr,313,3516,pivot,1,862.0,,9.03606414794922e-05,
pace-exact/exact175.gr,313,3516,pivot,2,964.0,,9.03606414794922e-05,
pace-exact/exact175.gr,313,3516,pivot50,0,640.0,,0.0071337223052978,
pace-exact/exact175.gr,313,3516,pivot50,1,677.0,,0.0070288181304931,
pace-exact/exact175.gr,313,3516,pivot50,2,689.0,,0.0069637298583984,
pace-exact/exact175.gr,313,3516,vote,0,582.0,,0.0043401718139648,
pace-exact/exact175.gr,313,3516,vote,1,558.0,,0.0002791881561279,
pace-exact/exact175.gr,313,3516,vote,2,582.0,,0.0002744197845458,
pace-exact/exact175.gr,313,3516,louvain,0,582.0,,1.0423028469085691,
pace-exact/exact175.gr,313,3516,louvain,1,557.0,,0.0009872913360595,
pace-exact/exact175.gr,313,3516,louvain,2,582.0,,0.0091145038604736,
pace-exact/exact175.gr,313,3516,leiden,0,557.0,,1.1229965686798096,
pace-exact/exact175.gr,313,3516,leiden,1,557.0,,0.0320575237274169,
pace-exact/exact175.gr,313,3516,leiden,2,557.0,,0.0666775703430175,
pace-exact/exact175.gr,313,3516,mfp,0,1930.0,,0.1958730220794677,
pace-exact/exact175.gr,313,3516,mfp,1,1606.0,,0.1246442794799804,
pace-exact/exact175.gr,313,3516,mfp,2,1757.0,,0.1135938167572021,
pace-exact/exact175.gr,313,3516,ins,0,557.0,,0.0250780582427978,
pace-exact/exact175.gr,313,3516,ins,1,557.0,,0.0181696414947509,
pace-exact/exact175.gr,313,3516,ins,2,557.0,,0.0150940418243408,
pace-exact/exact172.gr,300,28765,kapoce,0,6978.0,,60.28921961784363,
pace-exact/exact175.gr,313,3516,flip,0,557.0,,0.2119369506835937,
pace-exact/exact175.gr,313,3516,flip,1,557.0,,0.334174633026123,
pace-exact/exact175.gr,313,3516,flip,2,557.0,,0.2741811275482178,
pace-exact/exact175.gr,313,3516,lb:greedy,0,,519.0,0.0143346786499023,
pace-exact/exact175.gr,313,3516,lb:tri-mwu,0,,551.3661971830986,0.0648131370544433,
pace-exact/exact176.gr,313,7570,pivot,0,1108.0,,0.0001425743103027,
pace-exact/exact176.gr,313,7570,pivot,1,1772.0,,0.0001001358032226,
pace-exact/exact176.gr,313,7570,pivot,2,1337.0,,9.441375732421876e-05,
pace-exact/exact176.gr,313,7570,pivot50,0,946.0,,0.007453441619873,
pace-exact/exact176.gr,313,7570,pivot50,1,931.0,,0.0081825256347656,
pace-exact/exact176.gr,313,7570,pivot50,2,992.0,,0.0083315372467041,
pace-exact/exact176.gr,313,7570,vote,0,908.0,,0.0045936107635498,
pace-exact/exact176.gr,313,7570,vote,1,914.0,,0.0045764446258544,
pace-exact/exact176.gr,313,7570,vote,2,908.0,,0.0004515647888183,
pace-exact/exact176.gr,313,7570,louvain,0,908.0,,0.0011587142944335,
pace-exact/exact176.gr,313,7570,louvain,1,908.0,,0.0011682510375976,
pace-exact/exact176.gr,313,7570,louvain,2,908.0,,0.0011379718780517,
pace-exact/exact176.gr,313,7570,leiden,0,908.0,,1.1957380771636963,
pace-exact/exact173.gr,313,1764,kapoce,0,100.0,,47.9516818523407,
pace-exact/exact176.gr,313,7570,leiden,2,908.0,,1.573674201965332,
pace-exact/exact176.gr,313,7570,leiden,1,908.0,,1.3708829879760742,
pace-exact/exact176.gr,313,7570,mfp,0,2836.0,,0.6179800033569336,
pace-exact/exact176.gr,313,7570,mfp,1,2152.0,,0.6409573554992676,
pace-exact/exact176.gr,313,7570,ins,0,908.0,,0.0964577198028564,
pace-exact/exact176.gr,313,7570,ins,1,908.0,,0.0400116443634033,
pace-exact/exact176.gr,313,7570,ins,2,908.0,,0.0262815952301025,
pace-exact/exact176.gr,313,7570,mfp,2,2136.0,,0.5386507511138916,
pace-exact/exact176.gr,313,7570,flip,0,908.0,,0.5070414543151855,
pace-exact/exact176.gr,313,7570,flip,1,908.0,,0.7719168663024902,
pace-exact/exact176.gr,313,7570,flip,2,908.0,,0.6691598892211914,
pace-exact/exact174.gr,313,2294,kapoce,0,154.0,,46.5723044872284,
pace-exact/exact176.gr,313,7570,lb:greedy,0,,890.0,0.0360286235809326,
pace-exact/exact176.gr,313,7570,lb:tri-mwu,0,,905.838028169014,0.2177200317382812,
pace-exact/exact177.gr,313,14634,pivot,0,5246.0,,0.0001523494720458,
pace-exact/exact177.gr,313,14634,pivot,1,6629.0,,0.0001289844512939,
pace-exact/exact177.gr,313,14634,pivot,2,7347.0,,0.9961462020874025,
pace-exact/exact177.gr,313,14634,pivot50,0,4452.0,,0.0120558738708496,
pace-exact/exact177.gr,313,14634,pivot50,1,4421.0,,0.011993408203125,
pace-exact/exact177.gr,313,14634,pivot50,2,4563.0,,0.0078365802764892,
pace-exact/exact177.gr,313,14634,vote,0,4090.0,,0.0093538761138916,
pace-exact/exact177.gr,313,14634,vote,1,4089.0,,0.0006797313690185,
pace-exact/exact177.gr,313,14634,vote,2,4090.0,,0.0008313655853271,
pace-exact/exact177.gr,313,14634,louvain,0,4089.0,,0.0170779228210449,
pace-exact/exact177.gr,313,14634,louvain,1,4089.0,,0.0059061050415039,
pace-exact/exact177.gr,313,14634,louvain,2,4090.0,,0.0023269653320312,
pace-exact/exact177.gr,313,14634,leiden,1,4090.0,,0.1595642566680908,
pace-exact/exact177.gr,313,14634,leiden,2,4093.0,,0.126971960067749,
pace-exact/exact177.gr,313,14634,leiden,0,4090.0,,1.223684310913086,
pace-exact/exact177.gr,313,14634,mfp,0,8573.0,,1.393929958343506,
pace-exact/exact177.gr,313,14634,mfp,1,12067.0,,1.3783442974090576,
pace-exact/exact177.gr,313,14634,ins,0,4089.0,,0.3646464347839355,
pace-exact/exact177.gr,313,14634,ins,1,4089.0,,0.4577257633209228,
pace-exact/exact177.gr,313,14634,mfp,2,11258.0,,1.1512315273284912,
pace-exact/exact177.gr,313,14634,ins,2,4089.0,,0.3479759693145752,
pace-exact/exact177.gr,313,14634,flip,0,4089.0,,5.601464033126831,
pace-exact/exact177.gr,313,14634,flip,1,4089.0,,5.911986589431763,
pace-exact/exact177.gr,313,14634,flip,2,4089.0,,5.665390253067017,
pace-exact/exact175.gr,313,3516,kapoce,0,557.0,,60.12088751792908,
pace-exact/exact177.gr,313,14634,lb:greedy,0,,3684.0,0.1190528869628906,
pace-exact/exact177.gr,313,14634,lb:tri-mwu,0,,4032.489436619718,1.9062261581420896,
pace-exact/exact178.gr,330,573,pivot,0,238.0,,0.0001916885375976,
pace-exact/exact178.gr,330,573,pivot,1,271.0,,0.0001320838928222,
pace-exact/exact178.gr,330,573,pivot,2,264.0,,0.0001232624053955,
pace-exact/exact178.gr,330,573,pivot50,0,229.0,,0.8996124267578125,
pace-exact/exact178.gr,330,573,pivot50,1,223.0,,0.0031564235687255,
pace-exact/exact178.gr,330,573,pivot50,2,234.0,,0.0034081935882568,
pace-exact/exact178.gr,330,573,vote,0,210.0,,0.0047266483306884,
pace-exact/exact178.gr,330,573,vote,1,209.0,,0.0001776218414306,
pace-exact/exact178.gr,330,573,vote,2,206.0,,0.0001583099365234,
pace-exact/exact178.gr,330,573,louvain,0,210.0,,0.0079095363616943,
pace-exact/exact178.gr,330,573,louvain,1,209.0,,0.0010461807250976,
pace-exact/exact178.gr,330,573,louvain,2,206.0,,0.000709056854248,
pace-exact/exact178.gr,330,573,leiden,0,211.0,,1.3158807754516602,
pace-exact/exact178.gr,330,573,leiden,1,213.0,,0.0415804386138916,
pace-exact/exact178.gr,330,573,leiden,2,206.0,,0.0469236373901367,
pace-exact/exact178.gr,330,573,mfp,0,533.0,,0.0722544193267822,
pace-exact/exact178.gr,330,573,mfp,1,536.0,,0.0029494762420654,
pace-exact/exact178.gr,330,573,mfp,2,548.0,,0.0028870105743408,
pace-exact/exact178.gr,330,573,ins,0,208.0,,0.0112068653106689,
pace-exact/exact178.gr,330,573,ins,1,201.0,,0.0015203952789306,
pace-exact/exact178.gr,330,573,ins,2,204.0,,0.0059010982513427,
pace-exact/exact178.gr,330,573,flip,0,200.0,,0.0800762176513671,
pace-exact/exact178.gr,330,573,flip,1,200.0,,0.0822253227233886,
pace-exact/exact178.gr,330,573,flip,2,200.0,,1.0469717979431152,
pace-exact/exact176.gr,313,7570,kapoce,0,908.0,,60.09702920913696,
pace-exact/exact178.gr,330,573,lb:greedy,0,,175.0,0.0036098957061767,
pace-exact/exact178.gr,330,573,lb:tri-mwu,0,,187.65140845070425,0.0137808322906494,
pace-exact/exact179.gr,330,1370,pivot,0,865.0,,0.0001282691955566,
pace-exact/exact179.gr,330,1370,pivot,1,1031.0,,7.367134094238281e-05,
pace-exact/exact179.gr,330,1370,pivot,2,883.0,,0.0001392364501953,
pace-exact/exact179.gr,330,1370,pivot50,0,821.0,,0.002662181854248,
pace-exact/exact179.gr,330,1370,pivot50,1,794.0,,0.002699851989746,
pace-exact/exact179.gr,330,1370,pivot50,2,792.0,,0.0028784275054931,
pace-exact/exact179.gr,330,1370,vote,0,665.0,,0.0002439022064208,
pace-exact/exact179.gr,330,1370,vote,1,661.0,,0.0002393722534179,
pace-exact/exact179.gr,330,1370,vote,2,668.0,,0.000206708908081,
pace-exact/exact179.gr,330,1370,louvain,0,654.0,,0.001622200012207,
pace-exact/exact179.gr,330,1370,louvain,1,652.0,,0.9960317611694336,
pace-exact/exact179.gr,330,1370,louvain,2,659.0,,0.0010807514190673,
pace-exact/exact179.gr,330,1370,leiden,0,651.0,,1.2804844379425049,
pace-exact/exact179.gr,330,1370,leiden,1,652.0,,0.0732495784759521,
pace-exact/exact179.gr,330,1370,leiden,2,652.0,,0.0485594272613525,
pace-exact/exact179.gr,330,1370,mfp,0,1501.0,,0.0629522800445556,
pace-exact/exact179.gr,330,1370,mfp,1,1435.0,,0.0077981948852539,
pace-exact/exact179.gr,330,1370,mfp,2,1535.0,,0.0078570842742919,
pace-exact/exact179.gr,330,1370,ins,0,643.0,,0.0081183910369873,
pace-exact/exact179.gr,330,1370,ins,1,641.0,,0.0073978900909423,
pace-exact/exact179.gr,330,1370,ins,2,639.0,,0.0072674751281738,
pace-exact/exact179.gr,330,1370,flip,0,636.0,,0.1204550266265869,
pace-exact/exact179.gr,330,1370,flip,1,635.0,,0.1319010257720947,
pace-exact/exact179.gr,330,1370,flip,2,635.0,,0.1616935729980468,
pace-exact/exact177.gr,313,14634,kapoce,0,4089.0,,60.10742902755737,
pace-exact/exact179.gr,330,1370,lb:greedy,0,,519.0,0.0054647922515869,
pace-exact/exact179.gr,330,1370,lb:tri-mwu,0,,574.8908450704225,0.0259492397308349,
pace-exact/exact180.gr,330,2256,pivot,0,1679.0,,0.0001263618469238,
pace-exact/exact180.gr,330,2256,pivot,1,1679.0,,0.0001075267791748,
pace-exact/exact180.gr,330,2256,pivot,2,1456.0,,8.082389831542969e-05,
pace-exact/exact180.gr,330,2256,pivot50,0,1359.0,,0.0025889873504638,
pace-exact/exact180.gr,330,2256,pivot50,1,1370.0,,1.0205280780792236,
pace-exact/exact180.gr,330,2256,pivot50,2,1364.0,,0.0107603073120117,
pace-exact/exact180.gr,330,2256,vote,0,1130.0,,0.0167891979217529,
pace-exact/exact180.gr,330,2256,vote,1,1126.0,,0.0003137588500976,
pace-exact/exact180.gr,330,2256,vote,2,1125.0,,0.0002968311309814,
pace-exact/exact180.gr,330,2256,louvain,0,1127.0,,0.0159192085266113,
pace-exact/exact180.gr,330,2256,louvain,1,1122.0,,0.0009980201721191,
pace-exact/exact180.gr,330,2256,louvain,2,1116.0,,0.0010504722595214,
pace-exact/exact180.gr,330,2256,leiden,0,1104.0,,1.0210168361663818,
pace-exact/exact180.gr,330,2256,leiden,1,1098.0,,0.0823020935058593,
pace-exact/exact180.gr,330,2256,leiden,2,1096.0,,0.0897860527038574,
pace-exact/exact180.gr,330,2256,mfp,0,2395.0,,0.0887503623962402,
pace-exact/exact180.gr,330,2256,mfp,1,2475.0,,0.0229604244232177,
pace-exact/exact180.gr,330,2256,mfp,2,2375.0,,0.0165421962738037,
pace-exact/exact180.gr,330,2256,ins,0,1088.0,,0.0128340721130371,
pace-exact/exact180.gr,330,2256,ins,1,1093.0,,0.007444143295288,
pace-exact/exact180.gr,330,2256,ins,2,1091.0,,0.0051102638244628,
pace-exact/exact180.gr,330,2256,flip,0,1082.0,,0.2607393264770508,
pace-exact/exact180.gr,330,2256,flip,1,1086.0,,0.4081485271453857,
pace-exact/exact180.gr,330,2256,flip,2,1087.0,,0.3432588577270508,
pace-exact/exact178.gr,330,573,kapoce,0,200.0,,29.14152216911316,
pace-exact/exact180.gr,330,2256,lb:greedy,0,,861.0,0.0093176364898681,
pace-exact/exact180.gr,330,2256,lb:tri-mwu,0,,951.3415492957746,0.1027390956878662,
pace-exact/exact181.gr,330,3253,pivot,0,2228.0,,0.000152587890625,
pace-exact/exact181.gr,330,3253,pivot,1,2131.0,,9.489059448242188e-05,
pace-exact/exact181.gr,330,3253,pivot,2,2018.0,,9.34600830078125e-05,
pace-exact/exact181.gr,330,3253,pivot50,0,1902.0,,0.0070071220397949,
pace-exact/exact181.gr,330,3253,pivot50,1,1921.0,,0.0071253776550292,
pace-exact/exact181.gr,330,3253,pivot50,2,1800.0,,0.0070509910583496,
pace-exact/exact181.gr,330,3253,vote,0,1605.0,,0.0003631114959716,
pace-exact/exact181.gr,330,3253,vote,1,1609.0,,0.0005226135253906,
pace-exact/exact181.gr,330,3253,vote,2,1603.0,,0.0005645751953125,
pace-exact/exact181.gr,330,3253,louvain,0,1576.0,,0.0466902256011962,
pace-exact/exact181.gr,330,3253,louvain,1,1602.0,,0.0011878013610839,
pace-exact/exact181.gr,330,3253,louvain,2,1595.0,,0.0011918544769287,
pace-exact/exact181.gr,330,3253,leiden,0,1581.0,,1.326575517654419,
pace-exact/exact181.gr,330,3253,leiden,1,1604.0,,0.1251251697540283,
pace-exact/exact181.gr,330,3253,leiden,2,1608.0,,0.062856912612915,
pace-exact/exact181.gr,330,3253,mfp,0,3197.0,,1.0407907962799072,
pace-exact/exact181.gr,330,3253,mfp,1,3312.0,,0.090886116027832,
pace-exact/exact181.gr,330,3253,mfp,2,3551.0,,0.0640733242034912,
pace-exact/exact181.gr,330,3253,ins,0,1569.0,,0.0583436489105224,
pace-exact/exact181.gr,330,3253,ins,1,1578.0,,0.0241248607635498,
pace-exact/exact181.gr,330,3253,ins,2,1573.0,,0.0238862037658691,
pace-exact/exact181.gr,330,3253,flip,0,1566.0,,0.4378793239593506,
pace-exact/exact181.gr,330,3253,flip,1,1570.0,,0.5817408561706543,
pace-exact/exact181.gr,330,3253,flip,2,1571.0,,0.5197563171386719,
pace-exact/exact179.gr,330,1370,kapoce,0,633.0,,50.02859687805176,
pace-exact/exact180.gr,330,2256,kapoce,0,1081.0,,60.10870695114136,
pace-exact/exact181.gr,330,3253,lb:greedy,0,,1221.0,0.0161380767822265,
pace-exact/exact181.gr,330,3253,lb:tri-mwu,0,,1355.2852112676055,0.1461081504821777,
pace-exact/exact182.gr,330,4329,pivot,0,2914.0,,0.0001692771911621,
pace-exact/exact182.gr,330,4329,pivot,1,2980.0,,0.9358623027801514,
pace-exact/exact182.gr,330,4329,pivot,2,2698.0,,0.0001399517059326,
pace-exact/exact182.gr,330,4329,pivot50,0,2577.0,,0.0112478733062744,
pace-exact/exact182.gr,330,4329,pivot50,1,2525.0,,0.0028204917907714,
pace-exact/exact182.gr,330,4329,pivot50,2,2525.0,,0.0073919296264648,
pace-exact/exact182.gr,330,4329,vote,0,2225.0,,0.0177445411682128,
pace-exact/exact182.gr,330,4329,vote,1,2212.0,,0.0005638599395751,
pace-exact/exact182.gr,330,4329,vote,2,2221.0,,0.0065083503723144,
pace-exact/exact182.gr,330,4329,louvain,0,2211.0,,0.0172822475433349,
pace-exact/exact182.gr,330,4329,louvain,1,2203.0,,0.0016918182373046,
pace-exact/exact182.gr,330,4329,louvain,2,2182.0,,0.001328706741333,
pace-exact/exact182.gr,330,4329,leiden,0,2225.0,,1.2231478691101074,
pace-exact/exact182.gr,330,4329,leiden,1,2184.0,,0.0684850215911865,
pace-exact/exact182.gr,330,4329,leiden,2,2221.0,,0.1297519207000732,
pace-exact/exact182.gr,330,4329,mfp,0,4499.0,,0.1451985836029052,
pace-exact/exact182.gr,330,4329,mfp,1,4686.0,,0.0880889892578125,
pace-exact/exact182.gr,330,4329,mfp,2,4568.0,,0.1410939693450927,
pace-exact/exact182.gr,330,4329,ins,0,2177.0,,0.0633628368377685,
pace-exact/exact182.gr,330,4329,ins,1,2170.0,,0.0401585102081298,
pace-exact/exact182.gr,330,4329,ins,2,2192.0,,0.0299627780914306,
pace-exact/exact182.gr,330,4329,flip,0,2162.0,,1.8351449966430664,
pace-exact/exact182.gr,330,4329,flip,1,2160.0,,0.6850008964538574,
pace-exact/exact182.gr,330,4329,flip,2,2164.0,,0.6582982540130615,
pace-exact/exact182.gr,330,4329,lb:greedy,0,,1668.0,0.0196728706359863,
pace-exact/exact182.gr,330,4329,lb:tri-mwu,0,,1858.707746478873,0.1782155036926269,
pace-exact/exact183.gr,330,5613,pivot,0,3674.0,,0.0001909732818603,
pace-exact/exact183.gr,330,5613,pivot,1,3841.0,,0.0001337528228759,
pace-exact/exact183.gr,330,5613,pivot,2,3594.0,,0.0001366138458251,
pace-exact/exact183.gr,330,5613,pivot50,0,3313.0,,0.0043385028839111,
pace-exact/exact183.gr,330,5613,pivot50,1,3239.0,,0.0044114589691162,
pace-exact/exact183.gr,330,5613,pivot50,2,3271.0,,0.0043063163757324,
pace-exact/exact183.gr,330,5613,vote,0,2852.0,,0.0006880760192871,
pace-exact/exact183.gr,330,5613,vote,1,2915.0,,0.0007033348083496,
pace-exact/exact183.gr,330,5613,vote,2,2908.0,,0.9279389381408693,
pace-exact/exact183.gr,330,5613,louvain,0,2848.0,,0.012918472290039,
pace-exact/exact183.gr,330,5613,louvain,1,2887.0,,0.0018947124481201,
pace-exact/exact183.gr,330,5613,louvain,2,2892.0,,0.0018270015716552,
pace-exact/exact183.gr,330,5613,leiden,0,2903.0,,1.481003999710083,
pace-exact/exact183.gr,330,5613,leiden,1,2821.0,,0.1088871955871582,
pace-exact/exact183.gr,330,5613,leiden,2,2811.0,,0.1660432815551757,
pace-exact/exact183.gr,330,5613,mfp,0,5703.0,,0.1910040378570556,
pace-exact/exact183.gr,330,5613,mfp,1,5912.0,,0.160560131072998,
pace-exact/exact183.gr,330,5613,mfp,2,5902.0,,0.213134765625,
pace-exact/exact183.gr,330,5613,ins,0,2839.0,,0.0464863777160644,
pace-exact/exact183.gr,330,5613,ins,1,2800.0,,0.0511255264282226,
pace-exact/exact183.gr,330,5613,ins,2,2808.0,,0.0879008769989013,
pace-exact/exact183.gr,330,5613,flip,0,2789.0,,1.1649558544158936,
pace-exact/exact183.gr,330,5613,flip,1,2792.0,,0.9039437770843506,
pace-exact/exact183.gr,330,5613,flip,2,2795.0,,0.9963879585266112,
pace-exact/exact181.gr,330,3253,kapoce,0,1563.0,,60.08454489707947,
pace-exact/exact182.gr,330,4329,kapoce,0,2159.0,,60.11483263969421,
pace-exact/exact183.gr,330,5613,lb:greedy,0,,2173.0,0.0619194507598876,
pace-exact/exact183.gr,330,5613,lb:tri-mwu,0,,2449.81338028169,0.3420813083648681,
pace-exact/exact184.gr,330,7270,pivot,0,4985.0,,0.0001616477966308,
pace-exact/exact184.gr,330,7270,pivot,1,4632.0,,0.0001547336578369,
pace-exact/exact184.gr,330,7270,pivot,2,4711.0,,0.0001082420349121,
pace-exact/exact184.gr,330,7270,pivot50,0,4201.0,,0.0111839771270751,
pace-exact/exact184.gr,330,7270,pivot50,1,4102.0,,0.0114274024963378,
pace-exact/exact184.gr,330,7270,pivot50,2,4157.0,,0.0112907886505126,
pace-exact/exact184.gr,330,7270,vote,0,3723.0,,0.0006227493286132,
pace-exact/exact184.gr,330,7270,vote,1,3761.0,,0.0005524158477783,
pace-exact/exact184.gr,330,7270,vote,2,3741.0,,0.0005722045898437,
pace-exact/exact184.gr,330,7270,louvain,0,3723.0,,0.0014989376068115,
pace-exact/exact184.gr,330,7270,louvain,1,3752.0,,0.0014195442199707,
pace-exact/exact184.gr,330,7270,louvain,2,3715.0,,0.0059461593627929,
pace-exact/exact184.gr,330,7270,leiden,0,3740.0,,1.2613348960876465,
pace-exact/exact184.gr,330,7270,leiden,1,3740.0,,0.1997525691986084,
pace-exact/exact184.gr,330,7270,mfp,0,7518.0,,0.2510221004486084,
pace-exact/exact184.gr,330,7270,mfp,1,7758.0,,0.288689374923706,
pace-exact/exact184.gr,330,7270,mfp,2,7716.0,,0.2800343036651611,
pace-exact/exact184.gr,330,7270,ins,0,3706.0,,0.0589861869812011,
pace-exact/exact184.gr,330,7270,ins,1,3715.0,,0.0535430908203125,
pace-exact/exact184.gr,330,7270,ins,2,3688.0,,0.0550968647003173,
pace-exact/exact184.gr,330,7270,leiden,2,3724.0,,1.340806245803833,
pace-exact/exact184.gr,330,7270,flip,0,3692.0,,1.291764497756958,
pace-exact/exact184.gr,330,7270,flip,1,3691.0,,1.4579956531524658,
pace-exact/exact184.gr,330,7270,flip,2,3685.0,,1.4561376571655271,
pace-exact/exact184.gr,330,7270,lb:greedy,0,,2833.0,0.0361568927764892,
pace-exact/exact184.gr,330,7270,lb:tri-mwu,0,,3240.330985915493,0.5305004119873047,
pace-exact/exact185.gr,347,1456,pivot,0,385.0,,0.000145673751831,
pace-exact/exact185.gr,347,1456,pivot,1,290.0,,0.7122299671173096,
pace-exact/exact185.gr,347,1456,pivot,2,322.0,,0.0001215934753417,
pace-exact/exact185.gr,347,1456,pivot50,0,241.0,,0.0074272155761718,
pace-exact/exact185.gr,347,1456,pivot50,1,230.0,,0.0070631504058837,
pace-exact/exact185.gr,347,1456,pivot50,2,246.0,,0.0030186176300048,
pace-exact/exact185.gr,347,1456,vote,0,209.0,,0.0129969120025634,
pace-exact/exact185.gr,347,1456,vote,1,207.0,,0.0003054141998291,
pace-exact/exact185.gr,347,1456,vote,2,203.0,,0.0002479553222656,
pace-exact/exact185.gr,347,1456,louvain,0,205.0,,0.0160553455352783,
pace-exact/exact185.gr,347,1456,louvain,1,203.0,,0.0007998943328857,
pace-exact/exact185.gr,347,1456,louvain,2,203.0,,0.000781774520874,
pace-exact/exact185.gr,347,1456,leiden,0,203.0,,0.9545164108276368,
pace-exact/exact185.gr,347,1456,leiden,1,205.0,,0.0142521858215332,
pace-exact/exact185.gr,347,1456,leiden,2,203.0,,0.0144746303558349,
pace-exact/exact185.gr,347,1456,mfp,0,805.0,,0.0472238063812255,
pace-exact/exact185.gr,347,1456,mfp,1,668.0,,0.0174145698547363,
pace-exact/exact185.gr,347,1456,mfp,2,551.0,,0.0180819034576416,
pace-exact/exact185.gr,347,1456,ins,0,203.0,,0.0078179836273193,
pace-exact/exact185.gr,347,1456,ins,1,203.0,,0.0023562908172607,
pace-exact/exact185.gr,347,1456,ins,2,203.0,,0.0025296211242675,
pace-exact/exact185.gr,347,1456,flip,0,203.0,,1.1993653774261477,
pace-exact/exact185.gr,347,1456,flip,1,203.0,,0.1308410167694091,
pace-exact/exact185.gr,347,1456,flip,2,203.0,,0.1268997192382812,
pace-exact/exact183.gr,330,5613,kapoce,0,2788.0,,60.08723855018616,
pace-exact/exact185.gr,347,1456,lb:greedy,0,,197.0,0.8641409873962402,
pace-exact/exact185.gr,347,1456,lb:tri-mwu,0,,197.6443661971831,0.0541462898254394,
pace-exact/exact186.gr,347,1942,pivot,0,960.0,,0.0114893913269042,
pace-exact/exact186.gr,347,1942,pivot,1,601.0,,0.0001041889190673,
pace-exact/exact186.gr,347,1942,pivot,2,648.0,,9.226799011230467e-05,
pace-exact/exact186.gr,347,1942,pivot50,0,531.0,,0.0073516368865966,
pace-exact/exact186.gr,347,1942,pivot50,1,540.0,,0.0072908401489257,
pace-exact/exact186.gr,347,1942,pivot50,2,550.0,,0.0070891380310058,
pace-exact/exact186.gr,347,1942,vote,0,478.0,,0.0134553909301757,
pace-exact/exact186.gr,347,1942,vote,1,487.0,,0.0002665519714355,
pace-exact/exact186.gr,347,1942,vote,2,480.0,,0.0002369880676269,
pace-exact/exact186.gr,347,1942,louvain,0,475.0,,0.0160326957702636,
pace-exact/exact186.gr,347,1942,louvain,1,475.0,,0.001227855682373,
pace-exact/exact186.gr,347,1942,louvain,2,474.0,,0.0009515285491943,
pace-exact/exact186.gr,347,1942,leiden,0,474.0,,1.3465123176574707,
pace-exact/exact186.gr,347,1942,leiden,1,473.0,,0.0374901294708251,
pace-exact/exact186.gr,347,1942,leiden,2,474.0,,0.069483995437622,
pace-exact/exact186.gr,347,1942,mfp,0,1325.0,,0.0464463233947753,
pace-exact/exact186.gr,347,1942,mfp,1,1265.0,,0.0391607284545898,
pace-exact/exact186.gr,347,1942,mfp,2,1125.0,,0.0431282520294189,
pace-exact/exact186.gr,347,1942,ins,0,473.0,,1.1730005741119385,
pace-exact/exact186.gr,347,1942,ins,1,473.0,,0.0124495029449462,
pace-exact/exact186.gr,347,1942,ins,2,473.0,,0.0171952247619628,
pace-exact/exact186.gr,347,1942,flip,0,473.0,,0.3514940738677978,
pace-exact/exact186.gr,347,1942,flip,1,473.0,,0.2449746131896972,
pace-exact/exact186.gr,347,1942,flip,2,473.0,,0.2532572746276855,
pace-exact/exact185.gr,347,1456,kapoce,0,203.0,,40.625072956085205,
pace-exact/exact186.gr,347,1942,lb:greedy,0,,418.0,0.0088753700256347,
pace-exact/exact186.gr,347,1942,lb:tri-mwu,0,,458.4049295774648,0.0540535449981689,
pace-exact/exact187.gr,347,7500,pivot,0,4902.0,,0.0001676082611083,
pace-exact/exact187.gr,347,7500,pivot,1,6104.0,,0.0001168251037597,
pace-exact/exact187.gr,347,7500,pivot,2,7285.0,,0.0001046657562255,
pace-exact/exact187.gr,347,7500,pivot50,0,4885.0,,0.003655195236206,
pace-exact/exact187.gr,347,7500,pivot50,1,5086.0,,0.0136487483978271,
pace-exact/exact187.gr,347,7500,pivot50,2,4736.0,,0.0157763957977294,
pace-exact/exact187.gr,347,7500,vote,0,3826.0,,0.0005948543548583,
pace-exact/exact187.gr,347,7500,vote,1,3815.0,,0.0008134841918945,
pace-exact/exact187.gr,347,7500,vote,2,3814.0,,0.0005335807800292,
pace-exact/exact187.gr,347,7500,louvain,0,3814.0,,0.0058317184448242,
pace-exact/exact187.gr,347,7500,louvain,1,3815.0,,0.0099179744720458,
pace-exact/exact187.gr,347,7500,louvain,2,3814.0,,0.0031962394714355,
pace-exact/exact187.gr,347,7500,leiden,0,3814.0,,1.3257524967193604,
pace-exact/exact187.gr,347,7500,leiden,1,3818.0,,1.239875316619873,
pace-exact/exact187.gr,347,7500,leiden,2,3814.0,,0.1282641887664795,
pace-exact/exact187.gr,347,7500,mfp,0,8697.0,,0.3533833026885986,
pace-exact/exact187.gr,347,7500,mfp,1,7455.0,,0.3596272468566894,
pace-exact/exact187.gr,347,7500,mfp,2,7277.0,,0.3578698635101318,
pace-exact/exact187.gr,347,7500,ins,0,3818.0,,0.2365009784698486,
pace-exact/exact187.gr,347,7500,ins,1,3814.0,,0.177358865737915,
pace-exact/exact187.gr,347,7500,ins,2,3814.0,,0.2013890743255615,
pace-exact/exact184.gr,330,7270,kapoce,0,3684.0,,60.130303621292114,
pace-exact/exact187.gr,347,7500,flip,0,3814.0,,3.175191164016724,
pace-exact/exact187.gr,347,7500,flip,1,3814.0,,3.1913304328918457,
pace-exact/exact187.gr,347,7500,flip,2,3814.0,,3.1704094409942627,
pace-exact/exact187.gr,347,7500,lb:greedy,0,,2982.0,0.0791687965393066,
pace-exact/exact187.gr,347,7500,lb:tri-mwu,0,,3379.654929577465,0.9095785617828368,
pace-exact/exact188.gr,347,17983,pivot,0,9473.0,,0.0001747608184814,
pace-exact/exact188.gr,347,17983,pivot,1,13784.0,,0.0001807212829589,
pace-exact/exact188.gr,347,17983,pivot,2,10615.0,,0.0001440048217773,
pace-exact/exact188.gr,347,17983,pivot50,0,9438.0,,0.0174975395202636,
pace-exact/exact188.gr,347,17983,pivot50,1,9487.0,,0.0247762203216552,
pace-exact/exact188.gr,347,17983,pivot50,2,9280.0,,0.0089831352233886,
pace-exact/exact188.gr,347,17983,vote,0,7882.0,,0.0009891986846923,
pace-exact/exact188.gr,347,17983,vote,1,7888.0,,0.0011205673217773,
pace-exact/exact188.gr,347,17983,vote,2,7884.0,,0.0010263919830322,
pace-exact/exact188.gr,347,17983,louvain,0,7882.0,,0.0024089813232421,
pace-exact/exact188.gr,347,17983,louvain,1,7882.0,,0.0106959342956542,
pace-exact/exact188.gr,347,17983,louvain,2,7884.0,,0.0106372833251953,
pace-exact/exact188.gr,347,17983,leiden,0,7884.0,,0.1962018013000488,
pace-exact/exact188.gr,347,17983,leiden,1,7882.0,,0.4780576229095459,
pace-exact/exact188.gr,347,17983,leiden,2,7882.0,,1.3305692672729492,
pace-exact/exact188.gr,347,17983,mfp,0,16640.0,,2.0526673793792725,
pace-exact/exact188.gr,347,17983,mfp,1,16990.0,,1.9907219409942627,
pace-exact/exact188.gr,347,17983,mfp,2,16180.0,,1.9179670810699463,
pace-exact/exact188.gr,347,17983,ins,0,7882.0,,0.7778623104095459,
pace-exact/exact188.gr,347,17983,ins,1,7882.0,,0.601468563079834,
pace-exact/exact188.gr,347,17983,ins,2,7882.0,,0.7191739082336426,
pace-exact/exact188.gr,347,17983,flip,0,7882.0,,10.910393476486206,
pace-exact/exact186.gr,347,1942,kapoce,0,473.0,,51.24964213371277,
pace-exact/exact188.gr,347,17983,flip,1,7882.0,,11.58411979675293,
pace-exact/exact188.gr,347,17983,flip,2,7882.0,,11.901501417160034,
pace-exact/exact188.gr,347,17983,lb:greedy,0,,6046.0,0.2231383323669433,
pace-exact/exact187.gr,347,7500,kapoce,0,3814.0,,60.11808681488037,
pace-exact/exact189.gr,347,31752,pivot,0,10628.0,,0.0002145767211914,
pace-exact/exact189.gr,347,31752,pivot,1,17284.0,,0.0002388954162597,
pace-exact/exact189.gr,347,31752,pivot,2,12469.0,,0.0001673698425292,
pace-exact/exact189.gr,347,31752,pivot50,0,9787.0,,0.014155626296997,
pace-exact/exact189.gr,347,31752,pivot50,1,9901.0,,0.013899803161621,
pace-exact/exact189.gr,347,31752,pivot50,2,9614.0,,0.0139217376708984,
pace-exact/exact189.gr,347,31752,vote,0,8565.0,,0.0022375583648681,
pace-exact/exact189.gr,347,31752,vote,1,8563.0,,0.0094497203826904,
pace-exact/exact189.gr,347,31752,vote,2,8565.0,,0.8655281066894531,
pace-exact/exact189.gr,347,31752,louvain,0,8563.0,,0.0301301479339599,
pace-exact/exact189.gr,347,31752,louvain,1,8563.0,,0.0036191940307617,
pace-exact/exact189.gr,347,31752,louvain,2,8565.0,,0.0156095027923583,
pace-exact/exact189.gr,347,31752,leiden,0,8563.0,,1.4527528285980225,
pace-exact/exact188.gr,347,17983,lb:tri-mwu,0,,7691.278169014085,3.785941600799561,
pace-exact/exact189.gr,347,31752,leiden,2,8563.0,,0.5088992118835449,
pace-exact/exact189.gr,347,31752,leiden,1,8563.0,,0.3638906478881836,
pace-exact/exact189.gr,347,31752,mfp,1,19322.0,,7.377252817153931,
pace-exact/exact189.gr,347,31752,mfp,0,21646.0,,7.522420406341553,
pace-exact/exact189.gr,347,31752,ins,0,8563.0,,1.4710922241210938,
pace-exact/exact189.gr,347,31752,ins,1,8563.0,,1.1596696376800537,
pace-exact/exact189.gr,347,31752,ins,2,8563.0,,1.223867416381836,
pace-exact/exact189.gr,347,31752,mfp,2,25062.0,,6.669720888137817,
pace-exact/exact189.gr,347,31752,flip,0,8563.0,,20.452872276306152,
pace-exact/exact189.gr,347,31752,flip,1,8563.0,,20.836421489715576,
pace-exact/exact188.gr,347,17983,kapoce,0,7882.0,,60.19849371910095,
pace-exact/exact189.gr,347,31752,lb:greedy,0,,6114.0,0.6249558925628662,
pace-exact/exact189.gr,347,31752,lb:tri-mwu,0,,8493.12676056338,6.367210626602173,
pace-exact/exact190.gr,400,28650,pivot,0,24691.0,,0.0001919269561767,
pace-exact/exact190.gr,400,28650,pivot,1,22944.0,,0.0001609325408935,
pace-exact/exact190.gr,400,28650,pivot,2,18977.0,,0.0001623630523681,
pace-exact/exact190.gr,400,28650,pivot50,0,18350.0,,0.0139064788818359,
pace-exact/exact190.gr,400,28650,pivot50,1,17688.0,,0.0096666812896728,
pace-exact/exact190.gr,400,28650,pivot50,2,18756.0,,0.0137398242950439,
pace-exact/exact190.gr,400,28650,vote,0,13921.0,,0.0015134811401367,
pace-exact/exact190.gr,400,28650,vote,1,13917.0,,0.0058791637420654,
pace-exact/exact190.gr,400,28650,vote,2,13923.0,,0.8114449977874756,
pace-exact/exact190.gr,400,28650,louvain,0,13921.0,,0.0348353385925293,
pace-exact/exact190.gr,400,28650,louvain,1,13915.0,,0.0105574131011962,
pace-exact/exact190.gr,400,28650,louvain,2,13923.0,,0.0031189918518066,
pace-exact/exact190.gr,400,28650,leiden,0,13915.0,,1.6587629318237305,
pace-exact/exact190.gr,400,28650,leiden,1,13915.0,,0.4317038059234619,
pace-exact/exact190.gr,400,28650,leiden,2,13923.0,,0.2944152355194092,
pace-exact/exact190.gr,400,28650,mfp,0,26398.0,,2.8333961963653564,
pace-exact/exact189.gr,347,31752,flip,2,8563.0,,21.81020212173462,
pace-exact/exact190.gr,400,28650,mfp,1,25667.0,,2.9566903114318848,
pace-exact/exact190.gr,400,28650,ins,0,13915.0,,0.7522180080413818,
pace-exact/exact190.gr,400,28650,ins,1,13917.0,,0.6642992496490479,
pace-exact/exact190.gr,400,28650,mfp,2,31170.0,,2.2552270889282227,
pace-exact/exact190.gr,400,28650,ins,2,13915.0,,0.6191060543060303,
pace-exact/exact190.gr,400,28650,flip,1,13915.0,,11.12179970741272,
pace-exact/exact190.gr,400,28650,flip,0,13915.0,,12.667328834533691,
pace-exact/exact190.gr,400,28650,flip,2,13915.0,,11.34595537185669,
pace-exact/exact190.gr,400,28650,lb:greedy,0,,10373.0,0.1690223217010498,
pace-exact/exact189.gr,347,31752,kapoce,0,8563.0,,60.251994371414185,
pace-exact/exact191.gr,400,31201,pivot,0,27960.0,,0.0001928806304931,
pace-exact/exact191.gr,400,31201,pivot,1,24942.0,,0.000176191329956,
pace-exact/exact191.gr,400,31201,pivot,2,23303.0,,0.0001757144927978,
pace-exact/exact191.gr,400,31201,pivot50,0,22530.0,,0.0141944885253906,
pace-exact/exact191.gr,400,31201,pivot50,1,23048.0,,0.0099709033966064,
pace-exact/exact191.gr,400,31201,pivot50,2,23303.0,,0.010622501373291,
pace-exact/exact191.gr,400,31201,vote,0,18427.0,,0.0113067626953125,
pace-exact/exact191.gr,400,31201,vote,1,18427.0,,0.0088887214660644,
pace-exact/exact191.gr,400,31201,vote,2,18427.0,,0.0073692798614501,
pace-exact/exact191.gr,400,31201,louvain,0,18427.0,,0.0124979019165039,
pace-exact/exact191.gr,400,31201,louvain,1,18427.0,,0.8565242290496826,
pace-exact/exact191.gr,400,31201,louvain,2,18427.0,,0.012618064880371,
pace-exact/exact191.gr,400,31201,leiden,0,18427.0,,1.5287470817565918,
pace-exact/exact191.gr,400,31201,leiden,1,18427.0,,0.4922792911529541,
pace-exact/exact191.gr,400,31201,leiden,2,18427.0,,0.3864436149597168,
pace-exact/exact190.gr,400,28650,lb:tri-mwu,0,,13022.841549295774,7.364166259765625,
pace-exact/exact191.gr,400,31201,mfp,0,31250.0,,2.2104179859161377,
pace-exact/exact191.gr,400,31201,mfp,1,32235.0,,2.62048888206482,
pace-exact/exact191.gr,400,31201,ins,0,18427.0,,1.1027379035949707,
pace-exact/exact191.gr,400,31201,mfp,2,31469.0,,2.7076663970947266,
pace-exact/exact191.gr,400,31201,ins,1,18427.0,,0.9679803848266602,
pace-exact/exact191.gr,400,31201,ins,2,18427.0,,1.063985824584961,
pace-exact/exact191.gr,400,31201,flip,0,18427.0,,19.57904529571533,
pace-exact/exact191.gr,400,31201,flip,1,18427.0,,19.867080211639404,
pace-exact/exact190.gr,400,28650,kapoce,0,13915.0,,60.21044969558716,
pace-exact/exact191.gr,400,31201,lb:greedy,0,,12891.0,0.2249934673309326,
pace-exact/exact191.gr,400,31201,flip,2,18427.0,,18.344070434570312,
pace-exact/exact192.gr,400,32613,pivot,0,17191.0,,0.0001556873321533,
pace-exact/exact192.gr,400,32613,pivot,1,8872.0,,0.0001592636108398,
pace-exact/exact192.gr,400,32613,pivot,2,19674.0,,0.7882602214813232,
pace-exact/exact192.gr,400,32613,pivot50,0,8149.0,,0.0179548263549804,
pace-exact/exact192.gr,400,32613,pivot50,1,8297.0,,0.021942138671875,
pace-exact/exact192.gr,400,32613,pivot50,2,8044.0,,0.0099108219146728,
pace-exact/exact192.gr,400,32613,vote,0,7249.0,,0.0140802860260009,
pace-exact/exact192.gr,400,32613,vote,1,7249.0,,0.001659870147705,
pace-exact/exact192.gr,400,32613,vote,2,7249.0,,0.0052790641784667,
pace-exact/exact192.gr,400,32613,louvain,0,7249.0,,0.0224113464355468,
pace-exact/exact192.gr,400,32613,louvain,1,7249.0,,0.0029096603393554,
pace-exact/exact192.gr,400,32613,louvain,2,7249.0,,0.0028331279754638,
pace-exact/exact192.gr,400,32613,leiden,0,7249.0,,1.2139861583709717,
pace-exact/exact192.gr,400,32613,leiden,1,7249.0,,0.3148226737976074,
pace-exact/exact192.gr,400,32613,leiden,2,7249.0,,0.3962230682373047,
pace-exact/exact191.gr,400,31201,lb:tri-mwu,0,,15494.60147601476,8.73785662651062,
pace-exact/exact192.gr,400,32613,mfp,0,24982.0,,5.020006895065308,
pace-exact/exact192.gr,400,32613,mfp,1,17099.0,,5.014999866485596,
pace-exact/exact192.gr,400,32613,ins,0,7249.0,,0.4660172462463379,
pace-exact/exact192.gr,400,32613,ins,1,7249.0,,0.4676399230957031,
pace-exact/exact192.gr,400,32613,ins,2,7249.0,,1.3791894912719729,
pace-exact/exact192.gr,400,32613,mfp,2,28689.0,,5.012922048568726,
pace-exact/exact192.gr,400,32613,flip,0,7249.0,,7.764684677124023,
pace-exact/exact192.gr,400,32613,flip,1,7249.0,,8.186218738555908,
pace-exact/exact192.gr,400,32613,flip,2,7249.0,,7.693420886993408,
pace-exact/exact192.gr,400,32613,lb:greedy,0,,6768.0,0.2321939468383789,
pace-exact/exact191.gr,400,31201,kapoce,0,18427.0,,60.28230500221253,
pace-exact/exact193.gr,400,42153,pivot,0,29300.0,,0.0083048343658447,
pace-exact/exact193.gr,400,42153,pivot,1,30096.0,,0.0002286434173583,
pace-exact/exact193.gr,400,42153,pivot,2,32082.0,,0.0002167224884033,
pace-exact/exact193.gr,400,42153,pivot50,0,24865.0,,0.0113530158996582,
pace-exact/exact193.gr,400,42153,pivot50,1,23978.0,,0.0155143737792968,
pace-exact/exact193.gr,400,42153,pivot50,2,24630.0,,0.0150635242462158,
pace-exact/exact193.gr,400,42153,vote,0,20429.0,,0.0021460056304931,
pace-exact/exact193.gr,400,42153,vote,1,20429.0,,0.0057220458984375,
pace-exact/exact193.gr,400,42153,vote,2,20429.0,,0.0098581314086914,
pace-exact/exact193.gr,400,42153,louvain,0,20429.0,,0.0125782489776611,
pace-exact/exact193.gr,400,42153,louvain,1,20429.0,,0.0192532539367675,
pace-exact/exact193.gr,400,42153,louvain,2,20429.0,,0.0122637748718261,
pace-exact/exact192.gr,400,32613,lb:tri-mwu,0,,7228.158450704225,5.454500436782837,
pace-exact/exact193.gr,400,42153,leiden,1,20434.0,,0.6016216278076172,
pace-exact/exact193.gr,400,42153,leiden,0,20429.0,,1.9421637058258057,
pace-exact/exact193.gr,400,42153,leiden,2,20434.0,,0.6526925563812256,
pace-exact/exact193.gr,400,42153,mfp,0,40880.0,,6.426413536071777,
pace-exact/exact193.gr,400,42153,mfp,1,41109.0,,6.537125825881958,
pace-exact/exact193.gr,400,42153,ins,0,20429.0,,1.4829645156860352,
pace-exact/exact193.gr,400,42153,ins,1,20429.0,,1.4055755138397217,
pace-exact/exact193.gr,400,42153,ins,2,20429.0,,1.579197883605957,
pace-exact/exact193.gr,400,42153,mfp,2,38626.0,,6.792482137680054,
pace-exact/exact192.gr,400,32613,kapoce,0,7249.0,,60.19288182258606,
pace-exact/exact193.gr,400,42153,flip,0,20429.0,,27.506930351257324,
pace-exact/exact193.gr,400,42153,flip,1,20429.0,,27.64348840713501,
pace-exact/exact193.gr,400,42153,lb:greedy,0,,14931.0,0.5142502784729004,
pace-exact/exact193.gr,400,42153,lb:tri-mwu,0,,19892.71684587813,14.361671209335327,
pace-exact/exact194.gr,400,70027,pivot,0,11498.0,,0.0129587650299072,
pace-exact/exact194.gr,400,70027,pivot,1,29394.0,,0.0001912117004394,
pace-exact/exact194.gr,400,70027,pivot,2,10450.0,,0.0001673698425292,
pace-exact/exact194.gr,400,70027,pivot50,0,9672.0,,0.0220022201538085,
pace-exact/exact194.gr,400,70027,pivot50,1,9172.0,,0.021852970123291,
pace-exact/exact194.gr,400,70027,pivot50,2,8940.0,,0.0217227935791015,
pace-exact/exact194.gr,400,70027,vote,0,8908.0,,0.0153579711914062,
pace-exact/exact194.gr,400,70027,vote,1,8908.0,,0.0025618076324462,
pace-exact/exact194.gr,400,70027,vote,2,8908.0,,0.0066049098968505,
pace-exact/exact194.gr,400,70027,louvain,0,8908.0,,0.0371530055999755,
pace-exact/exact194.gr,400,70027,louvain,1,8908.0,,0.0293920040130615,
pace-exact/exact194.gr,400,70027,louvain,2,8908.0,,0.008141279220581,
pace-exact/exact194.gr,400,70027,leiden,0,8908.0,,1.743976593017578,
pace-exact/exact194.gr,400,70027,leiden,1,8908.0,,0.6723639965057373,
pace-exact/exact194.gr,400,70027,leiden,2,8908.0,,0.7044999599456787,
pace-exact/exact193.gr,400,42153,flip,2,20429.0,,29.65389204025269,
pace-exact/exact194.gr,400,70027,mfp,1,24678.0,,22.881897926330566,
pace-exact/exact194.gr,400,70027,mfp,0,45327.0,,23.439621210098267,
pace-exact/exact194.gr,400,70027,ins,0,8908.0,,1.506704807281494,
pace-exact/exact194.gr,400,70027,ins,1,8908.0,,1.5916361808776855,
pace-exact/exact194.gr,400,70027,ins,2,8908.0,,1.5380756855010986,
pace-exact/exact193.gr,400,42153,kapoce,0,20429.0,,60.306050062179565,
pace-exact/exact194.gr,400,70027,mfp,2,16880.0,,23.641810417175293,
pace-exact/exact194.gr,400,70027,flip,0,8908.0,,25.70518970489502,
pace-exact/exact194.gr,400,70027,flip,1,8908.0,,26.05635094642639,
pace-exact/exact194.gr,400,70027,flip,2,8908.0,,26.701260328292847,
pace-exact/exact194.gr,400,70027,lb:greedy,0,,7537.0,3.693098545074463,
pace-exact/exact195.gr,620,3992,pivot,0,3626.0,,0.0001749992370605,
pace-exact/exact195.gr,620,3992,pivot,1,3540.0,,0.0001113414764404,
pace-exact/exact195.gr,620,3992,pivot,2,3509.0,,0.0001401901245117,
pace-exact/exact195.gr,620,3992,pivot50,0,3261.0,,0.0218853950500488,
pace-exact/exact195.gr,620,3992,pivot50,1,3311.0,,0.0089828968048095,
pace-exact/exact195.gr,620,3992,pivot50,2,3316.0,,0.0212037563323974,
pace-exact/exact195.gr,620,3992,vote,0,2606.0,,0.0005018711090087,
pace-exact/exact195.gr,620,3992,vote,1,2641.0,,0.0005385875701904,
pace-exact/exact195.gr,620,3992,vote,2,2589.0,,0.0004501342773437,
pace-exact/exact195.gr,620,3992,louvain,0,2603.0,,0.0022730827331542,
pace-exact/exact195.gr,620,3992,louvain,1,2578.0,,0.0066232681274414,
pace-exact/exact195.gr,620,3992,louvain,2,2577.0,,0.001713752746582,
pace-exact/exact195.gr,620,3992,leiden,0,2581.0,,1.4744975566864014,
pace-exact/exact195.gr,620,3992,leiden,1,2590.0,,1.2603883743286133,
pace-exact/exact195.gr,620,3992,leiden,2,2586.0,,0.3960552215576172,
pace-exact/exact195.gr,620,3992,mfp,0,4440.0,,0.1662533283233642,
pace-exact/exact195.gr,620,3992,mfp,1,4542.0,,0.082958698272705,
pace-exact/exact195.gr,620,3992,mfp,2,4307.0,,0.0775988101959228,
pace-exact/exact195.gr,620,3992,ins,0,2542.0,,0.1297190189361572,
pace-exact/exact195.gr,620,3992,ins,1,2537.0,,0.0873210430145263,
pace-exact/exact195.gr,620,3992,ins,2,2536.0,,0.0791707038879394,
pace-exact/exact195.gr,620,3992,flip,0,2534.0,,1.0439453125,
pace-exact/exact195.gr,620,3992,flip,1,2536.0,,1.0327951908111572,
pace-exact/exact195.gr,620,3992,flip,2,2536.0,,1.2741737365722656,
pace-exact/exact194.gr,400,70027,lb:tri-mwu,0,,8860.739436619719,14.280894994735718,
pace-exact/exact195.gr,620,3992,lb:greedy,0,,1791.0,0.0235841274261474,
pace-exact/exact195.gr,620,3992,lb:tri-mwu,0,,1888.894366197183,0.1466865539550781,
pace-exact/exact196.gr,620,14834,pivot,0,8938.0,,0.0001566410064697,
pace-exact/exact196.gr,620,14834,pivot,1,9697.0,,0.000145673751831,
pace-exact/exact196.gr,620,14834,pivot,2,9452.0,,0.0001521110534667,
pace-exact/exact196.gr,620,14834,pivot50,0,7247.0,,0.013277530670166,
pace-exact/exact196.gr,620,14834,pivot50,1,6921.0,,0.0094516277313232,
pace-exact/exact196.gr,620,14834,pivot50,2,7225.0,,0.0092053413391113,
pace-exact/exact196.gr,620,14834,vote,0,5394.0,,0.0008730888366699,
pace-exact/exact196.gr,620,14834,vote,1,5403.0,,0.0008778572082519,
pace-exact/exact196.gr,620,14834,vote,2,5414.0,,0.0089306831359863,
pace-exact/exact196.gr,620,14834,louvain,0,5384.0,,0.0064973831176757,
pace-exact/exact196.gr,620,14834,louvain,1,5384.0,,0.0030760765075683,
pace-exact/exact196.gr,620,14834,louvain,2,5381.0,,0.0023858547210693,
pace-exact/exact196.gr,620,14834,leiden,0,5381.0,,1.5660996437072754,
pace-exact/exact196.gr,620,14834,leiden,1,5380.0,,0.2738382816314697,
pace-exact/exact196.gr,620,14834,leiden,2,5381.0,,0.3097527027130127,
pace-exact/exact196.gr,620,14834,mfp,0,13248.0,,0.9242899417877196,
pace-exact/exact196.gr,620,14834,mfp,1,12867.0,,0.9275400638580322,
pace-exact/exact196.gr,620,14834,mfp,2,12067.0,,1.9757616519927976,
pace-exact/exact196.gr,620,14834,ins,0,5380.0,,0.2310404777526855,
pace-exact/exact196.gr,620,14834,ins,1,5376.0,,0.1784749031066894,
pace-exact/exact196.gr,620,14834,ins,2,5380.0,,0.1881246566772461,
pace-exact/exact194.gr,400,70027,kapoce,0,8908.0,,60.39367985725403,
pace-exact/exact196.gr,620,14834,flip,1,5375.0,,2.877610445022583,
pace-exact/exact196.gr,620,14834,flip,0,5375.0,,3.42264723777771,
pace-exact/exact196.gr,620,14834,flip,2,5375.0,,3.0903074741363525,
pace-exact/exact196.gr,620,14834,lb:greedy,0,,4414.0,0.0948801040649414,
pace-exact/exact196.gr,620,14834,lb:tri-mwu,0,,5275.908450704225,0.8801145553588867,
pace-exact/exact197.gr,620,35188,pivot,0,47018.0,,0.0002329349517822,
pace-exact/exact197.gr,620,35188,pivot,1,29398.0,,0.0001971721649169,
pace-exact/exact197.gr,620,35188,pivot,2,22320.0,,0.0001943111419677,
pace-exact/exact197.gr,620,35188,pivot50,0,20534.0,,0.0233645439147949,
pace-exact/exact197.gr,620,35188,pivot50,1,19878.0,,0.0198557376861572,
pace-exact/exact197.gr,620,35188,pivot50,2,19767.0,,0.0281839370727539,
pace-exact/exact195.gr,620,3992,kapoce,0,2529.0,,60.10517072677612,
pace-exact/exact197.gr,620,35188,vote,1,15887.0,,0.0021600723266601,
pace-exact/exact197.gr,620,35188,vote,2,15892.0,,0.0026822090148925,
pace-exact/exact197.gr,620,35188,louvain,0,15850.0,,0.0083153247833251,
pace-exact/exact197.gr,620,35188,louvain,1,15886.0,,0.0146346092224121,
pace-exact/exact197.gr,620,35188,louvain,2,15886.0,,0.0086512565612792,
pace-exact/exact197.gr,620,35188,vote,0,15850.0,,0.793769121170044,
pace-exact/exact197.gr,620,35188,leiden,0,15849.0,,1.6071619987487793,
pace-exact/exact197.gr,620,35188,leiden,1,15886.0,,1.643360614776611,
pace-exact/exact197.gr,620,35188,leiden,2,15849.0,,0.4371786117553711,
pace-exact/exact197.gr,620,35188,mfp,0,31967.0,,3.199348926544189,
pace-exact/exact197.gr,620,35188,mfp,1,30152.0,,3.0976333618164062,
pace-exact/exact197.gr,620,35188,ins,0,15831.0,,0.6085939407348633,
pace-exact/exact197.gr,620,35188,ins,1,15831.0,,0.7376601696014404,
pace-exact/exact197.gr,620,35188,ins,2,15831.0,,0.7093508243560791,
pace-exact/exact197.gr,620,35188,mfp,2,29075.0,,2.966481685638428,
pace-exact/exact197.gr,620,35188,flip,1,15831.0,,12.685383796691896,
pace-exact/exact197.gr,620,35188,flip,0,15831.0,,13.29009175300598,
pace-exact/exact197.gr,620,35188,flip,2,15831.0,,12.860123872756958,
pace-exact/exact197.gr,620,35188,lb:greedy,0,,12530.0,0.3222196102142334,
pace-exact/exact196.gr,620,14834,kapoce,0,5375.0,,60.16968774795532,
pace-exact/exact198.gr,620,91572,pivot,0,87574.0,,0.0002105236053466,
pace-exact/exact198.gr,620,91572,pivot,1,66615.0,,0.0002319812774658,
pace-exact/exact198.gr,620,91572,pivot,2,61352.0,,0.0001933574676513,
pace-exact/exact198.gr,620,91572,pivot50,0,53239.0,,0.0375020503997802,
pace-exact/exact198.gr,620,91572,pivot50,1,54282.0,,0.0385282039642334,
pace-exact/exact198.gr,620,91572,pivot50,2,52210.0,,0.0317952632904052,
pace-exact/exact198.gr,620,91572,vote,0,46766.0,,0.0167641639709472,
pace-exact/exact198.gr,620,91572,vote,1,46768.0,,0.0168805122375488,
pace-exact/exact198.gr,620,91572,vote,2,47772.0,,0.0130336284637451,
pace-exact/exact198.gr,620,91572,louvain,0,46766.0,,0.0226199626922607,
pace-exact/exact198.gr,620,91572,louvain,1,46766.0,,0.0209052562713623,
pace-exact/exact198.gr,620,91572,louvain,2,47772.0,,0.0255448818206787,
pace-exact/exact198.gr,620,91572,leiden,0,46766.0,,2.595216989517212,
pace-exact/exact197.gr,620,35188,lb:tri-mwu,0,,14118.605633802816,7.343693494796753,
pace-exact/exact198.gr,620,91572,leiden,1,47771.0,,1.5337986946105957,
pace-exact/exact198.gr,620,91572,leiden,2,46764.0,,2.387955665588379,
pace-exact/exact198.gr,620,91572,mfp,0,85453.0,,20.29623579978943,
pace-exact/exact198.gr,620,91572,mfp,1,86242.0,,19.613045692443848,
pace-exact/exact198.gr,620,91572,ins,0,47771.0,,4.351864576339722,
pace-exact/exact198.gr,620,91572,ins,1,46766.0,,4.250055313110352,
pace-exact/exact198.gr,620,91572,ins,2,47771.0,,4.674274921417236,
pace-exact/exact198.gr,620,91572,mfp,2,84403.0,,20.81307077407837,
pace-exact/exact197.gr,620,35188,kapoce,0,15831.0,,60.26545786857605,
pace-exact/exact198.gr,620,91572,flip,0,46766.0,,79.51750922203064,
pace-exact/exact198.gr,620,91572,flip,1,46764.0,,77.40577697753906,
pace-exact/exact198.gr,620,91572,lb:greedy,0,,34919.0,1.9518532752990725,
pace-exact/exact198.gr,620,91572,flip,2,46766.0,,81.08027338981628,
pace-exact/exact199.gr,620,163863,pivot,0,27866.0,,0.0002138614654541,
pace-exact/exact199.gr,620,163863,pivot,1,27969.0,,0.0001981258392333,
pace-exact/exact199.gr,620,163863,pivot,2,83106.0,,0.0002000331878662,
pace-exact/exact199.gr,620,163863,pivot50,0,27141.0,,0.0619313716888427,
pace-exact/exact199.gr,620,163863,pivot50,1,27411.0,,0.0300848484039306,
pace-exact/exact199.gr,620,163863,vote,0,27073.0,,0.0096805095672607,
pace-exact/exact199.gr,620,163863,pivot50,2,27206.0,,0.0413739681243896,
pace-exact/exact199.gr,620,163863,vote,1,27073.0,,0.012977123260498,
pace-exact/exact199.gr,620,163863,vote,2,27073.0,,0.0218982696533203,
pace-exact/exact199.gr,620,163863,louvain,0,27073.0,,0.0236883163452148,
pace-exact/exact199.gr,620,163863,louvain,1,27073.0,,0.0319466590881347,
pace-exact/exact199.gr,620,163863,louvain,2,27073.0,,0.035806655883789,
pace-exact/exact199.gr,620,163863,leiden,0,27073.0,,1.8871047496795648,
pace-exact/exact199.gr,620,163863,leiden,1,27073.0,,3.187624216079712,
pace-exact/exact199.gr,620,163863,leiden,2,27073.0,,1.2793428897857666,
pace-exact/exact198.gr,620,91572,lb:tri-mwu,0,,44245.71841155235,43.25041890144348,
pace-exact/exact198.gr,620,91572,kapoce,0,46764.0,,60.48524284362793,
pace-exact/exact199.gr,620,163863,ins,0,27073.0,,4.537334203720093,
pace-exact/exact199.gr,620,163863,ins,1,27073.0,,4.217373371124268,
pace-exact/exact199.gr,620,163863,ins,2,27073.0,,5.401379346847534,
pace-exact/exact199.gr,620,163863,mfp,1,99998.0,,97.58137941360474,
pace-exact/exact199.gr,620,163863,mfp,0,106293.0,,100.44118237495422,
pace-exact/exact199.gr,620,163863,mfp,2,99670.0,,102.15457367897034,
pace-exact/exact199.gr,620,163863,flip,0,27073.0,,89.41828894615173,
pace-exact/exact199.gr,620,163863,flip,1,27073.0,,91.18607258796692,
pace-exact/exact199.gr,620,163863,flip,2,27073.0,,91.87429285049438,
pace-exact/exact199.gr,620,163863,lb:greedy,0,,25140.0,8.374658107757568,
pace-exact/exact200.gr,620,190499,pivot,0,1391.0,,0.000218391418457,
pace-exact/exact200.gr,620,190499,pivot,1,1391.0,,0.0001876354217529,
pace-exact/exact200.gr,620,190499,pivot,2,17168.0,,0.0001971721649169,
pace-exact/exact200.gr,620,190499,pivot50,0,1391.0,,0.6999485492706299,
pace-exact/exact200.gr,620,190499,pivot50,1,1391.0,,0.0749764442443847,
pace-exact/exact200.gr,620,190499,pivot50,2,1391.0,,0.0630736351013183,
pace-exact/exact200.gr,620,190499,vote,0,1391.0,,0.0205676555633544,
pace-exact/exact200.gr,620,190499,vote,1,1391.0,,0.0117740631103515,
pace-exact/exact200.gr,620,190499,vote,2,1391.0,,0.0115852355957031,
pace-exact/exact200.gr,620,190499,louvain,0,1391.0,,0.0745844841003418,
pace-exact/exact200.gr,620,190499,louvain,1,1391.0,,0.0335693359375,
pace-exact/exact200.gr,620,190499,louvain,2,1391.0,,0.023101806640625,
pace-exact/exact199.gr,620,163863,kapoce,0,27073.0,,61.075807094573975,
pace-exact/exact200.gr,620,190499,leiden,0,1391.0,,2.6326258182525635,
pace-exact/exact200.gr,620,190499,leiden,2,1391.0,,1.671797275543213,
pace-exact/exact200.gr,620,190499,leiden,1,1391.0,,3.093374729156494,
pace-exact/exact199.gr,620,163863,lb:tri-mwu,0,,27012.552816901407,52.07626128196716,
pace-exact/exact200.gr,620,190499,ins,0,1391.0,,1.6839656829833984,
pace-exact/exact200.gr,620,190499,ins,1,1391.0,,1.7383663654327393,
pace-exact/exact200.gr,620,190499,ins,2,1391.0,,4.311195611953735,
pace-exact/exact200.gr,620,190499,flip,0,1391.0,,37.58988690376282,
pace-exact/exact200.gr,620,190499,flip,1,1391.0,,36.96413660049439,
pace-exact/exact200.gr,620,190499,flip,2,1391.0,,39.29986214637756,
pace-exact/exact200.gr,620,190499,mfp,1,10189.0,,160.46297216415405,
pace-exact/exact200.gr,620,190499,mfp,0,16185.0,,163.77835845947266,
pace-exact/exact200.gr,620,190499,lb:greedy,0,,1391.0,7.137516021728516,
pace-exact/exact200.gr,620,190499,mfp,2,5034.0,,159.23948073387146,
pace-exact/exact200.gr,620,190499,lb:tri-mwu,0,,1391.0,8.387061595916748,
pace-exact/exact200.gr,620,190499,kapoce,0,1391.0,,60.70916390419006,
pace-exact/exact001.gr,10,11,certiflip,0,3,3.0,9.120651721954346,
pace-exact/exact002.gr,20,68,certiflip,0,7,7.0,11.826478481292725,
pace-exact/exact004.gr,20,75,certiflip,0,32,32.0,15.223958015441895,
pace-exact/exact003.gr,20,73,certiflip,0,42,41.99999999999999,18.924411058425903,
pace-exact/exact005.gr,20,97,certiflip,0,46,44.99999999999997,11.062301874160767,
pace-exact/exact006.gr,20,113,certiflip,0,9,9.0,11.295417785644531,
pace-exact/exact008.gr,30,172,certiflip,0,81,81.0,11.690452337265015,
pace-exact/exact010.gr,30,235,certiflip,0,16,16.0,9.808339834213257,
pace-exact/exact009.gr,30,175,certiflip,0,90,90.0,15.521661758422852,
pace-exact/exact007.gr,30,147,certiflip,0,86,84.16059502125076,24.14498233795166,
pace-exact/exact011.gr,30,291,certiflip,0,81,81.0,10.146846532821655,
pace-exact/exact012.gr,40,283,certiflip,0,137,137.0,11.109594583511353,
pace-exact/exact014.gr,40,311,certiflip,0,79,79.0,11.366924524307251,
pace-exact/exact015.gr,40,360,certiflip,0,164,163.59999999999988,11.516242980957031,
pace-exact/exact016.gr,40,430,certiflip,0,126,126.0,9.779056787490845,
pace-exact/exact013.gr,40,297,certiflip,0,181,175.18379781927834,26.30966281890869,
pace-exact/exact018.gr,50,446,certiflip,0,132,132.0,9.940079689025879,
pace-exact/exact020.gr,50,707,certiflip,0,110,110.0,10.534793853759766,
pace-exact/exact021.gr,50,872,certiflip,0,322,321.9999999999988,11.066678762435913,
pace-exact/exact017.gr,50,385,certiflip,0,236,233.2181319516759,32.63387489318848,
pace-exact/exact022.gr,60,618,certiflip,0,335,335.0,11.266891956329346,
pace-exact/exact023.gr,60,676,certiflip,0,281,281.0,11.140377283096313,
pace-exact/exact026.gr,60,1221,certiflip,0,282,282.0,10.242924690246582,
pace-exact/exact025.gr,60,1053,certiflip,0,439,438.9999999999986,10.989994525909424,
pace-exact/exact024.gr,60,677,certiflip,0,338,337.9999999999976,15.80014967918396,
pace-exact/exact019.gr,50,489,certiflip,0,298,288.85382069077895,51.35224723815918,
pace-exact/exact027.gr,70,795,certiflip,0,432,432.0,10.732871055603027,
pace-exact/exact029.gr,70,1011,certiflip,0,509,508.99999999999966,12.264639616012573,
pace-exact/exact030.gr,70,1522,certiflip,0,277,277.0,10.426335573196411,
pace-exact/exact031.gr,70,1596,certiflip,0,285,285.0,10.194281816482544,
pace-exact/exact033.gr,80,1348,certiflip,0,672,671.9999999999973,14.701447010040283,
pace-exact/exact028.gr,70,821,certiflip,0,460,459.6750905330772,39.1885621547699,
pace-exact/exact035.gr,80,1831,certiflip,0,385,385.0,11.699625253677368,
pace-exact/exact036.gr,80,2127,certiflip,0,602,601.9999999999998,10.938050508499146,
pace-exact/exact032.gr,80,865,certiflip,0,515,505.96259422911476,42.3217191696167,
pace-exact/exact034.gr,80,1500,certiflip,0,785,780.9671488717433,40.66123175621033,
pace-exact/exact039.gr,90,1456,certiflip,0,665,664.9999999999961,12.724104166030884,
pace-exact/exact040.gr,90,2182,certiflip,0,492,492.0,10.928507089614868,
pace-exact/exact041.gr,90,2319,certiflip,0,184,184.0,9.37333631515503,
pace-exact/exact037.gr,90,1330,certiflip,0,703,702.6498921129837,40.50880789756775,
pace-exact/exact038.gr,90,1410,certiflip,0,860,829.5423763707809,61.114988803863525,
pace-exact/exact044.gr,100,1829,certiflip,0,905,900.4999999999991,39.39237380027771,
pace-exact/exact046.gr,100,2423,certiflip,0,814,814.0,11.081669330596924,
pace-exact/exact043.gr,100,1624,certiflip,0,984,952.8250770737495,60.55417346954346,
pace-exact/exact042.gr,100,1563,certiflip,0,1055,953.0065744507733,69.9450535774231,
pace-exact/exact047.gr,100,3274,certiflip,0,749,748.9999999999999,10.551384210586548,
pace-exact/exact048.gr,113,881,certiflip,0,437,436.99999999999955,13.835888862609863,
pace-exact/exact049.gr,113,1896,certiflip,0,854,853.9999999999986,14.50254511833191,
pace-exact/exact050.gr,113,3848,certiflip,0,1440,1439.9999999999995,20.951990127563477,
pace-exact/exact045.gr,100,1981,certiflip,0,1085,1057.5851725534137,60.40771293640137,
pace-exact/exact054.gr,120,2899,certiflip,0,1372,1371.9999999999936,20.799252033233643,
pace-exact/exact055.gr,120,3723,certiflip,0,1410,1400.999999999997,24.889376878738403,
pace-exact/exact052.gr,120,2448,certiflip,0,1473,1363.8953359821335,62.52658534049988,
pace-exact/exact051.gr,120,2251,certiflip,0,1619,1421.6366241349479,65.34142327308655,
pace-exact/exact056.gr,120,4877,certiflip,0,721,721.0,11.420846939086914,
pace-exact/exact058.gr,121,864,certiflip,0,210,210.0,9.060616493225098,
pace-exact/exact057.gr,121,486,certiflip,0,122,122.0,11.16265869140625,
pace-exact/exact053.gr,120,2588,certiflip,0,1481,1349.6374871221756,63.29049754142761,
pace-exact/exact061.gr,129,613,certiflip,0,116,116.0,10.39474105834961,
pace-exact/exact062.gr,129,1319,certiflip,0,469,468.99999999999955,11.758293867111206,
pace-exact/exact063.gr,129,2476,certiflip,0,665,665.0,11.822354078292847,
pace-exact/exact064.gr,129,3882,certiflip,0,772,771.9999999999995,15.575103521347046,
pace-exact/exact065.gr,129,8112,certiflip,0,128,127.99999999999999,15.335039854049683,
pace-exact/exact059.gr,121,2174,certiflip,0,976,974.372492322705,41.54596447944641,
pace-exact/exact067.gr,139,2877,certiflip,0,792,791.9999999999998,11.218790292739868,
pace-exact/exact068.gr,139,4513,certiflip,0,632,632.0,11.87363052368164,
pace-exact/exact060.gr,124,2288,certiflip,0,1491,1354.549783205553,61.64575743675232,
pace-exact/exact066.gr,139,1583,certiflip,0,730,721.4999999999934,39.5854811668396,
pace-exact/exact072.gr,140,4347,certiflip,0,1967,1966.9999999999968,39.803637981414795,
pace-exact/exact069.gr,140,2915,certiflip,0,2140,1860.9869822377668,60.67532014846802,
pace-exact/exact070.gr,140,3014,certiflip,0,1792,1715.3041366216748,66.33050894737244,
pace-exact/exact071.gr,140,4298,certiflip,0,2132,2062.6992675204956,60.46950030326843,
pace-exact/exact074.gr,140,5550,certiflip,0,995,995.0,12.063657760620117,
pace-exact/exact073.gr,140,5137,certiflip,0,1612,1612.0,18.051841974258423,
pace-exact/exact075.gr,144,1191,certiflip,0,132,132.0,10.37939167022705,
pace-exact/exact076.gr,144,2216,certiflip,0,369,369.0,10.664979219436646,
pace-exact/exact077.gr,144,3089,certiflip,0,78,78.0,11.178882598876953,
pace-exact/exact079.gr,159,433,certiflip,0,48,48.0,9.803428888320923,
pace-exact/exact078.gr,144,6127,certiflip,0,854,854.0,12.809657096862793,
pace-exact/exact080.gr,159,1152,certiflip,0,342,337.49999999999983,17.22291374206543,
pace-exact/exact081.gr,159,3752,certiflip,0,2042,1798.4999999999964,62.14691972732544,
pace-exact/exact082.gr,160,4015,certiflip,0,2434,2278.0386348767925,62.23451328277588,
pace-exact/exact083.gr,160,4259,certiflip,0,2939,2612.669379998453,63.412675619125366,
pace-exact/exact085.gr,160,5705,certiflip,0,1047,1047.0,12.845759630203247,
pace-exact/exact084.gr,160,4436,certiflip,0,2249,2150.0884482880356,63.61785411834717,
pace-exact/exact088.gr,171,936,certiflip,0,198,198.0,10.644967555999756,
pace-exact/exact089.gr,171,1623,certiflip,0,534,534.0,9.295121669769287,
pace-exact/exact086.gr,160,6348,certiflip,0,2838,2811.18072317386,60.180227756500244,
pace-exact/exact087.gr,160,9200,certiflip,0,3243,3110.8116362329674,60.08847451210022,
pace-exact/exact090.gr,171,4211,certiflip,0,2104,1905.5360824742274,63.763766050338745,
pace-exact/exact091.gr,180,4602,certiflip,0,3235,2844.9967528100015,60.9651141166687,
pace-exact/exact095.gr,180,7945,certiflip,0,358,358.0,13.018715381622314,
pace-exact/exact094.gr,180,6894,certiflip,0,2763,2761.9999999999964,39.32966876029968,
pace-exact/exact092.gr,180,6067,certiflip,0,3563,3028.867755427683,62.00828266143799,
pace-exact/exact093.gr,180,6502,certiflip,0,3842,3578.5,60.01327395439148,
pace-exact/exact097.gr,184,468,certiflip,0,95,95.0,11.021231412887573,
pace-exact/exact098.gr,184,699,certiflip,0,226,226.0,11.646032810211182,
pace-exact/exact096.gr,180,9833,certiflip,0,3506,3436.91085208965,60.02552056312561,
pace-exact/exact099.gr,184,1367,certiflip,0,650,647.116132651633,41.49695420265198,
pace-exact/exact100.gr,184,4953,certiflip,0,2736,2390.95698924731,62.124423027038574,
pace-exact/exact101.gr,200,6731,certiflip,0,4198,3785.3304347826097,65.29584217071533,
pace-exact/exact102.gr,200,6746,certiflip,0,3925,3607.916666666666,61.091099977493286,
pace-exact/exact103.gr,200,7081,certiflip,0,4572,4002.1995412844044,61.60453534126282,
pace-exact/exact107.gr,204,632,certiflip,0,274,274.0,15.584626197814941,
pace-exact/exact104.gr,200,9968,certiflip,0,4469,4203.731958762886,61.31998300552368,
pace-exact/exact105.gr,200,12309,certiflip,0,5320,5084.041237113402,61.34785485267639,
pace-exact/exact106.gr,200,13248,certiflip,0,4007,4006.9999999999986,44.472835540771484,
pace-exact/exact108.gr,204,1070,certiflip,0,547,543.2993497605858,38.070101737976074,
pace-exact/exact112.gr,204,15177,certiflip,0,1835,1835.0,19.083825826644897,
pace-exact/exact110.gr,204,9184,certiflip,0,2378,2378.0,40.343924045562744,
pace-exact/exact111.gr,204,12271,certiflip,0,2412,2411.9999999999995,42.29976534843445,
pace-exact/exact114.gr,211,1139,certiflip,0,124,124.0,10.523385524749756,
pace-exact/exact115.gr,211,1705,certiflip,0,306,302.9999999999976,10.431178092956543,
pace-exact/exact113.gr,204,19608,certiflip,0,999,998.9999999999998,16.438598155975342,
pace-exact/exact109.gr,204,6212,certiflip,0,2436,2370.3092783505144,60.04860305786133,
pace-exact/exact116.gr,211,2896,certiflip,0,634,631.9999999999986,10.39530086517334,
pace-exact/exact119.gr,213,1826,certiflip,0,184,184.0,10.569384098052979,
pace-exact/exact120.gr,213,3232,certiflip,0,195,195.0,11.377411127090454,
pace-exact/exact121.gr,213,6773,certiflip,0,742,742.0,11.871793508529663,
pace-exact/exact122.gr,215,1098,certiflip,0,410,408.9090909090909,11.312727689743042,
pace-exact/exact118.gr,211,17515,certiflip,0,2943,2942.9999999999995,31.30635714530945,
pace-exact/exact123.gr,215,2070,certiflip,0,416,416.0,9.471882820129395,
pace-exact/exact124.gr,215,4452,certiflip,0,732,731.4999999999999,12.560591459274292,
pace-exact/exact126.gr,216,1008,certiflip,0,149,149.0,10.465200901031494,
pace-exact/exact125.gr,215,6896,certiflip,0,1413,1413.0,14.452162504196167,
pace-exact/exact127.gr,216,3070,certiflip,0,130,130.0,9.731453895568848,
pace-exact/exact128.gr,216,3466,certiflip,0,108,108.0,10.738589763641357,
pace-exact/exact117.gr,211,6633,certiflip,0,2777,2625.134020618556,63.133283376693726,
pace-exact/exact130.gr,221,723,certiflip,0,129,129.0,11.065171003341675,
pace-exact/exact131.gr,221,1091,certiflip,0,386,385.2631578947369,13.10588526725769,
pace-exact/exact134.gr,232,3633,certiflip,0,772,772.0,10.633593797683716,
pace-exact/exact135.gr,232,3633,certiflip,0,772,772.0,10.882443904876709,
pace-exact/exact136.gr,232,4981,certiflip,0,81,81.0,12.055474758148193,
pace-exact/exact129.gr,216,6964,certiflip,0,2211,2130.9587628865975,60.00487303733826,
pace-exact/exact137.gr,232,5578,certiflip,0,16,16.0,11.520869970321655,
pace-exact/exact133.gr,221,18291,certiflip,0,4836,4754.453608247422,60.077346324920654,
pace-exact/exact132.gr,221,7291,certiflip,0,4476,4095.0555555555566,61.34549617767334,
pace-exact/exact140.gr,250,1045,certiflip,0,451,451.0,12.310128450393677,
pace-exact/exact142.gr,250,2451,certiflip,0,562,561.5,10.71657133102417,
pace-exact/exact141.gr,250,1450,certiflip,0,697,693.8151968348404,36.30079197883606,
pace-exact/exact138.gr,232,16859,certiflip,0,5289,5168.175257731957,60.53303623199463,
pace-exact/exact139.gr,232,17300,certiflip,0,5514,5368.7319587628845,60.826934576034546,
pace-exact/exact144.gr,250,4507,certiflip,0,1500,1500.0,13.984985589981079,
pace-exact/exact145.gr,250,6574,certiflip,0,1761,1761.0,13.564749956130981,
pace-exact/exact143.gr,250,3813,certiflip,0,1475,1469.2999999999975,44.53176760673523,
pace-exact/exact147.gr,250,11421,certiflip,0,3975,3884.416287917911,60.28659701347351,
pace-exact/exact146.gr,250,11225,certiflip,0,4791,4524.041237113401,63.717618227005005,
pace-exact/exact148.gr,250,20035,certiflip,0,6921,6702.257731958762,60.0268828868866,
pace-exact/exact149.gr,250,22395,certiflip,0,5807,5750.742268041235,60.08401322364807,
pace-exact/exact151.gr,250,29867,certiflip,0,1258,1258.0,21.03326392173767,
pace-exact/exact152.gr,250,30942,certiflip,0,183,183.0,26.264235973358154,
pace-exact/exact154.gr,263,1039,certiflip,0,117,117.0,9.816354274749756,
pace-exact/exact153.gr,250,31119,certiflip,0,6,6.0,24.651795148849487,
pace-exact/exact155.gr,263,1295,certiflip,0,63,63.0,9.443856954574585,
pace-exact/exact156.gr,263,1668,certiflip,0,188,188.0,10.004945039749146,
pace-exact/exact157.gr,263,3422,certiflip,0,1117,1116.999999999999,16.873640298843384,
pace-exact/exact150.gr,250,27898,certiflip,0,3227,3223.0309278350514,60.02257537841797,
pace-exact/exact159.gr,263,20837,certiflip,0,1483,1482.9999999999995,19.205854177474976,
pace-exact/exact160.gr,279,1226,certiflip,0,274,274.0,10.195268392562866,
pace-exact/exact161.gr,279,2000,certiflip,0,333,333.0,10.021066427230835,
pace-exact/exact162.gr,279,3242,certiflip,0,780,779.0000000000005,12.588185787200928,
pace-exact/exact163.gr,279,5825,certiflip,0,1538,1538.0,13.047959327697754,
pace-exact/exact158.gr,263,10332,certiflip,0,3039,2979.072164948453,60.010995388031006,
pace-exact/exact164.gr,279,11618,certiflip,0,4033,3923.371134020619,60.07290697097778,
pace-exact/exact165.gr,279,24777,certiflip,0,6094,6078.721649484534,60.011401653289795,
pace-exact/exact166.gr,279,31636,certiflip,0,4221,4220.999999999999,54.97452926635742,
pace-exact/exact167.gr,300,14191,certiflip,0,9861,8566.0,60.5519335269928,
pace-exact/exact171.gr,300,25919,certiflip,0,2901,2900.999999999998,19.121618270874023,
pace-exact/exact168.gr,300,15035,certiflip,0,7674,6851.103092783502,60.448466300964355,
pace-exact/exact169.gr,300,15456,certiflip,0,9561,7646.0989010989,60.468027114868164,
pace-exact/exact170.gr,300,15641,certiflip,0,6866,6681.845360824744,60.34517526626587,
pace-exact/exact173.gr,313,1764,certiflip,0,100,100.0,9.870711326599121,
pace-exact/exact174.gr,313,2294,certiflip,0,154,154.0,10.601941585540771,
pace-exact/exact175.gr,313,3516,certiflip,0,557,557.0,9.841063976287842,
pace-exact/exact176.gr,313,7570,certiflip,0,908,908.0,11.84951901435852,
pace-exact/exact178.gr,330,573,certiflip,0,200,199.16666666666669,11.415146112442017,
pace-exact/exact179.gr,330,1370,certiflip,0,633,631.5567507599555,13.016862630844116,
pace-exact/exact172.gr,300,28765,certiflip,0,6978,6967.25773195876,60.09680795669556,
pace-exact/exact177.gr,313,14634,certiflip,0,4089,3998.061855670101,60.431286334991455,
pace-exact/exact180.gr,330,2256,certiflip,0,1084,1068.7793437386067,60.537559509277344,
pace-exact/exact181.gr,330,3253,certiflip,0,1570,1504.1097605893192,60.4966254234314,
pace-exact/exact185.gr,347,1456,certiflip,0,203,203.0,10.54320740699768,
pace-exact/exact182.gr,330,4329,certiflip,0,2163,1967.090640542061,60.02566051483154,
pace-exact/exact186.gr,347,1942,certiflip,0,473,471.99999999999955,11.841829061508179,
pace-exact/exact183.gr,330,5613,certiflip,0,2788,2565.9999999999964,61.83543825149536,
pace-exact/exact184.gr,330,7270,certiflip,0,3692,3367.7465761887106,63.1322705745697,
pace-exact/exact187.gr,347,7500,certiflip,0,3814,3300.628865979379,60.11523365974426,
pace-exact/exact188.gr,347,17983,certiflip,0,7882,7524.391752577314,60.25796031951904,
pace-exact/exact189.gr,347,31752,certiflip,0,8563,8453.010309278347,60.06334209442139,
pace-exact/exact190.gr,400,28650,certiflip,0,13915,12763.69072164948,60.25182819366455,
pace-exact/exact192.gr,400,32613,certiflip,0,7249,7249.0,35.21686625480652,
pace-exact/exact191.gr,400,31201,certiflip,0,18427,15263.76086956523,68.57904648780823,
pace-exact/exact193.gr,400,42153,certiflip,0,20429,19406.5052631579,60.198824882507324,
pace-exact/exact194.gr,400,70027,certiflip,0,8908,8832.804123711338,60.126835346221924,
pace-exact/exact195.gr,620,3992,certiflip,0,2533,2368.547502442794,69.99345278739929,
pace-exact/exact196.gr,620,14834,certiflip,0,5375,5207.742268041238,63.67241144180298,
pace-exact/exact197.gr,620,35188,certiflip,0,15831,13848.876288659783,65.7534921169281,
pace-exact/exact198.gr,620,91572,certiflip,0,46766,42742.53684210528,76.84877490997314,
pace-exact/exact199.gr,620,163863,certiflip,0,27073,26965.927835051538,95.0560691356659,
pace-exact/exact200.gr,620,190499,certiflip,0,1391,1390.9999999999998,131.51278424263,
