instance,n,m,algo,seed,cost,lb,time,error
pace-exact/exact001.gr,10,11,pivot,1,4,,0.7284045219421387,
pace-exact/exact001.gr,10,11,pivot50,1,3,,0.0012536048889160156,
pace-exact/exact001.gr,10,11,pivot50,2,3,,0.0051076412200927734,
pace-exact/exact001.gr,10,11,vote,0,3,,0.004645824432373047,
pace-exact/exact001.gr,10,11,pivot50,0,3,,0.7396426200866699,
pace-exact/exact001.gr,10,11,vote,2,3,,0.00011396408081054688,
pace-exact/exact001.gr,10,11,vote,1,4,,0.008469343185424805,
pace-exact/exact001.gr,10,11,pivot,0,3,,0.779193639755249,
pace-exact/exact001.gr,10,11,louvain,0,3,,0.01112222671508789,
pace-exact/exact001.gr,10,11,louvain,1,3,,0.015194177627563477,
pace-exact/exact001.gr,10,11,louvain,2,3,,0.019713878631591797,
pace-exact/exact001.gr,10,11,pivot,2,5,,0.8788702487945557,
pace-exact/exact001.gr,10,11,mfp,0,11,,0.03646111488342285,
pace-exact/exact001.gr,10,11,mfp,1,10,,0.0003077983856201172,
pace-exact/exact001.gr,10,11,mfp,2,12,,0.00024318695068359375,
pace-exact/exact001.gr,10,11,ins,0,3,,0.01685357093811035,
pace-exact/exact001.gr,10,11,ins,1,3,,0.0006692409515380859,
pace-exact/exact001.gr,10,11,ins,2,3,,0.0005023479461669922,
pace-exact/exact001.gr,10,11,flip,0,3,,0.010478496551513672,
pace-exact/exact001.gr,10,11,flip,1,3,,0.007877349853515625,
pace-exact/exact001.gr,10,11,flip,2,3,,0.009930133819580078,
pace-exact/exact001.gr,10,11,certiflip,0,3,3.0,0.10492753982543945,
pace-exact/exact001.gr,10,11,kapoce,0,3,,0.354292631149292,
pace-exact/exact001.gr,10,11,lb:greedy,0,,3.0,0.0073359012603759766,
pace-exact/exact001.gr,10,11,lb:tri-mwu,0,,2.989399293286219,0.01205134391784668,
pace-exact/exact002.gr,20,68,pivot,0,37,,0.00011491775512695312,
pace-exact/exact002.gr,20,68,pivot,1,7,,4.601478576660156e-05,
pace-exact/exact002.gr,20,68,pivot,2,17,,4.5299530029296875e-05,
pace-exact/exact002.gr,20,68,pivot50,0,7,,0.0032417774200439453,
pace-exact/exact002.gr,20,68,pivot50,1,7,,0.0015392303466796875,
pace-exact/exact002.gr,20,68,pivot50,2,7,,0.001882314682006836,
pace-exact/exact001.gr,10,11,leiden,0,3,,0.8784430027008057,
pace-exact/exact002.gr,20,68,vote,1,7,,0.00022840499877929688,
pace-exact/exact001.gr,10,11,leiden,1,3,,0.8771452903747559,
pace-exact/exact002.gr,20,68,louvain,0,7,,0.0004642009735107422,
pace-exact/exact002.gr,20,68,louvain,1,7,,0.0002906322479248047,
pace-exact/exact002.gr,20,68,louvain,2,7,,0.00027942657470703125,
pace-exact/exact002.gr,20,68,leiden,0,7,,0.0009658336639404297,
pace-exact/exact002.gr,20,68,vote,2,7,,0.00011491775512695312,
pace-exact/exact002.gr,20,68,leiden,2,7,,0.001046895980834961,
pace-exact/exact002.gr,20,68,leiden,1,7,,0.009765386581420898,
pace-exact/exact001.gr,10,11,leiden,2,3,,0.9362831115722656,
pace-exact/exact002.gr,20,68,mfp,0,36,,0.06305575370788574,
pace-exact/exact002.gr,20,68,mfp,1,25,,0.0628814697265625,
pace-exact/exact002.gr,20,68,ins,0,7,,0.009953022003173828,
pace-exact/exact002.gr,20,68,ins,2,7,,0.0006053447723388672,
pace-exact/exact002.gr,20,68,ins,1,7,,0.020351409912109375,
pace-exact/exact002.gr,20,68,flip,0,7,,0.01818537712097168,
pace-exact/exact002.gr,20,68,flip,1,7,,0.026630878448486328,
pace-exact/exact002.gr,20,68,mfp,2,21,,0.06217598915100098,
pace-exact/exact002.gr,20,68,flip,2,7,,0.014805316925048828,
pace-exact/exact002.gr,20,68,lb:greedy,0,,7.0,0.007504701614379883,
pace-exact/exact002.gr,20,68,lb:tri-mwu,0,,7.0,0.024173498153686523,
pace-exact/exact003.gr,20,73,pivot,0,56,,7.414817810058594e-05,
pace-exact/exact003.gr,20,73,pivot,1,59,,3.910064697265625e-05,
pace-exact/exact003.gr,20,73,pivot,2,59,,3.790855407714844e-05,
pace-exact/exact002.gr,20,68,certiflip,0,7,7.0,0.17023634910583496,
pace-exact/exact003.gr,20,73,pivot50,1,45,,0.0011723041534423828,
pace-exact/exact003.gr,20,73,pivot50,2,44,,0.0010387897491455078,
pace-exact/exact003.gr,20,73,vote,0,46,,9.012222290039062e-05,
pace-exact/exact003.gr,20,73,vote,1,42,,0.0001163482666015625,
pace-exact/exact003.gr,20,73,vote,2,42,,8.296966552734375e-05,
pace-exact/exact003.gr,20,73,louvain,0,43,,0.0004622936248779297,
pace-exact/exact003.gr,20,73,louvain,1,42,,0.00031685829162597656,
pace-exact/exact002.gr,20,68,vote,0,7,,0.5419032573699951,
pace-exact/exact003.gr,20,73,pivot50,0,43,,0.7649972438812256,
pace-exact/exact003.gr,20,73,louvain,2,42,,0.6672189235687256,
pace-exact/exact003.gr,20,73,leiden,0,42,,0.9800078868865967,
pace-exact/exact003.gr,20,73,mfp,0,76,,0.046500205993652344,
pace-exact/exact003.gr,20,73,mfp,1,76,,0.0005757808685302734,
pace-exact/exact003.gr,20,73,mfp,2,88,,0.0004620552062988281,
pace-exact/exact003.gr,20,73,ins,0,45,,0.030222177505493164,
pace-exact/exact003.gr,20,73,ins,1,42,,0.0008475780487060547,
pace-exact/exact003.gr,20,73,ins,2,42,,0.0006308555603027344,
pace-exact/exact003.gr,20,73,flip,0,42,,0.029816150665283203,
pace-exact/exact003.gr,20,73,flip,1,42,,0.025307893753051758,
pace-exact/exact003.gr,20,73,flip,2,42,,0.02724742889404297,
pace-exact/exact003.gr,20,73,certiflip,0,42,42.0,0.34284520149230957,
pace-exact/exact003.gr,20,73,leiden,2,46,,0.8797335624694824,
pace-exact/exact003.gr,20,73,leiden,1,42,,0.9040670394897461,
pace-exact/exact002.gr,20,68,kapoce,0,7,,1.7841105461120605,
pace-exact/exact004.gr,20,75,pivot,0,42,,0.00011372566223144531,
pace-exact/exact004.gr,20,75,pivot,1,58,,6.4849853515625e-05,
pace-exact/exact004.gr,20,75,pivot,2,48,,5.459785461425781e-05,
pace-exact/exact004.gr,20,75,pivot50,0,33,,0.0016179084777832031,
pace-exact/exact004.gr,20,75,pivot50,1,33,,0.002857208251953125,
pace-exact/exact004.gr,20,75,pivot50,2,35,,0.0018398761749267578,
pace-exact/exact004.gr,20,75,vote,0,32,,0.0001327991485595703,
pace-exact/exact004.gr,20,75,vote,1,32,,0.00015473365783691406,
pace-exact/exact004.gr,20,75,vote,2,32,,0.000141143798828125,
pace-exact/exact004.gr,20,75,louvain,0,32,,0.0004839897155761719,
pace-exact/exact004.gr,20,75,louvain,1,32,,0.0005178451538085938,
pace-exact/exact004.gr,20,75,louvain,2,32,,0.0005197525024414062,
pace-exact/exact004.gr,20,75,leiden,0,32,,0.0017957687377929688,
pace-exact/exact004.gr,20,75,leiden,1,32,,0.0016050338745117188,
pace-exact/exact004.gr,20,75,leiden,2,32,,0.0017809867858886719,
pace-exact/exact003.gr,20,73,lb:greedy,0,,31.0,0.03404569625854492,
pace-exact/exact004.gr,20,75,mfp,0,64,,0.0066683292388916016,
pace-exact/exact004.gr,20,75,mfp,1,76,,0.0006020069122314453,
pace-exact/exact004.gr,20,75,mfp,2,74,,0.0006346702575683594,
pace-exact/exact004.gr,20,75,ins,0,32,,0.0062618255615234375,
pace-exact/exact004.gr,20,75,ins,1,32,,0.003461599349975586,
pace-exact/exact004.gr,20,75,ins,2,32,,0.0006537437438964844,
pace-exact/exact004.gr,20,75,flip,1,32,,0.011504650115966797,
pace-exact/exact004.gr,20,75,flip,2,32,,0.007083415985107422,
pace-exact/exact003.gr,20,73,lb:tri-mwu,0,,36.407407407407405,0.08647942543029785,
pace-exact/exact004.gr,20,75,certiflip,0,32,32.0,0.17702293395996094,
pace-exact/exact004.gr,20,75,lb:greedy,0,,26.0,0.00010156631469726562,
pace-exact/exact004.gr,20,75,lb:tri-mwu,0,,31.83745583038869,0.03214383125305176,
pace-exact/exact005.gr,20,97,pivot,0,57,,9.107589721679688e-05,
pace-exact/exact005.gr,20,97,pivot,1,72,,6.771087646484375e-05,
pace-exact/exact005.gr,20,97,pivot,2,57,,3.8623809814453125e-05,
pace-exact/exact005.gr,20,97,pivot50,0,50,,0.0010724067687988281,
pace-exact/exact005.gr,20,97,pivot50,1,50,,0.0010447502136230469,
pace-exact/exact005.gr,20,97,pivot50,2,50,,0.009180307388305664,
pace-exact/exact004.gr,20,75,flip,0,32,,0.89426589012146,
pace-exact/exact005.gr,20,97,vote,1,50,,0.00013685226440429688,
pace-exact/exact005.gr,20,97,vote,2,46,,8.130073547363281e-05,
pace-exact/exact005.gr,20,97,louvain,0,48,,0.00036525726318359375,
pace-exact/exact005.gr,20,97,louvain,1,48,,0.00032520294189453125,
pace-exact/exact005.gr,20,97,louvain,2,46,,0.0003154277801513672,
pace-exact/exact005.gr,20,97,vote,0,48,,0.6658046245574951,
pace-exact/exact005.gr,20,97,leiden,0,46,,0.8499059677124023,
pace-exact/exact005.gr,20,97,leiden,2,46,,0.0010805130004882812,
pace-exact/exact005.gr,20,97,mfp,0,101,,0.03907060623168945,
pace-exact/exact005.gr,20,97,mfp,1,86,,0.0006899833679199219,
pace-exact/exact005.gr,20,97,mfp,2,86,,0.000659942626953125,
pace-exact/exact005.gr,20,97,leiden,1,46,,0.8190674781799316,
pace-exact/exact005.gr,20,97,ins,0,46,,0.0007030963897705078,
pace-exact/exact005.gr,20,97,ins,2,46,,0.0006968975067138672,
pace-exact/exact005.gr,20,97,flip,0,46,,0.012370824813842773,
pace-exact/exact005.gr,20,97,flip,1,46,,0.01267695426940918,
pace-exact/exact005.gr,20,97,ins,1,46,,0.030637741088867188,
pace-exact/exact005.gr,20,97,flip,2,46,,0.012831926345825195,
pace-exact/exact005.gr,20,97,certiflip,0,46,45.0,0.4365425109863281,
pace-exact/exact005.gr,20,97,lb:greedy,0,,32.0,0.007813692092895508,
pace-exact/exact005.gr,20,97,lb:tri-mwu,0,,43.232394366197184,0.02380990982055664,
pace-exact/exact006.gr,20,113,pivot,0,9,,0.00010228157043457031,
pace-exact/exact006.gr,20,113,pivot,1,37,,7.319450378417969e-05,
pace-exact/exact006.gr,20,113,pivot,2,9,,4.553794860839844e-05,
pace-exact/exact006.gr,20,113,pivot50,0,9,,0.001018524169921875,
pace-exact/exact006.gr,20,113,pivot50,1,9,,0.00098419189453125,
pace-exact/exact006.gr,20,113,pivot50,2,9,,0.001371145248413086,
pace-exact/exact006.gr,20,113,vote,0,9,,0.00010013580322265625,
pace-exact/exact006.gr,20,113,vote,1,9,,0.00011014938354492188,
pace-exact/exact006.gr,20,113,vote,2,9,,9.751319885253906e-05,
pace-exact/exact006.gr,20,113,louvain,0,9,,0.0003097057342529297,
pace-exact/exact006.gr,20,113,louvain,1,9,,0.0003008842468261719,
pace-exact/exact006.gr,20,113,louvain,2,9,,0.0003230571746826172,
pace-exact/exact006.gr,20,113,leiden,0,9,,0.0012423992156982422,
pace-exact/exact006.gr,20,113,leiden,1,9,,0.0012161731719970703,
pace-exact/exact004.gr,20,75,kapoce,0,32,,2.5084946155548096,
pace-exact/exact006.gr,20,113,mfp,0,9,,0.012386322021484375,
pace-exact/exact006.gr,20,113,mfp,1,41,,0.0009388923645019531,
pace-exact/exact006.gr,20,113,mfp,2,28,,0.0008833408355712891,
pace-exact/exact006.gr,20,113,ins,0,9,,0.03368401527404785,
pace-exact/exact006.gr,20,113,ins,1,9,,0.0007104873657226562,
pace-exact/exact006.gr,20,113,ins,2,9,,0.00031757354736328125,
pace-exact/exact006.gr,20,113,flip,0,9,,0.014672279357910156,
pace-exact/exact006.gr,20,113,flip,1,9,,0.015021562576293945,
pace-exact/exact006.gr,20,113,flip,2,9,,0.011234283447265625,
pace-exact/exact006.gr,20,113,certiflip,0,9,9.0,0.1932823657989502,
pace-exact/exact003.gr,20,73,kapoce,0,42,,3.097562074661255,
pace-exact/exact006.gr,20,113,lb:greedy,0,,9.0,0.011695384979248047,
pace-exact/exact006.gr,20,113,lb:tri-mwu,0,,9.0,0.02445244789123535,
pace-exact/exact007.gr,30,147,pivot,0,137,,0.00010466575622558594,
pace-exact/exact007.gr,30,147,pivot,1,113,,4.4345855712890625e-05,
pace-exact/exact007.gr,30,147,pivot,2,116,,3.910064697265625e-05,
pace-exact/exact007.gr,30,147,pivot50,0,99,,0.001295328140258789,
pace-exact/exact007.gr,30,147,pivot50,1,96,,0.0010802745819091797,
pace-exact/exact007.gr,30,147,pivot50,2,98,,0.707571268081665,
pace-exact/exact007.gr,30,147,vote,0,89,,0.008456230163574219,
pace-exact/exact007.gr,30,147,vote,1,89,,0.00013375282287597656,
pace-exact/exact007.gr,30,147,vote,2,88,,0.0001239776611328125,
pace-exact/exact007.gr,30,147,louvain,0,86,,0.015548944473266602,
pace-exact/exact007.gr,30,147,louvain,1,86,,0.000423431396484375,
pace-exact/exact007.gr,30,147,louvain,2,88,,0.0003476142883300781,
pace-exact/exact006.gr,20,113,leiden,2,9,,0.8377926349639893,
pace-exact/exact007.gr,30,147,leiden,1,86,,0.0063190460205078125,
pace-exact/exact007.gr,30,147,leiden,2,91,,0.0022983551025390625,
pace-exact/exact007.gr,30,147,mfp,0,191,,0.04202914237976074,
pace-exact/exact007.gr,30,147,mfp,1,149,,0.0008325576782226562,
pace-exact/exact007.gr,30,147,mfp,2,155,,0.0008313655853271484,
pace-exact/exact007.gr,30,147,ins,0,86,,0.03314852714538574,
pace-exact/exact007.gr,30,147,ins,1,86,,0.0008580684661865234,
pace-exact/exact007.gr,30,147,ins,2,86,,0.0009770393371582031,
pace-exact/exact007.gr,30,147,flip,0,86,,0.03238081932067871,
pace-exact/exact007.gr,30,147,flip,1,86,,0.032967567443847656,
pace-exact/exact007.gr,30,147,flip,2,86,,0.032611846923828125,
pace-exact/exact005.gr,20,97,kapoce,0,46,,2.5866453647613525,
pace-exact/exact007.gr,30,147,leiden,0,88,,0.8458478450775146,
pace-exact/exact007.gr,30,147,lb:greedy,0,,63.0,0.029769420623779297,
pace-exact/exact007.gr,30,147,lb:tri-mwu,0,,73.04059040590406,0.020624399185180664,
pace-exact/exact008.gr,30,172,pivot,0,110,,8.320808410644531e-05,
pace-exact/exact008.gr,30,172,pivot,1,113,,5.078315734863281e-05,
pace-exact/exact008.gr,30,172,pivot,2,135,,5.1975250244140625e-05,
pace-exact/exact008.gr,30,172,pivot50,0,92,,0.0010938644409179688,
pace-exact/exact008.gr,30,172,pivot50,1,94,,0.0010538101196289062,
pace-exact/exact008.gr,30,172,pivot50,2,96,,0.009185075759887695,
pace-exact/exact008.gr,30,172,vote,0,81,,0.00011587142944335938,
pace-exact/exact008.gr,30,172,vote,1,81,,9.274482727050781e-05,
pace-exact/exact008.gr,30,172,vote,2,81,,0.00011181831359863281,
pace-exact/exact008.gr,30,172,louvain,0,81,,0.00037288665771484375,
pace-exact/exact008.gr,30,172,louvain,1,81,,0.7440307140350342,
pace-exact/exact008.gr,30,172,louvain,2,81,,0.00047469139099121094,
pace-exact/exact006.gr,20,113,kapoce,0,9,,2.8586478233337402,
pace-exact/exact008.gr,30,172,leiden,1,81,,0.0018055438995361328,
pace-exact/exact008.gr,30,172,leiden,2,81,,0.00601506233215332,
pace-exact/exact008.gr,30,172,mfp,0,199,,0.0010652542114257812,
pace-exact/exact008.gr,30,172,mfp,1,168,,0.01714491844177246,
pace-exact/exact008.gr,30,172,mfp,2,174,,0.0010118484497070312,
pace-exact/exact008.gr,30,172,leiden,0,81,,0.8030064105987549,
pace-exact/exact008.gr,30,172,ins,1,81,,0.028022050857543945,
pace-exact/exact008.gr,30,172,ins,2,81,,0.0009057521820068359,
pace-exact/exact008.gr,30,172,flip,0,81,,0.036934614181518555,
pace-exact/exact008.gr,30,172,ins,0,81,,0.7266533374786377,
pace-exact/exact008.gr,30,172,flip,1,81,,0.02733588218688965,
pace-exact/exact008.gr,30,172,flip,2,81,,0.032834529876708984,
pace-exact/exact008.gr,30,172,certiflip,0,81,80.9999999999996,0.307326078414917,
pace-exact/exact008.gr,30,172,lb:greedy,0,,63.0,0.0077016353607177734,
pace-exact/exact008.gr,30,172,lb:tri-mwu,0,,78.85915492957747,0.026216983795166016,
pace-exact/exact009.gr,30,175,pivot,0,131,,8.845329284667969e-05,
pace-exact/exact009.gr,30,175,pivot,1,138,,4.696846008300781e-05,
pace-exact/exact009.gr,30,175,pivot,2,119,,8.249282836914062e-05,
pace-exact/exact009.gr,30,175,pivot50,0,101,,0.0011272430419921875,
pace-exact/exact009.gr,30,175,pivot50,1,98,,0.0010716915130615234,
pace-exact/exact009.gr,30,175,pivot50,2,97,,0.005167961120605469,
pace-exact/exact009.gr,30,175,vote,0,90,,0.0001373291015625,
pace-exact/exact009.gr,30,175,vote,1,91,,8.654594421386719e-05,
pace-exact/exact009.gr,30,175,vote,2,91,,7.462501525878906e-05,
pace-exact/exact009.gr,30,175,louvain,0,90,,0.00035190582275390625,
pace-exact/exact009.gr,30,175,louvain,1,91,,0.7581813335418701,
pace-exact/exact009.gr,30,175,louvain,2,91,,0.0005071163177490234,
pace-exact/exact009.gr,30,175,leiden,0,91,,0.837479829788208,
pace-exact/exact009.gr,30,175,leiden,1,90,,0.006331205368041992,
pace-exact/exact009.gr,30,175,leiden,2,90,,0.001766204833984375,
pace-exact/exact009.gr,30,175,mfp,0,167,,0.04190516471862793,
pace-exact/exact009.gr,30,175,mfp,1,194,,0.001007080078125,
pace-exact/exact009.gr,30,175,mfp,2,196,,0.0010166168212890625,
pace-exact/exact009.gr,30,175,ins,0,90,,0.010040760040283203,
pace-exact/exact009.gr,30,175,ins,1,90,,0.0009467601776123047,
pace-exact/exact009.gr,30,175,ins,2,91,,0.0007846355438232422,
pace-exact/exact009.gr,30,175,flip,0,90,,0.031191349029541016,
pace-exact/exact009.gr,30,175,flip,1,90,,0.030945301055908203,
pace-exact/exact009.gr,30,175,flip,2,90,,0.031114816665649414,
pace-exact/exact009.gr,30,175,certiflip,0,90,89.99999999999997,0.32709646224975586,
pace-exact/exact007.gr,30,147,kapoce,0,86,,4.928161859512329,
pace-exact/exact009.gr,30,175,lb:greedy,0,,71.0,0.012585639953613281,
pace-exact/exact009.gr,30,175,lb:tri-mwu,0,,85.77372262773723,0.025467634201049805,
pace-exact/exact010.gr,30,235,pivot,0,16,,0.6911880970001221,
pace-exact/exact010.gr,30,235,pivot,1,89,,0.00013446807861328125,
pace-exact/exact010.gr,30,235,pivot,2,52,,5.2928924560546875e-05,
pace-exact/exact010.gr,30,235,pivot50,0,16,,0.0013728141784667969,
pace-exact/exact010.gr,30,235,pivot50,1,16,,0.0011785030364990234,
pace-exact/exact010.gr,30,235,pivot50,2,16,,0.0010821819305419922,
pace-exact/exact010.gr,30,235,vote,0,16,,0.004990100860595703,
pace-exact/exact010.gr,30,235,vote,1,16,,0.00012540817260742188,
pace-exact/exact010.gr,30,235,vote,2,16,,0.00012373924255371094,
pace-exact/exact010.gr,30,235,louvain,0,16,,0.00817561149597168,
pace-exact/exact010.gr,30,235,louvain,1,16,,0.0003421306610107422,
pace-exact/exact010.gr,30,235,louvain,2,16,,0.00036454200744628906,
pace-exact/exact010.gr,30,235,leiden,0,16,,0.8040111064910889,
pace-exact/exact010.gr,30,235,leiden,1,16,,0.0025970935821533203,
pace-exact/exact010.gr,30,235,leiden,2,16,,0.002493619918823242,
pace-exact/exact010.gr,30,235,mfp,0,76,,0.04082369804382324,
pace-exact/exact010.gr,30,235,mfp,1,33,,0.003675222396850586,
pace-exact/exact010.gr,30,235,mfp,2,113,,0.003579378128051758,
pace-exact/exact010.gr,30,235,ins,0,16,,0.007788658142089844,
pace-exact/exact010.gr,30,235,ins,1,16,,0.0009665489196777344,
pace-exact/exact008.gr,30,172,kapoce,0,81,,4.7844133377075195,
pace-exact/exact007.gr,30,147,certiflip,0,86,84.19883393956262,7.198157787322998,
pace-exact/exact010.gr,30,235,flip,0,16,,0.029062986373901367,
pace-exact/exact010.gr,30,235,flip,1,16,,0.03351163864135742,
pace-exact/exact010.gr,30,235,flip,2,16,,0.04242372512817383,
pace-exact/exact010.gr,30,235,certiflip,0,16,16.0,0.12424325942993164,
pace-exact/exact010.gr,30,235,lb:greedy,0,,16.0,0.007882833480834961,
pace-exact/exact010.gr,30,235,lb:tri-mwu,0,,16.0,0.03584098815917969,
pace-exact/exact011.gr,30,291,pivot,0,193,,0.0001049041748046875,
pace-exact/exact011.gr,30,291,pivot,1,97,,8.225440979003906e-05,
pace-exact/exact011.gr,30,291,pivot,2,93,,6.508827209472656e-05,
pace-exact/exact010.gr,30,235,ins,2,16,,1.0004510879516602,
pace-exact/exact011.gr,30,291,pivot50,1,97,,0.0013244152069091797,
pace-exact/exact011.gr,30,291,pivot50,2,93,,0.005826234817504883,
pace-exact/exact011.gr,30,291,vote,0,81,,0.0002892017364501953,
pace-exact/exact011.gr,30,291,vote,1,81,,0.00011920928955078125,
pace-exact/exact011.gr,30,291,vote,2,81,,9.72747802734375e-05,
pace-exact/exact011.gr,30,291,louvain,0,81,,0.00038552284240722656,
pace-exact/exact011.gr,30,291,louvain,1,81,,0.0004189014434814453,
pace-exact/exact011.gr,30,291,louvain,2,81,,0.0004534721374511719,
pace-exact/exact011.gr,30,291,pivot50,0,95,,0.7706615924835205,
pace-exact/exact011.gr,30,291,leiden,0,81,,0.8659136295318604,
pace-exact/exact011.gr,30,291,leiden,2,81,,0.0019752979278564453,
pace-exact/exact011.gr,30,291,mfp,0,256,,0.0406193733215332,
pace-exact/exact011.gr,30,291,mfp,1,163,,0.0028498172760009766,
pace-exact/exact011.gr,30,291,mfp,2,227,,0.002411365509033203,
pace-exact/exact011.gr,30,291,ins,0,81,,0.0009367465972900391,
pace-exact/exact011.gr,30,291,ins,1,81,,0.0008428096771240234,
pace-exact/exact011.gr,30,291,ins,2,81,,0.0007929801940917969,
pace-exact/exact011.gr,30,291,flip,0,81,,0.03617548942565918,
pace-exact/exact011.gr,30,291,flip,1,81,,0.03288102149963379,
pace-exact/exact011.gr,30,291,flip,2,81,,0.033289194107055664,
pace-exact/exact011.gr,30,291,leiden,1,81,,0.9684004783630371,
pace-exact/exact009.gr,30,175,kapoce,0,90,,5.012603759765625,
pace-exact/exact011.gr,30,291,lb:greedy,0,,66.0,0.007818222045898438,
pace-exact/exact011.gr,30,291,lb:tri-mwu,0,,80.57042253521126,0.030068635940551758,
pace-exact/exact012.gr,40,283,pivot,0,212,,8.893013000488281e-05,
pace-exact/exact012.gr,40,283,pivot,1,208,,4.482269287109375e-05,
pace-exact/exact011.gr,30,291,certiflip,0,81,81.0,1.0067789554595947,
pace-exact/exact012.gr,40,283,pivot50,0,170,,0.0012917518615722656,
pace-exact/exact012.gr,40,283,pivot50,1,169,,0.001177072525024414,
pace-exact/exact012.gr,40,283,pivot50,2,175,,0.0011551380157470703,
pace-exact/exact012.gr,40,283,vote,0,137,,0.00010180473327636719,
pace-exact/exact012.gr,40,283,vote,1,137,,0.00015234947204589844,
pace-exact/exact012.gr,40,283,vote,2,137,,0.00011372566223144531,
pace-exact/exact012.gr,40,283,louvain,0,137,,0.00042819976806640625,
pace-exact/exact012.gr,40,283,louvain,1,137,,0.0003941059112548828,
pace-exact/exact012.gr,40,283,louvain,2,137,,0.0003192424774169922,
pace-exact/exact012.gr,40,283,pivot,2,195,,0.7350995540618896,
pace-exact/exact010.gr,30,235,kapoce,0,16,,3.85803484916687,
pace-exact/exact012.gr,40,283,leiden,0,137,,1.0125958919525146,
pace-exact/exact012.gr,40,283,mfp,0,310,,0.009281158447265625,
pace-exact/exact012.gr,40,283,mfp,1,311,,0.0016548633575439453,
pace-exact/exact012.gr,40,283,mfp,2,294,,0.0016977787017822266,
pace-exact/exact012.gr,40,283,ins,0,137,,0.001577138900756836,
pace-exact/exact012.gr,40,283,ins,1,137,,0.0010073184967041016,
pace-exact/exact012.gr,40,283,ins,2,137,,0.005239248275756836,
pace-exact/exact012.gr,40,283,flip,0,137,,0.05151247978210449,
pace-exact/exact012.gr,40,283,flip,1,137,,0.04711747169494629,
pace-exact/exact012.gr,40,283,flip,2,137,,0.0550992488861084,
pace-exact/exact012.gr,40,283,leiden,1,137,,1.05031156539917,
pace-exact/exact012.gr,40,283,leiden,2,137,,1.067835807800293,
pace-exact/exact012.gr,40,283,lb:greedy,0,,113.0,0.024963855743408203,
pace-exact/exact012.gr,40,283,lb:tri-mwu,0,,132.37857142857143,0.02227020263671875,
pace-exact/exact013.gr,40,297,pivot,0,259,,0.00010395050048828125,
pace-exact/exact013.gr,40,297,pivot,1,205,,6.413459777832031e-05,
pace-exact/exact013.gr,40,297,pivot,2,227,,4.172325134277344e-05,
pace-exact/exact013.gr,40,297,pivot50,0,209,,0.0011637210845947266,
pace-exact/exact013.gr,40,297,pivot50,1,205,,0.0012476444244384766,
pace-exact/exact013.gr,40,297,pivot50,2,203,,0.001142263412475586,
pace-exact/exact013.gr,40,297,vote,0,187,,0.00011301040649414062,
pace-exact/exact013.gr,40,297,vote,1,185,,0.00010180473327636719,
pace-exact/exact013.gr,40,297,vote,2,181,,0.00011992454528808594,
pace-exact/exact013.gr,40,297,louvain,0,187,,0.0004410743713378906,
pace-exact/exact013.gr,40,297,louvain,1,185,,0.0004074573516845703,
pace-exact/exact012.gr,40,283,certiflip,0,137,136.9999999999999,1.4171390533447266,
pace-exact/exact013.gr,40,297,louvain,2,181,,0.7018587589263916,
pace-exact/exact013.gr,40,297,leiden,0,185,,0.8126802444458008,
pace-exact/exact013.gr,40,297,leiden,2,181,,0.004907131195068359,
pace-exact/exact013.gr,40,297,mfp,0,326,,0.009413480758666992,
pace-exact/exact013.gr,40,297,mfp,1,354,,0.0016183853149414062,
pace-exact/exact013.gr,40,297,mfp,2,311,,0.0016846656799316406,
pace-exact/exact013.gr,40,297,ins,0,182,,0.0014944076538085938,
pace-exact/exact013.gr,40,297,ins,1,183,,0.0012421607971191406,
pace-exact/exact013.gr,40,297,ins,2,182,,0.0013501644134521484,
pace-exact/exact013.gr,40,297,flip,0,181,,0.025115251541137695,
pace-exact/exact013.gr,40,297,flip,1,182,,0.05463814735412598,
pace-exact/exact013.gr,40,297,flip,2,181,,0.041060447692871094,
pace-exact/exact013.gr,40,297,leiden,1,185,,0.8552916049957275,
pace-exact/exact011.gr,30,291,kapoce,0,81,,5.582383632659912,
pace-exact/exact013.gr,40,297,lb:greedy,0,,131.0,0.03195929527282715,
pace-exact/exact013.gr,40,297,lb:tri-mwu,0,,148.06296296296296,0.022641658782958984,
pace-exact/exact014.gr,40,311,pivot,0,112,,0.00011587142944335938,
pace-exact/exact014.gr,40,311,pivot,1,178,,5.6743621826171875e-05,
pace-exact/exact014.gr,40,311,pivot,2,204,,5.2928924560546875e-05,
pace-exact/exact014.gr,40,311,pivot50,0,79,,0.0011034011840820312,
pace-exact/exact014.gr,40,311,pivot50,1,94,,0.00276947021484375,
pace-exact/exact014.gr,40,311,pivot50,2,79,,0.0011563301086425781,
pace-exact/exact014.gr,40,311,vote,0,79,,0.004866600036621094,
pace-exact/exact014.gr,40,311,vote,1,79,,0.00014519691467285156,
pace-exact/exact014.gr,40,311,vote,2,79,,0.00011205673217773438,
pace-exact/exact014.gr,40,311,louvain,0,79,,0.011467456817626953,
pace-exact/exact014.gr,40,311,louvain,1,79,,0.00037932395935058594,
pace-exact/exact014.gr,40,311,louvain,2,79,,0.0003504753112792969,
pace-exact/exact014.gr,40,311,leiden,0,79,,0.0023474693298339844,
pace-exact/exact014.gr,40,311,leiden,1,79,,0.0022957324981689453,
pace-exact/exact014.gr,40,311,leiden,2,79,,0.0062694549560546875,
pace-exact/exact014.gr,40,311,mfp,0,249,,0.7079896926879883,
pace-exact/exact014.gr,40,311,mfp,1,192,,0.0022385120391845703,
pace-exact/exact014.gr,40,311,mfp,2,233,,0.0022306442260742188,
pace-exact/exact014.gr,40,311,ins,0,79,,0.017177581787109375,
pace-exact/exact014.gr,40,311,ins,1,79,,0.0011489391326904297,
pace-exact/exact014.gr,40,311,ins,2,79,,0.0008563995361328125,
pace-exact/exact014.gr,40,311,flip,0,79,,0.009234189987182617,
pace-exact/exact014.gr,40,311,flip,1,79,,0.009075641632080078,
pace-exact/exact014.gr,40,311,flip,2,79,,0.008854150772094727,
pace-exact/exact014.gr,40,311,certiflip,0,79,79.0,0.18976640701293945,
pace-exact/exact012.gr,40,283,kapoce,0,137,,6.757317781448364,
pace-exact/exact014.gr,40,311,lb:greedy,0,,74.0,0.05383443832397461,
pace-exact/exact014.gr,40,311,lb:tri-mwu,0,,78.96126760563381,0.04176783561706543,
pace-exact/exact015.gr,40,360,pivot,0,275,,0.00011396408081054688,
pace-exact/exact015.gr,40,360,pivot,1,236,,8.869171142578125e-05,
pace-exact/exact015.gr,40,360,pivot,2,240,,5.221366882324219e-05,
pace-exact/exact015.gr,40,360,pivot50,0,185,,0.0012536048889160156,
pace-exact/exact015.gr,40,360,pivot50,1,177,,0.0052907466888427734,
pace-exact/exact015.gr,40,360,pivot50,2,175,,0.0011496543884277344,
pace-exact/exact015.gr,40,360,vote,0,165,,0.008331537246704102,
pace-exact/exact015.gr,40,360,vote,1,164,,0.00014853477478027344,
pace-exact/exact015.gr,40,360,vote,2,164,,0.00010991096496582031,
pace-exact/exact015.gr,40,360,louvain,0,165,,0.01569390296936035,
pace-exact/exact015.gr,40,360,louvain,1,164,,0.0003857612609863281,
pace-exact/exact015.gr,40,360,louvain,2,164,,0.0003521442413330078,
pace-exact/exact015.gr,40,360,leiden,0,164,,0.006665229797363281,
pace-exact/exact015.gr,40,360,leiden,1,165,,0.006439924240112305,
pace-exact/exact015.gr,40,360,leiden,2,164,,0.006497859954833984,
pace-exact/exact015.gr,40,360,mfp,0,391,,0.7592790126800537,
pace-exact/exact015.gr,40,360,mfp,1,367,,0.002403736114501953,
pace-exact/exact015.gr,40,360,mfp,2,343,,0.0024416446685791016,
pace-exact/exact015.gr,40,360,ins,0,165,,0.03381943702697754,
pace-exact/exact015.gr,40,360,ins,1,164,,0.0014035701751708984,
pace-exact/exact015.gr,40,360,ins,2,164,,0.001409769058227539,
pace-exact/exact015.gr,40,360,flip,0,164,,0.04904365539550781,
pace-exact/exact015.gr,40,360,flip,1,164,,0.04815268516540527,
pace-exact/exact015.gr,40,360,flip,2,164,,0.04961681365966797,
pace-exact/exact015.gr,40,360,certiflip,0,164,164.0,0.8739187717437744,
pace-exact/exact013.gr,40,297,kapoce,0,181,,7.072584867477417,
pace-exact/exact015.gr,40,360,lb:greedy,0,,131.0,0.03209114074707031,
pace-exact/exact015.gr,40,360,lb:tri-mwu,0,,157.84098939929328,0.030827045440673828,
pace-exact/exact016.gr,40,430,pivot,0,218,,0.003036975860595703,
pace-exact/exact016.gr,40,430,pivot,1,225,,9.608268737792969e-05,
pace-exact/exact016.gr,40,430,pivot,2,193,,6.961822509765625e-05,
pace-exact/exact016.gr,40,430,pivot50,0,129,,0.0012407302856445312,
pace-exact/exact016.gr,40,430,pivot50,1,141,,0.0011947154998779297,
pace-exact/exact016.gr,40,430,pivot50,2,138,,0.001531362533569336,
pace-exact/exact016.gr,40,430,vote,0,126,,0.00011897087097167969,
pace-exact/exact016.gr,40,430,vote,1,126,,0.00011730194091796875,
pace-exact/exact016.gr,40,430,vote,2,126,,8.368492126464844e-05,
pace-exact/exact016.gr,40,430,louvain,0,126,,0.0004343986511230469,
pace-exact/exact016.gr,40,430,louvain,1,126,,0.0003268718719482422,
pace-exact/exact016.gr,40,430,louvain,2,126,,0.00031447410583496094,
pace-exact/exact016.gr,40,430,leiden,0,126,,0.0066013336181640625,
pace-exact/exact016.gr,40,430,leiden,1,126,,0.0025954246520996094,
pace-exact/exact016.gr,40,430,leiden,2,126,,0.010793685913085938,
pace-exact/exact016.gr,40,430,mfp,0,397,,0.6919267177581787,
pace-exact/exact016.gr,40,430,mfp,1,391,,0.007867097854614258,
pace-exact/exact016.gr,40,430,mfp,2,353,,0.008764028549194336,
pace-exact/exact016.gr,40,430,ins,0,126,,0.036602020263671875,
pace-exact/exact016.gr,40,430,ins,1,126,,0.0012259483337402344,
pace-exact/exact016.gr,40,430,ins,2,126,,0.0010800361633300781,
pace-exact/exact016.gr,40,430,flip,0,126,,0.03599882125854492,
pace-exact/exact014.gr,40,311,kapoce,0,79,,6.0623908042907715,
pace-exact/exact016.gr,40,430,flip,1,126,,0.039788246154785156,
pace-exact/exact016.gr,40,430,flip,2,126,,0.019892454147338867,
pace-exact/exact016.gr,40,430,certiflip,0,126,126.0,0.3970937728881836,
pace-exact/exact016.gr,40,430,lb:greedy,0,,122.0,0.008919000625610352,
pace-exact/exact016.gr,40,430,lb:tri-mwu,0,,125.59154929577464,0.02704310417175293,
pace-exact/exact017.gr,50,385,pivot,0,366,,9.369850158691406e-05,
pace-exact/exact017.gr,50,385,pivot,1,312,,6.842613220214844e-05,
pace-exact/exact017.gr,50,385,pivot,2,342,,5.2928924560546875e-05,
pace-exact/exact017.gr,50,385,pivot50,0,295,,0.0012311935424804688,
pace-exact/exact017.gr,50,385,pivot50,1,294,,0.005374431610107422,
pace-exact/exact017.gr,50,385,pivot50,2,270,,0.0012066364288330078,
pace-exact/exact017.gr,50,385,vote,0,246,,0.00012755393981933594,
pace-exact/exact017.gr,50,385,vote,1,247,,0.00010824203491210938,
pace-exact/exact017.gr,50,385,vote,2,245,,0.0001933574676513672,
pace-exact/exact017.gr,50,385,louvain,0,246,,0.6792068481445312,
pace-exact/exact017.gr,50,385,louvain,1,238,,0.0006546974182128906,
pace-exact/exact017.gr,50,385,louvain,2,243,,0.00045013427734375,
pace-exact/exact017.gr,50,385,leiden,0,236,,0.8307254314422607,
pace-exact/exact017.gr,50,385,leiden,1,240,,0.009368658065795898,
pace-exact/exact017.gr,50,385,leiden,2,236,,0.002931833267211914,
pace-exact/exact017.gr,50,385,mfp,0,437,,0.04310011863708496,
pace-exact/exact017.gr,50,385,mfp,1,406,,0.0020062923431396484,
pace-exact/exact017.gr,50,385,mfp,2,434,,0.002039670944213867,
pace-exact/exact017.gr,50,385,ins,0,236,,0.010493755340576172,
pace-exact/exact017.gr,50,385,ins,1,237,,0.0012943744659423828,
pace-exact/exact017.gr,50,385,ins,2,236,,0.0014350414276123047,
pace-exact/exact017.gr,50,385,flip,0,236,,0.05105328559875488,
pace-exact/exact017.gr,50,385,flip,1,236,,0.05163860321044922,
pace-exact/exact017.gr,50,385,flip,2,236,,0.056685447692871094,
pace-exact/exact013.gr,40,297,certiflip,0,181,174.26164575957873,13.668007612228394,
pace-exact/exact015.gr,40,360,kapoce,0,164,,7.324927806854248,
pace-exact/exact017.gr,50,385,lb:greedy,0,,172.0,0.0037393569946289062,
pace-exact/exact017.gr,50,385,lb:tri-mwu,0,,191.9111111111111,0.02604532241821289,
pace-exact/exact018.gr,50,446,pivot,0,182,,0.00012135505676269531,
pace-exact/exact018.gr,50,446,pivot,1,185,,6.699562072753906e-05,
pace-exact/exact018.gr,50,446,pivot,2,252,,6.270408630371094e-05,
pace-exact/exact018.gr,50,446,pivot50,0,139,,0.001210927963256836,
pace-exact/exact018.gr,50,446,pivot50,1,139,,0.0011725425720214844,
pace-exact/exact018.gr,50,446,pivot50,2,139,,0.00543975830078125,
pace-exact/exact018.gr,50,446,vote,0,138,,0.0001270771026611328,
pace-exact/exact018.gr,50,446,vote,1,132,,0.6290628910064697,
pace-exact/exact018.gr,50,446,vote,2,132,,0.00019168853759765625,
pace-exact/exact018.gr,50,446,louvain,0,132,,0.015501737594604492,
pace-exact/exact018.gr,50,446,louvain,1,132,,0.00045371055603027344,
pace-exact/exact018.gr,50,446,louvain,2,132,,0.0004048347473144531,
pace-exact/exact016.gr,40,430,kapoce,0,126,,6.950275182723999,
pace-exact/exact018.gr,50,446,leiden,0,132,,0.8472096920013428,
pace-exact/exact018.gr,50,446,leiden,2,132,,0.0028743743896484375,
pace-exact/exact018.gr,50,446,mfp,0,314,,0.048735618591308594,
pace-exact/exact018.gr,50,446,mfp,1,369,,0.007683277130126953,
pace-exact/exact018.gr,50,446,mfp,2,350,,0.00744175910949707,
pace-exact/exact018.gr,50,446,ins,0,132,,0.010474681854248047,
pace-exact/exact018.gr,50,446,ins,1,132,,0.0012807846069335938,
pace-exact/exact018.gr,50,446,ins,2,132,,0.0012743473052978516,
pace-exact/exact018.gr,50,446,leiden,1,132,,0.8081760406494141,
pace-exact/exact018.gr,50,446,flip,0,132,,0.04260730743408203,
pace-exact/exact018.gr,50,446,flip,1,132,,0.04804730415344238,
pace-exact/exact018.gr,50,446,flip,2,132,,0.04115128517150879,
pace-exact/exact018.gr,50,446,certiflip,0,132,132.0,0.2512834072113037,
pace-exact/exact018.gr,50,446,lb:greedy,0,,110.0,0.00828695297241211,
pace-exact/exact018.gr,50,446,lb:tri-mwu,0,,130.8943661971831,0.032137393951416016,
pace-exact/exact019.gr,50,489,pivot,0,412,,0.00012755393981933594,
pace-exact/exact019.gr,50,489,pivot,1,382,,5.245208740234375e-05,
pace-exact/exact019.gr,50,489,pivot,2,373,,0.6542646884918213,
pace-exact/exact019.gr,50,489,pivot50,0,348,,0.0013985633850097656,
pace-exact/exact019.gr,50,489,pivot50,1,338,,0.001270294189453125,
pace-exact/exact019.gr,50,489,pivot50,2,353,,0.0012900829315185547,
pace-exact/exact019.gr,50,489,vote,0,301,,0.008971452713012695,
pace-exact/exact019.gr,50,489,vote,1,306,,0.0001666545867919922,
pace-exact/exact019.gr,50,489,vote,2,315,,0.0001811981201171875,
pace-exact/exact019.gr,50,489,louvain,0,301,,0.0073816776275634766,
pace-exact/exact019.gr,50,489,louvain,1,305,,0.0004780292510986328,
pace-exact/exact019.gr,50,489,louvain,2,301,,0.0004551410675048828,
pace-exact/exact019.gr,50,489,leiden,0,305,,0.8013310432434082,
pace-exact/exact019.gr,50,489,leiden,1,298,,0.004821062088012695,
pace-exact/exact019.gr,50,489,leiden,2,298,,0.0038194656372070312,
pace-exact/exact019.gr,50,489,mfp,0,545,,0.020891904830932617,
pace-exact/exact019.gr,50,489,mfp,1,531,,0.0029897689819335938,
pace-exact/exact019.gr,50,489,mfp,2,513,,0.0030372142791748047,
pace-exact/exact019.gr,50,489,ins,0,306,,0.006937980651855469,
pace-exact/exact019.gr,50,489,ins,1,309,,0.001814126968383789,
pace-exact/exact019.gr,50,489,ins,2,306,,0.0025947093963623047,
pace-exact/exact019.gr,50,489,flip,0,298,,0.048543691635131836,
pace-exact/exact019.gr,50,489,flip,1,298,,0.7517836093902588,
pace-exact/exact019.gr,50,489,flip,2,302,,0.06557345390319824,
pace-exact/exact017.gr,50,385,kapoce,0,236,,9.162879705429077,
pace-exact/exact018.gr,50,446,kapoce,0,132,,8.156972169876099,
pace-exact/exact019.gr,50,489,lb:greedy,0,,216.0,0.014984846115112305,
pace-exact/exact019.gr,50,489,lb:tri-mwu,0,,243.72222222222223,0.03582429885864258,
pace-exact/exact020.gr,50,707,pivot,0,179,,0.0001049041748046875,
pace-exact/exact020.gr,50,707,pivot,1,176,,7.009506225585938e-05,
pace-exact/exact020.gr,50,707,pivot,2,144,,0.7398481369018555,
pace-exact/exact020.gr,50,707,pivot50,0,110,,0.001383066177368164,
pace-exact/exact020.gr,50,707,pivot50,1,110,,0.0012323856353759766,
pace-exact/exact020.gr,50,707,pivot50,2,110,,0.0012118816375732422,
pace-exact/exact020.gr,50,707,vote,0,110,,0.008768558502197266,
pace-exact/exact020.gr,50,707,vote,1,110,,0.00018167495727539062,
pace-exact/exact020.gr,50,707,vote,2,110,,0.00014781951904296875,
pace-exact/exact020.gr,50,707,louvain,0,110,,0.01189279556274414,
pace-exact/exact020.gr,50,707,louvain,1,110,,0.0004553794860839844,
pace-exact/exact020.gr,50,707,louvain,2,110,,0.0004458427429199219,
pace-exact/exact020.gr,50,707,leiden,0,110,,0.9216806888580322,
pace-exact/exact020.gr,50,707,leiden,1,110,,0.008465051651000977,
pace-exact/exact020.gr,50,707,leiden,2,110,,0.007572174072265625,
pace-exact/exact020.gr,50,707,mfp,0,465,,0.05576062202453613,
pace-exact/exact020.gr,50,707,mfp,1,275,,0.016837596893310547,
pace-exact/exact020.gr,50,707,mfp,2,392,,0.020322084426879883,
pace-exact/exact020.gr,50,707,ins,0,110,,0.01472163200378418,
pace-exact/exact020.gr,50,707,ins,1,110,,0.0011341571807861328,
pace-exact/exact020.gr,50,707,ins,2,110,,0.0015840530395507812,
pace-exact/exact020.gr,50,707,flip,0,110,,0.0333857536315918,
pace-exact/exact020.gr,50,707,flip,1,110,,0.780224084854126,
pace-exact/exact020.gr,50,707,flip,2,110,,0.03374814987182617,
pace-exact/exact020.gr,50,707,certiflip,0,110,110.0,0.34278368949890137,
pace-exact/exact019.gr,50,489,kapoce,0,298,,10.302467107772827,
pace-exact/exact020.gr,50,707,lb:greedy,0,,110.0,0.00828695297241211,
pace-exact/exact020.gr,50,707,lb:tri-mwu,0,,110.0,0.03371882438659668,
pace-exact/exact021.gr,50,872,pivot,0,335,,0.00016021728515625,
pace-exact/exact021.gr,50,872,pivot,1,350,,5.650520324707031e-05,
pace-exact/exact021.gr,50,872,pivot,2,548,,5.054473876953125e-05,
pace-exact/exact021.gr,50,872,pivot50,0,331,,0.6328408718109131,
pace-exact/exact021.gr,50,872,pivot50,1,334,,0.001344919204711914,
pace-exact/exact021.gr,50,872,pivot50,2,331,,0.0013570785522460938,
pace-exact/exact021.gr,50,872,vote,0,323,,0.008594989776611328,
pace-exact/exact021.gr,50,872,vote,1,371,,0.0002663135528564453,
pace-exact/exact021.gr,50,872,vote,2,322,,0.00013566017150878906,
pace-exact/exact021.gr,50,872,louvain,0,322,,0.022900819778442383,
pace-exact/exact021.gr,50,872,louvain,1,322,,0.0006725788116455078,
pace-exact/exact021.gr,50,872,louvain,2,322,,0.00042319297790527344,
pace-exact/exact017.gr,50,385,certiflip,0,236,233.5258816705379,23.81924033164978,
pace-exact/exact021.gr,50,872,leiden,1,322,,0.008063793182373047,
pace-exact/exact021.gr,50,872,leiden,2,322,,0.005110263824462891,
pace-exact/exact021.gr,50,872,mfp,0,715,,0.01547694206237793,
pace-exact/exact021.gr,50,872,mfp,1,704,,0.02343010902404785,
pace-exact/exact021.gr,50,872,leiden,0,322,,0.9337344169616699,
pace-exact/exact021.gr,50,872,ins,0,322,,0.014859199523925781,
pace-exact/exact021.gr,50,872,ins,1,322,,0.0026760101318359375,
pace-exact/exact021.gr,50,872,ins,2,322,,0.0028448104858398438,
pace-exact/exact021.gr,50,872,flip,0,322,,0.10855388641357422,
pace-exact/exact021.gr,50,872,mfp,2,687,,0.595855712890625,
pace-exact/exact021.gr,50,872,flip,1,322,,0.09572267532348633,
pace-exact/exact021.gr,50,872,flip,2,322,,0.06846117973327637,
pace-exact/exact021.gr,50,872,certiflip,0,322,321.99999999999864,1.7323901653289795,
pace-exact/exact021.gr,50,872,lb:greedy,0,,246.0,0.013454198837280273,
pace-exact/exact021.gr,50,872,lb:tri-mwu,0,,313.7042253521127,0.04215121269226074,
pace-exact/exact022.gr,60,618,pivot,0,503,,0.0001366138458251953,
pace-exact/exact022.gr,60,618,pivot,1,496,,5.626678466796875e-05,
pace-exact/exact020.gr,50,707,kapoce,0,110,,10.007853269577026,
pace-exact/exact022.gr,60,618,pivot50,0,407,,0.0013532638549804688,
pace-exact/exact022.gr,60,618,pivot50,1,377,,0.00133514404296875,
pace-exact/exact022.gr,60,618,pivot50,2,447,,0.00969552993774414,
pace-exact/exact022.gr,60,618,vote,0,335,,0.00017309188842773438,
pace-exact/exact022.gr,60,618,vote,1,337,,0.00014281272888183594,
pace-exact/exact022.gr,60,618,vote,2,335,,0.00012159347534179688,
pace-exact/exact022.gr,60,618,louvain,0,335,,0.0005176067352294922,
pace-exact/exact022.gr,60,618,louvain,1,337,,0.0004749298095703125,
pace-exact/exact022.gr,60,618,louvain,2,335,,0.0004227161407470703,
pace-exact/exact022.gr,60,618,pivot,2,483,,0.6630895137786865,
pace-exact/exact022.gr,60,618,leiden,0,335,,0.8711662292480469,
pace-exact/exact022.gr,60,618,leiden,2,335,,0.005602121353149414,
pace-exact/exact022.gr,60,618,mfp,0,622,,0.011349678039550781,
pace-exact/exact022.gr,60,618,mfp,1,698,,0.0038270950317382812,
pace-exact/exact022.gr,60,618,mfp,2,678,,0.0038230419158935547,
pace-exact/exact022.gr,60,618,ins,0,335,,0.0019373893737792969,
pace-exact/exact022.gr,60,618,ins,1,335,,0.0018711090087890625,
pace-exact/exact022.gr,60,618,leiden,1,335,,0.8372189998626709,
pace-exact/exact022.gr,60,618,ins,2,335,,0.03960537910461426,
pace-exact/exact022.gr,60,618,flip,1,335,,0.07491183280944824,
pace-exact/exact022.gr,60,618,flip,2,335,,0.08917856216430664,
pace-exact/exact022.gr,60,618,flip,0,335,,0.8298952579498291,
pace-exact/exact021.gr,50,872,kapoce,0,322,,13.174246311187744,
pace-exact/exact022.gr,60,618,lb:greedy,0,,259.0,0.012490272521972656,
pace-exact/exact022.gr,60,618,lb:tri-mwu,0,,304.7032967032967,0.06461691856384277,
pace-exact/exact023.gr,60,676,pivot,0,548,,0.00012040138244628906,
pace-exact/exact023.gr,60,676,pivot,1,459,,7.462501525878906e-05,
pace-exact/exact023.gr,60,676,pivot,2,400,,5.9604644775390625e-05,
pace-exact/exact023.gr,60,676,pivot50,0,336,,0.013484954833984375,
pace-exact/exact023.gr,60,676,pivot50,1,314,,0.0012729167938232422,
pace-exact/exact023.gr,60,676,pivot50,2,330,,0.009430885314941406,
pace-exact/exact023.gr,60,676,vote,0,285,,0.00019311904907226562,
pace-exact/exact023.gr,60,676,vote,1,285,,0.00012230873107910156,
pace-exact/exact023.gr,60,676,vote,2,292,,0.00011110305786132812,
pace-exact/exact023.gr,60,676,louvain,0,281,,0.00046753883361816406,
pace-exact/exact023.gr,60,676,louvain,1,281,,0.00048232078552246094,
pace-exact/exact023.gr,60,676,louvain,2,281,,0.000583648681640625,
pace-exact/exact023.gr,60,676,leiden,0,281,,0.8713672161102295,
pace-exact/exact023.gr,60,676,leiden,1,281,,0.0038652420043945312,
pace-exact/exact023.gr,60,676,leiden,2,281,,0.004332304000854492,
pace-exact/exact023.gr,60,676,mfp,0,673,,0.8716015815734863,
pace-exact/exact023.gr,60,676,mfp,1,634,,0.00549769401550293,
pace-exact/exact023.gr,60,676,mfp,2,672,,0.005373477935791016,
pace-exact/exact023.gr,60,676,ins,0,281,,0.026135921478271484,
pace-exact/exact023.gr,60,676,ins,1,281,,0.0019040107727050781,
pace-exact/exact023.gr,60,676,ins,2,281,,0.001878499984741211,
pace-exact/exact023.gr,60,676,flip,0,281,,0.0636129379272461,
pace-exact/exact023.gr,60,676,flip,1,281,,0.0715179443359375,
pace-exact/exact023.gr,60,676,flip,2,281,,0.058986663818359375,
pace-exact/exact023.gr,60,676,certiflip,0,281,280.9999999999999,0.9109735488891602,
pace-exact/exact022.gr,60,618,kapoce,0,335,,13.396774530410767,
pace-exact/exact023.gr,60,676,lb:greedy,0,,227.0,0.0328364372253418,
pace-exact/exact023.gr,60,676,lb:tri-mwu,0,,277.4330985915493,0.04008340835571289,
pace-exact/exact024.gr,60,677,pivot,0,528,,0.00010919570922851562,
pace-exact/exact024.gr,60,677,pivot,1,607,,4.7206878662109375e-05,
pace-exact/exact024.gr,60,677,pivot,2,485,,5.626678466796875e-05,
pace-exact/exact024.gr,60,677,pivot50,0,399,,0.00631403923034668,
pace-exact/exact024.gr,60,677,pivot50,1,400,,0.001360177993774414,
pace-exact/exact024.gr,60,677,pivot50,2,408,,0.0013606548309326172,
pace-exact/exact024.gr,60,677,vote,0,345,,0.00021409988403320312,
pace-exact/exact024.gr,60,677,vote,1,359,,0.00015163421630859375,
pace-exact/exact024.gr,60,677,vote,2,338,,0.0002052783966064453,
pace-exact/exact024.gr,60,677,louvain,0,345,,0.0005087852478027344,
pace-exact/exact024.gr,60,677,louvain,1,341,,0.0004899501800537109,
pace-exact/exact024.gr,60,677,louvain,2,338,,0.0008015632629394531,
pace-exact/exact024.gr,60,677,leiden,0,338,,0.8387348651885986,
pace-exact/exact024.gr,60,677,leiden,1,340,,0.008682012557983398,
pace-exact/exact024.gr,60,677,leiden,2,339,,0.014241933822631836,
pace-exact/exact024.gr,60,677,mfp,0,609,,0.020604372024536133,
pace-exact/exact024.gr,60,677,mfp,1,694,,0.6931629180908203,
pace-exact/exact024.gr,60,677,mfp,2,690,,0.013225317001342773,
pace-exact/exact024.gr,60,677,ins,0,338,,0.041445255279541016,
pace-exact/exact024.gr,60,677,ins,1,338,,0.006373405456542969,
pace-exact/exact024.gr,60,677,ins,2,338,,0.0022253990173339844,
pace-exact/exact024.gr,60,677,flip,0,338,,0.08298659324645996,
pace-exact/exact024.gr,60,677,flip,1,338,,0.08274459838867188,
pace-exact/exact024.gr,60,677,flip,2,338,,0.08302640914916992,
pace-exact/exact024.gr,60,677,certiflip,0,338,337.9999999999999,7.393689155578613,
pace-exact/exact023.gr,60,676,kapoce,0,281,,11.620466232299805,
pace-exact/exact024.gr,60,677,lb:greedy,0,,247.0,0.003893136978149414,
pace-exact/exact024.gr,60,677,lb:tri-mwu,0,,313.11347517730496,0.03952360153198242,
pace-exact/exact025.gr,60,1053,pivot,0,622,,0.00011491775512695312,
pace-exact/exact025.gr,60,1053,pivot,1,566,,6.389617919921875e-05,
pace-exact/exact025.gr,60,1053,pivot,2,570,,5.626678466796875e-05,
pace-exact/exact025.gr,60,1053,pivot50,0,456,,0.004355907440185547,
pace-exact/exact025.gr,60,1053,pivot50,1,488,,0.0073337554931640625,
pace-exact/exact025.gr,60,1053,pivot50,2,482,,0.0012841224670410156,
pace-exact/exact025.gr,60,1053,vote,0,443,,0.00020051002502441406,
pace-exact/exact025.gr,60,1053,vote,1,439,,0.7959024906158447,
pace-exact/exact025.gr,60,1053,vote,2,439,,0.0002052783966064453,
pace-exact/exact025.gr,60,1053,louvain,0,442,,0.011568069458007812,
pace-exact/exact025.gr,60,1053,louvain,1,439,,0.000530242919921875,
pace-exact/exact025.gr,60,1053,louvain,2,439,,0.00048422813415527344,
pace-exact/exact025.gr,60,1053,leiden,0,439,,0.8684020042419434,
pace-exact/exact025.gr,60,1053,leiden,1,439,,0.013039350509643555,
pace-exact/exact025.gr,60,1053,leiden,2,439,,0.012932062149047852,
pace-exact/exact025.gr,60,1053,mfp,0,881,,0.08960175514221191,
pace-exact/exact025.gr,60,1053,mfp,1,958,,0.022866249084472656,
pace-exact/exact025.gr,60,1053,mfp,2,880,,0.022787094116210938,
pace-exact/exact025.gr,60,1053,ins,0,439,,0.012859344482421875,
pace-exact/exact025.gr,60,1053,ins,1,439,,0.003629446029663086,
pace-exact/exact025.gr,60,1053,ins,2,439,,0.003818511962890625,
pace-exact/exact025.gr,60,1053,flip,0,439,,0.10954713821411133,
pace-exact/exact025.gr,60,1053,flip,1,439,,0.13087701797485352,
pace-exact/exact025.gr,60,1053,flip,2,439,,0.12920355796813965,
pace-exact/exact025.gr,60,1053,certiflip,0,439,438.99999999999795,2.739081859588623,
pace-exact/exact022.gr,60,618,certiflip,0,335,334.62526477483414,30.27977681159973,
pace-exact/exact025.gr,60,1053,lb:greedy,0,,359.0,0.016834020614624023,
pace-exact/exact025.gr,60,1053,lb:tri-mwu,0,,432.80281690140845,0.09592103958129883,
pace-exact/exact026.gr,60,1221,pivot,0,778,,0.00013065338134765625,
pace-exact/exact026.gr,60,1221,pivot,1,335,,7.367134094238281e-05,
pace-exact/exact026.gr,60,1221,pivot,2,408,,6.365776062011719e-05,
pace-exact/exact026.gr,60,1221,pivot50,0,291,,0.0015680789947509766,
pace-exact/exact026.gr,60,1221,pivot50,1,297,,0.0054552555084228516,
pace-exact/exact026.gr,60,1221,pivot50,2,320,,0.00127410888671875,
pace-exact/exact026.gr,60,1221,vote,0,282,,0.00016927719116210938,
pace-exact/exact026.gr,60,1221,vote,1,282,,0.00013518333435058594,
pace-exact/exact026.gr,60,1221,vote,2,282,,0.00012612342834472656,
pace-exact/exact026.gr,60,1221,louvain,0,282,,0.0004906654357910156,
pace-exact/exact026.gr,60,1221,louvain,1,282,,0.00040602684020996094,
pace-exact/exact026.gr,60,1221,louvain,2,282,,0.0045740604400634766,
pace-exact/exact026.gr,60,1221,leiden,0,282,,0.9354112148284912,
pace-exact/exact026.gr,60,1221,leiden,1,282,,0.013366222381591797,
pace-exact/exact026.gr,60,1221,leiden,2,282,,0.013083696365356445,
pace-exact/exact026.gr,60,1221,mfp,0,705,,0.12218976020812988,
pace-exact/exact026.gr,60,1221,mfp,1,995,,0.043686628341674805,
pace-exact/exact026.gr,60,1221,mfp,2,739,,0.039198875427246094,
pace-exact/exact026.gr,60,1221,ins,0,282,,0.04100608825683594,
pace-exact/exact026.gr,60,1221,ins,1,282,,0.007067680358886719,
pace-exact/exact026.gr,60,1221,ins,2,282,,0.006875514984130859,
pace-exact/exact026.gr,60,1221,flip,0,282,,0.10524630546569824,
pace-exact/exact026.gr,60,1221,flip,1,282,,0.10988044738769531,
pace-exact/exact026.gr,60,1221,flip,2,282,,0.14482402801513672,
pace-exact/exact026.gr,60,1221,certiflip,0,282,281.99999999999994,1.1447572708129883,
pace-exact/exact024.gr,60,677,kapoce,0,338,,15.037229776382446,
pace-exact/exact026.gr,60,1221,lb:greedy,0,,244.0,0.013612747192382812,
pace-exact/exact026.gr,60,1221,lb:tri-mwu,0,,281.2711267605634,0.06627082824707031,
pace-exact/exact027.gr,70,795,pivot,0,596,,0.00010657310485839844,
pace-exact/exact027.gr,70,795,pivot,1,673,,9.560585021972656e-05,
pace-exact/exact027.gr,70,795,pivot,2,756,,7.653236389160156e-05,
pace-exact/exact027.gr,70,795,pivot50,0,530,,0.001399993896484375,
pace-exact/exact027.gr,70,795,pivot50,1,515,,0.0013928413391113281,
pace-exact/exact027.gr,70,795,pivot50,2,540,,0.0016205310821533203,
pace-exact/exact027.gr,70,795,vote,0,467,,0.0001704692840576172,
pace-exact/exact027.gr,70,795,vote,1,469,,0.00031113624572753906,
pace-exact/exact027.gr,70,795,vote,2,432,,0.6175291538238525,
pace-exact/exact027.gr,70,795,louvain,0,467,,0.007567167282104492,
pace-exact/exact027.gr,70,795,louvain,1,469,,0.0006115436553955078,
pace-exact/exact027.gr,70,795,louvain,2,432,,0.0005044937133789062,
pace-exact/exact027.gr,70,795,leiden,0,432,,0.8243095874786377,
pace-exact/exact027.gr,70,795,leiden,1,432,,0.009117364883422852,
pace-exact/exact027.gr,70,795,leiden,2,432,,0.01646900177001953,
pace-exact/exact027.gr,70,795,mfp,0,844,,0.05543231964111328,
pace-exact/exact027.gr,70,795,mfp,1,859,,0.009423494338989258,
pace-exact/exact027.gr,70,795,mfp,2,799,,0.00924372673034668,
pace-exact/exact027.gr,70,795,ins,0,432,,0.01141667366027832,
pace-exact/exact027.gr,70,795,ins,1,432,,0.002203226089477539,
pace-exact/exact027.gr,70,795,ins,2,432,,0.0021445751190185547,
pace-exact/exact019.gr,50,489,certiflip,0,298,284.4663690132922,60.30249619483948,
pace-exact/exact027.gr,70,795,flip,0,432,,0.0560452938079834,
pace-exact/exact027.gr,70,795,flip,1,432,,0.08577919006347656,
pace-exact/exact027.gr,70,795,flip,2,432,,0.08071398735046387,
pace-exact/exact025.gr,60,1053,kapoce,0,439,,15.080374240875244,
pace-exact/exact027.gr,70,795,lb:greedy,0,,324.0,0.012255430221557617,
pace-exact/exact027.gr,70,795,lb:tri-mwu,0,,391.9157509157509,0.7474095821380615,
pace-exact/exact028.gr,70,821,pivot,0,777,,0.0033674240112304688,
pace-exact/exact028.gr,70,821,pivot,1,677,,8.940696716308594e-05,
pace-exact/exact028.gr,70,821,pivot,2,644,,5.936622619628906e-05,
pace-exact/exact028.gr,70,821,pivot50,0,547,,0.0014615058898925781,
pace-exact/exact028.gr,70,821,pivot50,1,549,,0.0013668537139892578,
pace-exact/exact028.gr,70,821,pivot50,2,568,,0.0013241767883300781,
pace-exact/exact028.gr,70,821,vote,0,460,,0.004280567169189453,
pace-exact/exact028.gr,70,821,vote,1,460,,0.0002117156982421875,
pace-exact/exact028.gr,70,821,vote,2,474,,0.00015044212341308594,
pace-exact/exact028.gr,70,821,louvain,0,460,,0.007399797439575195,
pace-exact/exact028.gr,70,821,louvain,1,460,,0.0005044937133789062,
pace-exact/exact028.gr,70,821,louvain,2,460,,0.0006058216094970703,
pace-exact/exact028.gr,70,821,leiden,0,460,,0.8505148887634277,
pace-exact/exact028.gr,70,821,leiden,1,460,,0.015229463577270508,
pace-exact/exact028.gr,70,821,leiden,2,460,,0.009516000747680664,
pace-exact/exact028.gr,70,821,mfp,0,839,,0.020792484283447266,
pace-exact/exact028.gr,70,821,mfp,1,898,,0.005112648010253906,
pace-exact/exact028.gr,70,821,mfp,2,841,,0.010318517684936523,
pace-exact/exact028.gr,70,821,ins,0,460,,0.01762533187866211,
pace-exact/exact028.gr,70,821,ins,1,460,,0.8268957138061523,
pace-exact/exact028.gr,70,821,ins,2,460,,0.0076677799224853516,
pace-exact/exact028.gr,70,821,flip,0,460,,0.1438283920288086,
pace-exact/exact028.gr,70,821,flip,1,460,,0.1296534538269043,
pace-exact/exact028.gr,70,821,flip,2,460,,0.12305855751037598,
pace-exact/exact026.gr,60,1221,kapoce,0,282,,14.187137842178345,
pace-exact/exact027.gr,70,795,kapoce,0,432,,14.218636989593506,
pace-exact/exact028.gr,70,821,lb:greedy,0,,349.0,0.010564088821411133,
pace-exact/exact028.gr,70,821,lb:tri-mwu,0,,407.7970479704797,0.07271170616149902,
pace-exact/exact029.gr,70,1011,pivot,0,665,,0.00010919570922851562,
pace-exact/exact029.gr,70,1011,pivot,1,658,,5.650520324707031e-05,
pace-exact/exact029.gr,70,1011,pivot,2,766,,0.6741979122161865,
pace-exact/exact029.gr,70,1011,pivot50,0,631,,0.0014903545379638672,
pace-exact/exact029.gr,70,1011,pivot50,1,643,,0.001398324966430664,
pace-exact/exact029.gr,70,1011,pivot50,2,601,,0.005387067794799805,
pace-exact/exact029.gr,70,1011,vote,0,509,,0.008597850799560547,
pace-exact/exact029.gr,70,1011,vote,1,511,,0.0001804828643798828,
pace-exact/exact029.gr,70,1011,vote,2,509,,0.0001652240753173828,
pace-exact/exact029.gr,70,1011,louvain,0,509,,0.011324405670166016,
pace-exact/exact029.gr,70,1011,louvain,1,511,,0.0005099773406982422,
pace-exact/exact029.gr,70,1011,louvain,2,509,,0.0004913806915283203,
pace-exact/exact029.gr,70,1011,leiden,0,509,,0.8459572792053223,
pace-exact/exact029.gr,70,1011,leiden,1,509,,0.015558242797851562,
pace-exact/exact029.gr,70,1011,leiden,2,509,,0.015573740005493164,
pace-exact/exact029.gr,70,1011,mfp,0,990,,0.05524778366088867,
pace-exact/exact029.gr,70,1011,mfp,1,1071,,0.016281604766845703,
pace-exact/exact029.gr,70,1011,mfp,2,1009,,0.015892505645751953,
pace-exact/exact029.gr,70,1011,ins,0,509,,0.019742965698242188,
pace-exact/exact029.gr,70,1011,ins,1,509,,0.002714395523071289,
pace-exact/exact029.gr,70,1011,ins,2,509,,0.002716064453125,
pace-exact/exact029.gr,70,1011,flip,0,509,,0.11308145523071289,
pace-exact/exact029.gr,70,1011,flip,1,509,,0.8080730438232422,
pace-exact/exact029.gr,70,1011,flip,2,509,,0.11123061180114746,
pace-exact/exact029.gr,70,1011,certiflip,0,509,508.99999999999875,6.843118906021118,
pace-exact/exact028.gr,70,821,kapoce,0,460,,17.448639631271362,
pace-exact/exact029.gr,70,1011,lb:greedy,0,,414.0,0.00869297981262207,
pace-exact/exact029.gr,70,1011,lb:tri-mwu,0,,492.85818181818183,0.05614185333251953,
pace-exact/exact030.gr,70,1522,pivot,0,302,,0.00011420249938964844,
pace-exact/exact030.gr,70,1522,pivot,1,355,,6.842613220214844e-05,
pace-exact/exact030.gr,70,1522,pivot,2,476,,6.389617919921875e-05,
pace-exact/exact030.gr,70,1522,pivot50,0,292,,0.676875114440918,
pace-exact/exact030.gr,70,1522,pivot50,1,286,,0.0014164447784423828,
pace-exact/exact030.gr,70,1522,pivot50,2,286,,0.0014414787292480469,
pace-exact/exact030.gr,70,1522,vote,0,277,,0.008962631225585938,
pace-exact/exact030.gr,70,1522,vote,1,279,,0.00018668174743652344,
pace-exact/exact030.gr,70,1522,vote,2,277,,0.00017952919006347656,
pace-exact/exact030.gr,70,1522,louvain,0,277,,0.016080856323242188,
pace-exact/exact030.gr,70,1522,louvain,1,277,,0.0006325244903564453,
pace-exact/exact030.gr,70,1522,louvain,2,277,,0.0005757808685302734,
pace-exact/exact030.gr,70,1522,leiden,0,277,,0.8993861675262451,
pace-exact/exact030.gr,70,1522,leiden,1,277,,0.014330387115478516,
pace-exact/exact030.gr,70,1522,leiden,2,277,,0.00990605354309082,
pace-exact/exact030.gr,70,1522,mfp,0,1158,,0.1008598804473877,
pace-exact/exact030.gr,70,1522,mfp,1,1002,,0.06315827369689941,
pace-exact/exact030.gr,70,1522,mfp,2,689,,0.06348538398742676,
pace-exact/exact030.gr,70,1522,ins,0,277,,0.021570682525634766,
pace-exact/exact030.gr,70,1522,ins,1,277,,0.00783848762512207,
pace-exact/exact030.gr,70,1522,ins,2,277,,0.007855415344238281,
pace-exact/exact030.gr,70,1522,flip,0,277,,0.12871432304382324,
pace-exact/exact030.gr,70,1522,flip,1,277,,0.13265657424926758,
pace-exact/exact030.gr,70,1522,flip,2,277,,0.8145568370819092,
pace-exact/exact030.gr,70,1522,certiflip,0,277,277.0,0.897878885269165,
pace-exact/exact027.gr,70,795,certiflip,0,432,431.2752033831765,30.126880168914795,
pace-exact/exact030.gr,70,1522,lb:greedy,0,,245.0,0.022244930267333984,
pace-exact/exact030.gr,70,1522,lb:tri-mwu,0,,273.8732394366197,0.10919833183288574,
pace-exact/exact031.gr,70,1596,pivot,0,669,,0.00014209747314453125,
pace-exact/exact031.gr,70,1596,pivot,1,316,,0.00014495849609375,
pace-exact/exact031.gr,70,1596,pivot,2,379,,8.893013000488281e-05,
pace-exact/exact031.gr,70,1596,pivot50,0,285,,0.002131938934326172,
pace-exact/exact031.gr,70,1596,pivot50,1,285,,0.001979351043701172,
pace-exact/exact031.gr,70,1596,pivot50,2,285,,0.002209186553955078,
pace-exact/exact031.gr,70,1596,vote,0,285,,0.00022172927856445312,
pace-exact/exact031.gr,70,1596,vote,1,285,,0.0002446174621582031,
pace-exact/exact031.gr,70,1596,vote,2,285,,0.0002257823944091797,
pace-exact/exact031.gr,70,1596,louvain,0,285,,0.0008211135864257812,
pace-exact/exact031.gr,70,1596,louvain,1,285,,0.0008366107940673828,
pace-exact/exact031.gr,70,1596,louvain,2,285,,0.0007250308990478516,
pace-exact/exact031.gr,70,1596,leiden,0,285,,0.8651771545410156,
pace-exact/exact031.gr,70,1596,leiden,1,285,,0.9038772583007812,
pace-exact/exact031.gr,70,1596,leiden,2,285,,0.014028310775756836,
pace-exact/exact031.gr,70,1596,mfp,0,1296,,0.11251425743103027,
pace-exact/exact031.gr,70,1596,mfp,1,869,,0.06105661392211914,
pace-exact/exact031.gr,70,1596,mfp,2,927,,0.05616021156311035,
pace-exact/exact031.gr,70,1596,ins,0,285,,0.03563380241394043,
pace-exact/exact031.gr,70,1596,ins,1,285,,0.0030939579010009766,
pace-exact/exact031.gr,70,1596,ins,2,285,,0.003625154495239258,
pace-exact/exact031.gr,70,1596,flip,0,285,,0.10609817504882812,
pace-exact/exact031.gr,70,1596,flip,1,285,,0.13240528106689453,
pace-exact/exact031.gr,70,1596,flip,2,285,,0.08673596382141113,
pace-exact/exact031.gr,70,1596,certiflip,0,285,285.0,0.7743360996246338,
pace-exact/exact029.gr,70,1011,kapoce,0,509,,16.260111331939697,
pace-exact/exact031.gr,70,1596,lb:greedy,0,,275.0,0.013124704360961914,
pace-exact/exact031.gr,70,1596,lb:tri-mwu,0,,285.0,0.055533409118652344,
pace-exact/exact032.gr,80,865,pivot,0,677,,0.00012922286987304688,
pace-exact/exact032.gr,80,865,pivot,1,699,,5.9604644775390625e-05,
pace-exact/exact032.gr,80,865,pivot,2,625,,5.340576171875e-05,
pace-exact/exact032.gr,80,865,pivot50,0,647,,0.001409769058227539,
pace-exact/exact032.gr,80,865,pivot50,1,638,,0.0013229846954345703,
pace-exact/exact032.gr,80,865,pivot50,2,625,,0.0014116764068603516,
pace-exact/exact032.gr,80,865,vote,0,518,,0.00019168853759765625,
pace-exact/exact032.gr,80,865,vote,1,523,,0.0001552104949951172,
pace-exact/exact032.gr,80,865,vote,2,522,,0.0001595020294189453,
pace-exact/exact032.gr,80,865,louvain,0,517,,0.0007529258728027344,
pace-exact/exact032.gr,80,865,louvain,1,522,,0.0005278587341308594,
pace-exact/exact032.gr,80,865,louvain,2,521,,0.0005245208740234375,
pace-exact/exact032.gr,80,865,leiden,0,525,,0.8711843490600586,
pace-exact/exact032.gr,80,865,leiden,1,516,,0.00629115104675293,
pace-exact/exact032.gr,80,865,leiden,2,535,,0.8414733409881592,
pace-exact/exact032.gr,80,865,mfp,0,959,,0.055572509765625,
pace-exact/exact032.gr,80,865,mfp,1,940,,0.005342960357666016,
pace-exact/exact032.gr,80,865,mfp,2,996,,0.0052759647369384766,
pace-exact/exact032.gr,80,865,ins,0,519,,0.03183484077453613,
pace-exact/exact032.gr,80,865,ins,1,515,,0.003004789352416992,
pace-exact/exact032.gr,80,865,ins,2,518,,0.0026030540466308594,
pace-exact/exact032.gr,80,865,flip,0,515,,0.09966444969177246,
pace-exact/exact032.gr,80,865,flip,1,515,,0.09737348556518555,
pace-exact/exact032.gr,80,865,flip,2,515,,0.11132454872131348,
pace-exact/exact030.gr,70,1522,kapoce,0,277,,21.13592505455017,
pace-exact/exact031.gr,70,1596,kapoce,0,285,,16.88443946838379,
pace-exact/exact032.gr,80,865,lb:greedy,0,,377.0,0.003944873809814453,
pace-exact/exact032.gr,80,865,lb:tri-mwu,0,,431.26666666666665,0.028306007385253906,
pace-exact/exact033.gr,80,1348,pivot,0,1162,,0.00011444091796875,
pace-exact/exact033.gr,80,1348,pivot,1,980,,7.271766662597656e-05,
pace-exact/exact033.gr,80,1348,pivot,2,843,,6.365776062011719e-05,
pace-exact/exact033.gr,80,1348,pivot50,0,801,,0.0014891624450683594,
pace-exact/exact033.gr,80,1348,pivot50,1,811,,0.001374959945678711,
pace-exact/exact033.gr,80,1348,pivot50,2,798,,0.6751940250396729,
pace-exact/exact033.gr,80,1348,vote,0,672,,0.004717111587524414,
pace-exact/exact033.gr,80,1348,vote,1,752,,0.0002071857452392578,
pace-exact/exact033.gr,80,1348,vote,2,672,,0.00017905235290527344,
pace-exact/exact033.gr,80,1348,louvain,0,672,,0.007412910461425781,
pace-exact/exact033.gr,80,1348,louvain,1,672,,0.0006358623504638672,
pace-exact/exact033.gr,80,1348,louvain,2,672,,0.0006008148193359375,
pace-exact/exact028.gr,70,821,certiflip,0,460,450.0023628322557,45.494709730148315,
pace-exact/exact033.gr,80,1348,leiden,0,672,,0.8821251392364502,
pace-exact/exact033.gr,80,1348,leiden,2,672,,0.006943225860595703,
pace-exact/exact033.gr,80,1348,mfp,0,1257,,0.04008674621582031,
pace-exact/exact033.gr,80,1348,mfp,1,1340,,0.029700040817260742,
pace-exact/exact033.gr,80,1348,mfp,2,1348,,0.013733386993408203,
pace-exact/exact033.gr,80,1348,ins,0,672,,0.010531902313232422,
pace-exact/exact033.gr,80,1348,ins,1,672,,0.00550079345703125,
pace-exact/exact033.gr,80,1348,ins,2,672,,0.005879878997802734,
pace-exact/exact033.gr,80,1348,flip,0,672,,0.18521928787231445,
pace-exact/exact033.gr,80,1348,flip,1,672,,0.21963930130004883,
pace-exact/exact033.gr,80,1348,leiden,1,672,,0.8507626056671143,
pace-exact/exact033.gr,80,1348,flip,2,672,,0.16627907752990723,
pace-exact/exact032.gr,80,865,kapoce,0,515,,16.358222007751465,
pace-exact/exact033.gr,80,1348,lb:greedy,0,,493.0,0.005318880081176758,
pace-exact/exact033.gr,80,1348,lb:tri-mwu,0,,647.231884057971,0.051062822341918945,
pace-exact/exact034.gr,80,1500,pivot,0,1105,,0.00012350082397460938,
pace-exact/exact034.gr,80,1500,pivot,1,1026,,6.556510925292969e-05,
pace-exact/exact034.gr,80,1500,pivot,2,1090,,8.106231689453125e-05,
pace-exact/exact034.gr,80,1500,pivot50,0,870,,0.0015077590942382812,
pace-exact/exact034.gr,80,1500,pivot50,1,889,,0.0014941692352294922,
pace-exact/exact034.gr,80,1500,pivot50,2,887,,0.0015246868133544922,
pace-exact/exact034.gr,80,1500,vote,0,797,,0.0001747608184814453,
pace-exact/exact034.gr,80,1500,vote,1,797,,0.0001862049102783203,
pace-exact/exact034.gr,80,1500,vote,2,785,,0.0002734661102294922,
pace-exact/exact034.gr,80,1500,louvain,0,797,,0.0005941390991210938,
pace-exact/exact034.gr,80,1500,louvain,1,797,,0.0005512237548828125,
pace-exact/exact034.gr,80,1500,louvain,2,785,,0.0005505084991455078,
pace-exact/exact034.gr,80,1500,leiden,0,791,,0.9213454723358154,
pace-exact/exact034.gr,80,1500,leiden,1,785,,0.010704278945922852,
pace-exact/exact033.gr,80,1348,certiflip,0,672,671.9999999999895,15.07268762588501,
pace-exact/exact034.gr,80,1500,mfp,0,1502,,0.03854942321777344,
pace-exact/exact034.gr,80,1500,mfp,1,1501,,0.023152828216552734,
pace-exact/exact034.gr,80,1500,mfp,2,1485,,0.026923418045043945,
pace-exact/exact034.gr,80,1500,ins,0,785,,0.009595632553100586,
pace-exact/exact034.gr,80,1500,ins,1,785,,0.005442380905151367,
pace-exact/exact034.gr,80,1500,ins,2,791,,0.0055119991302490234,
pace-exact/exact034.gr,80,1500,flip,0,785,,0.2558739185333252,
pace-exact/exact034.gr,80,1500,flip,1,785,,0.2894437313079834,
pace-exact/exact034.gr,80,1500,leiden,2,785,,0.7280032634735107,
pace-exact/exact034.gr,80,1500,flip,2,785,,0.19617676734924316,
pace-exact/exact033.gr,80,1348,kapoce,0,672,,22.075361967086792,
pace-exact/exact034.gr,80,1500,lb:greedy,0,,555.0,0.004642009735107422,
pace-exact/exact034.gr,80,1500,lb:tri-mwu,0,,738.4065934065934,0.7961153984069824,
pace-exact/exact035.gr,80,1831,pivot,0,650,,0.003940582275390625,
pace-exact/exact035.gr,80,1831,pivot,1,490,,0.00010180473327636719,
pace-exact/exact035.gr,80,1831,pivot,2,506,,7.033348083496094e-05,
pace-exact/exact035.gr,80,1831,pivot50,0,436,,0.0014986991882324219,
pace-exact/exact035.gr,80,1831,pivot50,1,397,,0.0014445781707763672,
pace-exact/exact035.gr,80,1831,pivot50,2,434,,0.0015225410461425781,
pace-exact/exact035.gr,80,1831,vote,0,385,,0.004398345947265625,
pace-exact/exact035.gr,80,1831,vote,1,385,,0.00020599365234375,
pace-exact/exact035.gr,80,1831,vote,2,385,,0.00020623207092285156,
pace-exact/exact035.gr,80,1831,louvain,0,385,,0.007292032241821289,
pace-exact/exact035.gr,80,1831,louvain,1,385,,0.0006151199340820312,
pace-exact/exact035.gr,80,1831,louvain,2,385,,0.0005233287811279297,
pace-exact/exact035.gr,80,1831,leiden,0,385,,0.8486166000366211,
pace-exact/exact035.gr,80,1831,leiden,1,385,,0.007983207702636719,
pace-exact/exact035.gr,80,1831,leiden,2,385,,0.007846593856811523,
pace-exact/exact035.gr,80,1831,mfp,0,960,,0.055545806884765625,
pace-exact/exact035.gr,80,1831,mfp,1,732,,0.05465364456176758,
pace-exact/exact035.gr,80,1831,mfp,2,1325,,0.06335854530334473,
pace-exact/exact035.gr,80,1831,ins,0,385,,0.02205204963684082,
pace-exact/exact035.gr,80,1831,ins,1,385,,0.7237658500671387,
pace-exact/exact035.gr,80,1831,ins,2,385,,0.004237174987792969,
pace-exact/exact035.gr,80,1831,flip,0,385,,0.1644725799560547,
pace-exact/exact035.gr,80,1831,flip,1,385,,0.14796781539916992,
pace-exact/exact035.gr,80,1831,flip,2,385,,0.1438744068145752,
pace-exact/exact035.gr,80,1831,certiflip,0,385,385.0,1.061331033706665,
pace-exact/exact034.gr,80,1500,kapoce,0,785,,21.813658475875854,
pace-exact/exact035.gr,80,1831,lb:greedy,0,,320.0,0.013286352157592773,
pace-exact/exact035.gr,80,1831,lb:tri-mwu,0,,383.21478873239437,0.06407523155212402,
pace-exact/exact036.gr,80,2127,pivot,0,862,,0.6802167892456055,
pace-exact/exact036.gr,80,2127,pivot,1,964,,0.00012254714965820312,
pace-exact/exact036.gr,80,2127,pivot,2,1032,,8.893013000488281e-05,
pace-exact/exact036.gr,80,2127,pivot50,0,663,,0.0017561912536621094,
pace-exact/exact036.gr,80,2127,pivot50,1,785,,0.0016367435455322266,
pace-exact/exact036.gr,80,2127,pivot50,2,663,,0.0019207000732421875,
pace-exact/exact036.gr,80,2127,vote,0,602,,0.008713006973266602,
pace-exact/exact036.gr,80,2127,vote,1,602,,0.00022983551025390625,
pace-exact/exact036.gr,80,2127,vote,2,602,,0.00019979476928710938,
pace-exact/exact036.gr,80,2127,louvain,0,602,,0.015462636947631836,
pace-exact/exact036.gr,80,2127,louvain,1,602,,0.0005452632904052734,
pace-exact/exact036.gr,80,2127,louvain,2,602,,0.00055694580078125,
pace-exact/exact036.gr,80,2127,leiden,0,602,,1.1258890628814697,
pace-exact/exact036.gr,80,2127,leiden,1,602,,0.011712312698364258,
pace-exact/exact036.gr,80,2127,leiden,2,602,,0.011718273162841797,
pace-exact/exact036.gr,80,2127,mfp,0,1575,,0.1065073013305664,
pace-exact/exact036.gr,80,2127,mfp,1,1698,,0.06803297996520996,
pace-exact/exact036.gr,80,2127,mfp,2,1593,,0.0617372989654541,
pace-exact/exact036.gr,80,2127,ins,0,602,,0.014346122741699219,
pace-exact/exact036.gr,80,2127,ins,1,602,,0.004603385925292969,
pace-exact/exact036.gr,80,2127,ins,2,602,,1.208965539932251,
pace-exact/exact036.gr,80,2127,flip,0,602,,0.1944272518157959,
pace-exact/exact036.gr,80,2127,flip,1,602,,0.19655370712280273,
pace-exact/exact036.gr,80,2127,flip,2,602,,0.20035386085510254,
pace-exact/exact036.gr,80,2127,certiflip,0,602,602.0,2.112157106399536,
pace-exact/exact035.gr,80,1831,kapoce,0,385,,21.901215314865112,
pace-exact/exact036.gr,80,2127,lb:greedy,0,,537.0,0.009702682495117188,
pace-exact/exact036.gr,80,2127,lb:tri-mwu,0,,601.1725352112676,0.09283328056335449,
pace-exact/exact037.gr,90,1330,pivot,0,1061,,0.0001227855682373047,
pace-exact/exact037.gr,90,1330,pivot,1,933,,8.130073547363281e-05,
pace-exact/exact037.gr,90,1330,pivot,2,1035,,5.8650970458984375e-05,
pace-exact/exact037.gr,90,1330,pivot50,0,932,,0.006186008453369141,
pace-exact/exact037.gr,90,1330,pivot50,1,860,,0.0015015602111816406,
pace-exact/exact037.gr,90,1330,pivot50,2,865,,0.005717039108276367,
pace-exact/exact037.gr,90,1330,vote,0,727,,0.0002148151397705078,
pace-exact/exact037.gr,90,1330,vote,1,727,,0.0002579689025878906,
pace-exact/exact037.gr,90,1330,vote,2,705,,0.00020647048950195312,
pace-exact/exact037.gr,90,1330,louvain,0,727,,0.00057220458984375,
pace-exact/exact037.gr,90,1330,louvain,1,727,,0.0006000995635986328,
pace-exact/exact037.gr,90,1330,louvain,2,704,,0.6943769454956055,
pace-exact/exact032.gr,80,865,certiflip,0,515,489.48065814539405,60.21675729751587,
pace-exact/exact037.gr,90,1330,leiden,1,704,,0.015428781509399414,
pace-exact/exact037.gr,90,1330,leiden,2,727,,0.0159149169921875,
pace-exact/exact037.gr,90,1330,mfp,0,1424,,0.023141145706176758,
pace-exact/exact037.gr,90,1330,mfp,1,1395,,0.026788711547851562,
pace-exact/exact037.gr,90,1330,leiden,0,705,,0.8686280250549316,
pace-exact/exact037.gr,90,1330,mfp,2,1460,,0.02700519561767578,
pace-exact/exact037.gr,90,1330,ins,0,704,,0.029793739318847656,
pace-exact/exact037.gr,90,1330,ins,1,704,,0.012144804000854492,
pace-exact/exact037.gr,90,1330,ins,2,703,,0.006983518600463867,
pace-exact/exact037.gr,90,1330,flip,0,703,,0.15423059463500977,
pace-exact/exact037.gr,90,1330,flip,1,703,,0.15675115585327148,
pace-exact/exact037.gr,90,1330,flip,2,703,,0.1505742073059082,
pace-exact/exact036.gr,80,2127,kapoce,0,602,,22.442097425460815,
pace-exact/exact037.gr,90,1330,lb:greedy,0,,529.0,0.00935673713684082,
pace-exact/exact037.gr,90,1330,lb:tri-mwu,0,,614.4507042253521,0.07478117942810059,
pace-exact/exact038.gr,90,1410,pivot,0,1178,,0.00012922286987304688,
pace-exact/exact038.gr,90,1410,pivot,1,1196,,6.079673767089844e-05,
pace-exact/exact038.gr,90,1410,pivot,2,1041,,0.00010204315185546875,
pace-exact/exact038.gr,90,1410,pivot50,0,1101,,0.0015406608581542969,
pace-exact/exact038.gr,90,1410,pivot50,1,1029,,0.001508474349975586,
pace-exact/exact038.gr,90,1410,pivot50,2,1031,,0.004453420639038086,
pace-exact/exact038.gr,90,1410,vote,0,860,,0.00020194053649902344,
pace-exact/exact038.gr,90,1410,vote,1,862,,0.0002377033233642578,
pace-exact/exact038.gr,90,1410,vote,2,870,,0.0002484321594238281,
pace-exact/exact038.gr,90,1410,louvain,0,860,,0.0006809234619140625,
pace-exact/exact038.gr,90,1410,louvain,1,861,,0.00469660758972168,
pace-exact/exact038.gr,90,1410,louvain,2,868,,0.0006749629974365234,
pace-exact/exact038.gr,90,1410,leiden,0,865,,0.9027414321899414,
pace-exact/exact038.gr,90,1410,leiden,1,860,,0.02338266372680664,
pace-exact/exact038.gr,90,1410,leiden,2,861,,0.02610492706298828,
pace-exact/exact038.gr,90,1410,mfp,0,1457,,0.07056474685668945,
pace-exact/exact038.gr,90,1410,mfp,1,1471,,0.024651765823364258,
pace-exact/exact038.gr,90,1410,mfp,2,1515,,0.02349090576171875,
pace-exact/exact038.gr,90,1410,ins,0,860,,0.04687619209289551,
pace-exact/exact038.gr,90,1410,ins,1,861,,0.014208078384399414,
pace-exact/exact038.gr,90,1410,ins,2,861,,0.013551712036132812,
pace-exact/exact038.gr,90,1410,flip,0,860,,0.2569913864135742,
pace-exact/exact038.gr,90,1410,flip,1,860,,0.2224259376525879,
pace-exact/exact038.gr,90,1410,flip,2,861,,0.22515630722045898,
pace-exact/exact037.gr,90,1330,kapoce,0,703,,21.237235069274902,
pace-exact/exact034.gr,80,1500,certiflip,0,785,756.186707802476,60.47317385673523,
pace-exact/exact038.gr,90,1410,lb:greedy,0,,599.0,0.013778209686279297,
pace-exact/exact038.gr,90,1410,lb:tri-mwu,0,,702.2740740740741,0.08350753784179688,
pace-exact/exact039.gr,90,1456,pivot,0,1212,,0.0001323223114013672,
pace-exact/exact039.gr,90,1456,pivot,1,1232,,6.437301635742188e-05,
pace-exact/exact039.gr,90,1456,pivot,2,878,,9.799003601074219e-05,
pace-exact/exact039.gr,90,1456,pivot50,0,816,,0.001493692398071289,
pace-exact/exact039.gr,90,1456,pivot50,1,865,,0.0015740394592285156,
pace-exact/exact039.gr,90,1456,pivot50,2,834,,0.0014476776123046875,
pace-exact/exact039.gr,90,1456,vote,0,665,,0.0002002716064453125,
pace-exact/exact039.gr,90,1456,vote,1,665,,0.0001819133758544922,
pace-exact/exact039.gr,90,1456,vote,2,665,,0.00017380714416503906,
pace-exact/exact039.gr,90,1456,louvain,0,665,,0.0005731582641601562,
pace-exact/exact039.gr,90,1456,louvain,1,665,,0.0005645751953125,
pace-exact/exact039.gr,90,1456,louvain,2,665,,0.0006010532379150391,
pace-exact/exact039.gr,90,1456,leiden,0,665,,0.007213592529296875,
pace-exact/exact039.gr,90,1456,leiden,1,665,,0.015118598937988281,
pace-exact/exact039.gr,90,1456,leiden,2,665,,0.0157928466796875,
pace-exact/exact039.gr,90,1456,mfp,0,1488,,0.03327798843383789,
pace-exact/exact039.gr,90,1456,mfp,1,1467,,0.8249664306640625,
pace-exact/exact039.gr,90,1456,mfp,2,1607,,0.02659749984741211,
pace-exact/exact039.gr,90,1456,ins,0,665,,0.040754079818725586,
pace-exact/exact039.gr,90,1456,ins,1,665,,0.003881692886352539,
pace-exact/exact039.gr,90,1456,ins,2,665,,0.0038390159606933594,
pace-exact/exact039.gr,90,1456,flip,0,665,,0.10839462280273438,
pace-exact/exact039.gr,90,1456,flip,1,665,,0.16163897514343262,
pace-exact/exact039.gr,90,1456,flip,2,665,,0.15469789505004883,
pace-exact/exact039.gr,90,1456,certiflip,0,665,664.9999999999977,12.31134295463562,
pace-exact/exact038.gr,90,1410,kapoce,0,860,,25.640949726104736,
pace-exact/exact039.gr,90,1456,lb:greedy,0,,530.0,0.03450655937194824,
pace-exact/exact039.gr,90,1456,lb:tri-mwu,0,,648.5352112676056,0.09625554084777832,
pace-exact/exact040.gr,90,2182,pivot,0,662,,0.007512331008911133,
pace-exact/exact040.gr,90,2182,pivot,1,942,,0.0001266002655029297,
pace-exact/exact040.gr,90,2182,pivot,2,592,,6.937980651855469e-05,
pace-exact/exact040.gr,90,2182,pivot50,0,532,,0.0015799999237060547,
pace-exact/exact040.gr,90,2182,pivot50,1,518,,0.0018122196197509766,
pace-exact/exact040.gr,90,2182,pivot50,2,545,,0.001627206802368164,
pace-exact/exact040.gr,90,2182,vote,0,492,,0.004430532455444336,
pace-exact/exact040.gr,90,2182,vote,1,492,,0.0002002716064453125,
pace-exact/exact040.gr,90,2182,vote,2,492,,0.00021123886108398438,
pace-exact/exact040.gr,90,2182,louvain,0,492,,0.007417201995849609,
pace-exact/exact040.gr,90,2182,louvain,1,492,,0.0006310939788818359,
pace-exact/exact040.gr,90,2182,louvain,2,492,,0.0005130767822265625,
pace-exact/exact040.gr,90,2182,leiden,0,492,,0.8091368675231934,
pace-exact/exact040.gr,90,2182,leiden,1,492,,0.008721113204956055,
pace-exact/exact040.gr,90,2182,leiden,2,492,,0.01639842987060547,
pace-exact/exact040.gr,90,2182,mfp,0,1536,,0.09176969528198242,
pace-exact/exact040.gr,90,2182,mfp,1,1356,,0.06549620628356934,
pace-exact/exact040.gr,90,2182,mfp,2,1021,,0.6952307224273682,
pace-exact/exact040.gr,90,2182,ins,0,492,,0.08677172660827637,
pace-exact/exact040.gr,90,2182,ins,1,492,,0.007446765899658203,
pace-exact/exact040.gr,90,2182,ins,2,492,,0.008605003356933594,
pace-exact/exact040.gr,90,2182,flip,0,492,,0.21553516387939453,
pace-exact/exact040.gr,90,2182,flip,1,492,,0.23152589797973633,
pace-exact/exact040.gr,90,2182,flip,2,492,,0.2130415439605713,
pace-exact/exact040.gr,90,2182,certiflip,0,492,491.9999999999998,1.6703004837036133,
pace-exact/exact037.gr,90,1330,certiflip,0,703,674.9999999999995,60.3539662361145,
pace-exact/exact040.gr,90,2182,lb:greedy,0,,416.0,0.010282754898071289,
pace-exact/exact040.gr,90,2182,lb:tri-mwu,0,,488.0176056338028,0.07858824729919434,
pace-exact/exact041.gr,90,2319,pivot,0,184,,0.00011777877807617188,
pace-exact/exact041.gr,90,2319,pivot,1,422,,9.608268737792969e-05,
pace-exact/exact041.gr,90,2319,pivot,2,352,,7.486343383789062e-05,
pace-exact/exact041.gr,90,2319,pivot50,0,184,,0.009867668151855469,
pace-exact/exact041.gr,90,2319,pivot50,1,184,,0.0014767646789550781,
pace-exact/exact041.gr,90,2319,pivot50,2,184,,0.001474618911743164,
pace-exact/exact041.gr,90,2319,vote,0,184,,0.0002186298370361328,
pace-exact/exact041.gr,90,2319,vote,1,184,,0.0002224445343017578,
pace-exact/exact041.gr,90,2319,vote,2,184,,0.00018906593322753906,
pace-exact/exact041.gr,90,2319,louvain,0,184,,0.0005528926849365234,
pace-exact/exact041.gr,90,2319,louvain,1,184,,0.0005407333374023438,
pace-exact/exact041.gr,90,2319,louvain,2,184,,0.0005333423614501953,
pace-exact/exact039.gr,90,1456,kapoce,0,665,,21.094232082366943,
pace-exact/exact041.gr,90,2319,leiden,1,184,,1.0052297115325928,
pace-exact/exact041.gr,90,2319,leiden,2,184,,0.012455940246582031,
pace-exact/exact041.gr,90,2319,mfp,0,520,,0.0831305980682373,
pace-exact/exact041.gr,90,2319,leiden,0,184,,0.9331226348876953,
pace-exact/exact041.gr,90,2319,mfp,1,598,,0.11960554122924805,
pace-exact/exact041.gr,90,2319,ins,0,184,,0.0021250247955322266,
pace-exact/exact041.gr,90,2319,ins,1,184,,0.003985166549682617,
pace-exact/exact041.gr,90,2319,ins,2,184,,0.004048347473144531,
pace-exact/exact041.gr,90,2319,flip,0,184,,0.06240487098693848,
pace-exact/exact041.gr,90,2319,mfp,2,297,,0.16753602027893066,
pace-exact/exact041.gr,90,2319,flip,1,184,,0.06864190101623535,
pace-exact/exact041.gr,90,2319,flip,2,184,,0.11947512626647949,
pace-exact/exact041.gr,90,2319,certiflip,0,184,184.0,0.569082498550415,
pace-exact/exact041.gr,90,2319,lb:greedy,0,,184.0,0.6662900447845459,
pace-exact/exact041.gr,90,2319,lb:tri-mwu,0,,184.0,0.05152010917663574,
pace-exact/exact042.gr,100,1563,pivot,0,1389,,0.0033071041107177734,
pace-exact/exact042.gr,100,1563,pivot,1,1565,,8.726119995117188e-05,
pace-exact/exact042.gr,100,1563,pivot,2,1338,,8.463859558105469e-05,
pace-exact/exact042.gr,100,1563,pivot50,0,1262,,0.001970529556274414,
pace-exact/exact042.gr,100,1563,pivot50,1,1312,,0.0016829967498779297,
pace-exact/exact042.gr,100,1563,pivot50,2,1296,,0.0015411376953125,
pace-exact/exact042.gr,100,1563,vote,0,1061,,0.004910707473754883,
pace-exact/exact042.gr,100,1563,vote,1,1074,,0.0003254413604736328,
pace-exact/exact042.gr,100,1563,vote,2,1057,,0.00022029876708984375,
pace-exact/exact042.gr,100,1563,louvain,0,1061,,0.007392406463623047,
pace-exact/exact042.gr,100,1563,louvain,1,1062,,0.001058816909790039,
pace-exact/exact042.gr,100,1563,louvain,2,1057,,0.0006070137023925781,
pace-exact/exact042.gr,100,1563,leiden,0,1068,,0.8090066909790039,
pace-exact/exact042.gr,100,1563,leiden,1,1061,,0.0211942195892334,
pace-exact/exact042.gr,100,1563,leiden,2,1055,,0.010459184646606445,
pace-exact/exact042.gr,100,1563,mfp,0,1674,,0.014240741729736328,
pace-exact/exact042.gr,100,1563,mfp,1,1665,,0.010759592056274414,
pace-exact/exact042.gr,100,1563,mfp,2,1993,,0.010951995849609375,
pace-exact/exact042.gr,100,1563,ins,0,1058,,0.7067446708679199,
pace-exact/exact042.gr,100,1563,ins,1,1061,,0.01064443588256836,
pace-exact/exact042.gr,100,1563,ins,2,1058,,0.014935731887817383,
pace-exact/exact042.gr,100,1563,flip,0,1055,,0.3028595447540283,
pace-exact/exact042.gr,100,1563,flip,1,1055,,0.24146366119384766,
pace-exact/exact042.gr,100,1563,flip,2,1058,,0.25020861625671387,
pace-exact/exact040.gr,90,2182,kapoce,0,492,,24.349411964416504,
pace-exact/exact038.gr,90,1410,certiflip,0,860,750.9999999999982,64.24467468261719,
pace-exact/exact042.gr,100,1563,lb:greedy,0,,713.0,0.0055196285247802734,
pace-exact/exact042.gr,100,1563,lb:tri-mwu,0,,778.8074074074074,0.06890606880187988,
pace-exact/exact043.gr,100,1624,pivot,0,1678,,0.00013136863708496094,
pace-exact/exact043.gr,100,1624,pivot,1,1363,,7.009506225585938e-05,
pace-exact/exact043.gr,100,1624,pivot,2,1424,,6.699562072753906e-05,
pace-exact/exact043.gr,100,1624,pivot50,0,1182,,0.0015392303466796875,
pace-exact/exact043.gr,100,1624,pivot50,1,1194,,0.0015146732330322266,
pace-exact/exact043.gr,100,1624,pivot50,2,1240,,0.6736066341400146,
pace-exact/exact043.gr,100,1624,vote,0,997,,0.008833169937133789,
pace-exact/exact043.gr,100,1624,vote,1,984,,0.00025272369384765625,
pace-exact/exact043.gr,100,1624,vote,2,984,,0.00025963783264160156,
pace-exact/exact043.gr,100,1624,louvain,0,989,,0.007689476013183594,
pace-exact/exact043.gr,100,1624,louvain,1,984,,0.0006959438323974609,
pace-exact/exact043.gr,100,1624,louvain,2,984,,0.0007236003875732422,
pace-exact/exact043.gr,100,1624,leiden,0,991,,0.8303802013397217,
pace-exact/exact043.gr,100,1624,leiden,1,984,,0.016049623489379883,
pace-exact/exact043.gr,100,1624,leiden,2,989,,0.011552572250366211,
pace-exact/exact043.gr,100,1624,mfp,0,1745,,0.05396723747253418,
pace-exact/exact043.gr,100,1624,mfp,1,1733,,0.016861438751220703,
pace-exact/exact043.gr,100,1624,mfp,2,1853,,0.02404332160949707,
pace-exact/exact043.gr,100,1624,ins,0,987,,0.018826961517333984,
pace-exact/exact043.gr,100,1624,ins,1,987,,0.005525112152099609,
pace-exact/exact043.gr,100,1624,ins,2,984,,0.008553743362426758,
pace-exact/exact043.gr,100,1624,flip,0,984,,0.1799914836883545,
pace-exact/exact043.gr,100,1624,flip,1,984,,0.19520783424377441,
pace-exact/exact043.gr,100,1624,flip,2,984,,0.2094109058380127,
pace-exact/exact041.gr,90,2319,kapoce,0,184,,24.920374393463135,
pace-exact/exact042.gr,100,1563,kapoce,0,1055,,28.64660906791687,
pace-exact/exact043.gr,100,1624,lb:greedy,0,,731.0,0.013804912567138672,
pace-exact/exact043.gr,100,1624,lb:tri-mwu,0,,809.3518518518518,0.12016177177429199,
pace-exact/exact044.gr,100,1829,pivot,0,1080,,0.00013756752014160156,
pace-exact/exact044.gr,100,1829,pivot,1,1282,,9.5367431640625e-05,
pace-exact/exact044.gr,100,1829,pivot,2,1329,,0.00010514259338378906,
pace-exact/exact044.gr,100,1829,pivot50,0,1080,,0.0031905174255371094,
pace-exact/exact044.gr,100,1829,pivot50,1,1131,,0.001569509506225586,
pace-exact/exact044.gr,100,1829,pivot50,2,1159,,0.0016856193542480469,
pace-exact/exact044.gr,100,1829,vote,0,905,,0.0002315044403076172,
pace-exact/exact044.gr,100,1829,vote,1,909,,0.00018978118896484375,
pace-exact/exact044.gr,100,1829,vote,2,905,,0.6690387725830078,
pace-exact/exact044.gr,100,1829,louvain,0,905,,0.013343334197998047,
pace-exact/exact044.gr,100,1829,louvain,1,909,,0.0014333724975585938,
pace-exact/exact044.gr,100,1829,louvain,2,905,,0.0006585121154785156,
pace-exact/exact044.gr,100,1829,leiden,0,905,,0.8189682960510254,
pace-exact/exact044.gr,100,1829,leiden,1,909,,0.008564949035644531,
pace-exact/exact044.gr,100,1829,leiden,2,905,,0.007741689682006836,
pace-exact/exact044.gr,100,1829,mfp,0,1741,,0.05051708221435547,
pace-exact/exact044.gr,100,1829,mfp,1,1960,,0.02072286605834961,
pace-exact/exact044.gr,100,1829,mfp,2,1842,,0.016515731811523438,
pace-exact/exact044.gr,100,1829,ins,0,905,,0.010185718536376953,
pace-exact/exact044.gr,100,1829,ins,1,905,,0.005307674407958984,
pace-exact/exact044.gr,100,1829,ins,2,905,,0.005421638488769531,
pace-exact/exact044.gr,100,1829,flip,0,905,,0.1867208480834961,
pace-exact/exact044.gr,100,1829,flip,1,905,,0.21555709838867188,
pace-exact/exact044.gr,100,1829,flip,2,905,,0.21889019012451172,
pace-exact/exact043.gr,100,1624,kapoce,0,984,,26.501977920532227,
pace-exact/exact042.gr,100,1563,certiflip,0,1055,844.8437900352264,63.031617403030396,
pace-exact/exact044.gr,100,1829,lb:greedy,0,,731.0,0.0055506229400634766,
pace-exact/exact044.gr,100,1829,lb:tri-mwu,0,,861.6418439716313,0.11961245536804199,
pace-exact/exact045.gr,100,1981,pivot,0,1408,,0.00012922286987304688,
pace-exact/exact045.gr,100,1981,pivot,1,1814,,9.679794311523438e-05,
pace-exact/exact045.gr,100,1981,pivot,2,1546,,8.654594421386719e-05,
pace-exact/exact045.gr,100,1981,pivot50,0,1261,,0.00574183464050293,
pace-exact/exact045.gr,100,1981,pivot50,1,1240,,0.005692005157470703,
pace-exact/exact045.gr,100,1981,pivot50,2,1318,,0.005766630172729492,
pace-exact/exact045.gr,100,1981,vote,0,1098,,0.00028228759765625,
pace-exact/exact045.gr,100,1981,vote,1,1103,,0.008364439010620117,
pace-exact/exact045.gr,100,1981,vote,2,1085,,0.0002617835998535156,
pace-exact/exact045.gr,100,1981,louvain,0,1085,,0.0007696151733398438,
pace-exact/exact045.gr,100,1981,louvain,1,1103,,0.0006468296051025391,
pace-exact/exact045.gr,100,1981,louvain,2,1085,,0.9934585094451904,
pace-exact/exact045.gr,100,1981,leiden,0,1085,,1.477907419204712,
pace-exact/exact045.gr,100,1981,leiden,1,1085,,0.045789480209350586,
pace-exact/exact045.gr,100,1981,leiden,2,1085,,0.04219388961791992,
pace-exact/exact045.gr,100,1981,mfp,0,2029,,0.17762374877929688,
pace-exact/exact045.gr,100,1981,mfp,1,2001,,0.06137371063232422,
pace-exact/exact045.gr,100,1981,mfp,2,2103,,0.033490896224975586,
pace-exact/exact045.gr,100,1981,ins,0,1085,,0.02523970603942871,
pace-exact/exact045.gr,100,1981,ins,1,1085,,0.007321596145629883,
pace-exact/exact045.gr,100,1981,ins,2,1085,,0.007400989532470703,
pace-exact/exact045.gr,100,1981,flip,0,1085,,0.4051384925842285,
pace-exact/exact045.gr,100,1981,flip,1,1085,,0.3909871578216553,
pace-exact/exact045.gr,100,1981,flip,2,1085,,0.29218077659606934,
pace-exact/exact044.gr,100,1829,certiflip,0,905,899.4999999999991,32.813236474990845,
pace-exact/exact044.gr,100,1829,kapoce,0,905,,29.405481100082397,
pace-exact/exact045.gr,100,1981,lb:greedy,0,,813.0,0.009805917739868164,
pace-exact/exact045.gr,100,1981,lb:tri-mwu,0,,972.6496350364963,0.1408095359802246,
pace-exact/exact046.gr,100,2423,pivot,0,1189,,0.00011944770812988281,
pace-exact/exact046.gr,100,2423,pivot,1,1694,,9.703636169433594e-05,
pace-exact/exact046.gr,100,2423,pivot,2,1402,,8.320808410644531e-05,
pace-exact/exact046.gr,100,2423,pivot50,0,939,,0.005736112594604492,
pace-exact/exact046.gr,100,2423,pivot50,1,943,,0.009668588638305664,
pace-exact/exact046.gr,100,2423,pivot50,2,967,,0.005816221237182617,
pace-exact/exact046.gr,100,2423,vote,0,814,,0.0002243518829345703,
pace-exact/exact046.gr,100,2423,vote,1,814,,0.00022935867309570312,
pace-exact/exact046.gr,100,2423,vote,2,814,,0.00022101402282714844,
pace-exact/exact046.gr,100,2423,louvain,0,814,,0.0006809234619140625,
pace-exact/exact046.gr,100,2423,louvain,1,814,,0.0047550201416015625,
pace-exact/exact046.gr,100,2423,louvain,2,814,,0.0007975101470947266,
pace-exact/exact046.gr,100,2423,leiden,0,814,,1.0300202369689941,
pace-exact/exact046.gr,100,2423,leiden,1,814,,0.021861791610717773,
pace-exact/exact046.gr,100,2423,leiden,2,814,,0.013087272644042969,
pace-exact/exact046.gr,100,2423,mfp,0,1810,,0.16811537742614746,
pace-exact/exact046.gr,100,2423,mfp,1,2087,,0.13220715522766113,
pace-exact/exact046.gr,100,2423,mfp,2,2040,,0.10482597351074219,
pace-exact/exact046.gr,100,2423,ins,0,814,,0.06870651245117188,
pace-exact/exact046.gr,100,2423,ins,1,814,,0.01897597312927246,
pace-exact/exact046.gr,100,2423,ins,2,814,,0.018878459930419922,
pace-exact/exact046.gr,100,2423,flip,0,814,,0.3493669033050537,
pace-exact/exact046.gr,100,2423,flip,1,814,,0.3475077152252197,
pace-exact/exact046.gr,100,2423,flip,2,814,,0.33895206451416016,
pace-exact/exact043.gr,100,1624,certiflip,0,984,856.9020578286754,69.3273377418518,
pace-exact/exact046.gr,100,2423,certiflip,0,814,813.9999999999995,10.943050384521484,
pace-exact/exact046.gr,100,2423,lb:greedy,0,,722.0,0.014160633087158203,
pace-exact/exact046.gr,100,2423,lb:tri-mwu,0,,810.2922535211268,0.15898704528808594,
pace-exact/exact047.gr,100,3274,pivot,0,1320,,0.0001289844512939453,
pace-exact/exact047.gr,100,3274,pivot,1,994,,8.678436279296875e-05,
pace-exact/exact047.gr,100,3274,pivot,2,817,,7.271766662597656e-05,
pace-exact/exact047.gr,100,3274,pivot50,0,800,,0.0017058849334716797,
pace-exact/exact047.gr,100,3274,pivot50,1,823,,0.0017571449279785156,
pace-exact/exact047.gr,100,3274,pivot50,2,756,,0.8350582122802734,
pace-exact/exact047.gr,100,3274,vote,0,749,,0.012530088424682617,
pace-exact/exact047.gr,100,3274,vote,1,749,,0.0002338886260986328,
pace-exact/exact047.gr,100,3274,vote,2,749,,0.000232696533203125,
pace-exact/exact047.gr,100,3274,louvain,0,749,,0.015508651733398438,
pace-exact/exact047.gr,100,3274,louvain,1,749,,0.0006854534149169922,
pace-exact/exact047.gr,100,3274,louvain,2,749,,0.0006682872772216797,
pace-exact/exact047.gr,100,3274,leiden,0,749,,1.223158359527588,
pace-exact/exact047.gr,100,3274,leiden,1,749,,0.032669782638549805,
pace-exact/exact047.gr,100,3274,leiden,2,749,,0.02491140365600586,
pace-exact/exact047.gr,100,3274,mfp,0,2098,,0.2358694076538086,
pace-exact/exact047.gr,100,3274,mfp,1,2488,,0.21349048614501953,
pace-exact/exact047.gr,100,3274,mfp,2,2488,,0.18172550201416016,
pace-exact/exact047.gr,100,3274,ins,0,749,,0.04607510566711426,
pace-exact/exact047.gr,100,3274,ins,1,749,,0.02451610565185547,
pace-exact/exact047.gr,100,3274,ins,2,749,,0.017148494720458984,
pace-exact/exact047.gr,100,3274,flip,0,749,,0.4520449638366699,
pace-exact/exact047.gr,100,3274,flip,1,749,,0.3729429244995117,
pace-exact/exact047.gr,100,3274,flip,2,749,,0.4187283515930176,
pace-exact/exact047.gr,100,3274,certiflip,0,749,748.9999999999977,6.506829738616943,
pace-exact/exact045.gr,100,1981,kapoce,0,1085,,37.11001706123352,
pace-exact/exact047.gr,100,3274,lb:greedy,0,,703.0,0.023901939392089844,
pace-exact/exact047.gr,100,3274,lb:tri-mwu,0,,747.4859154929577,0.20885276794433594,
pace-exact/exact048.gr,113,881,pivot,0,633,,0.7749555110931396,
pace-exact/exact048.gr,113,881,pivot,1,709,,0.00011491775512695312,
pace-exact/exact048.gr,113,881,pivot,2,796,,8.082389831542969e-05,
pace-exact/exact048.gr,113,881,pivot50,0,511,,0.0017666816711425781,
pace-exact/exact048.gr,113,881,pivot50,1,551,,0.0015621185302734375,
pace-exact/exact048.gr,113,881,pivot50,2,543,,0.006057024002075195,
pace-exact/exact048.gr,113,881,vote,0,438,,0.012591838836669922,
pace-exact/exact048.gr,113,881,vote,1,444,,0.0002033710479736328,
pace-exact/exact048.gr,113,881,vote,2,443,,0.00017189979553222656,
pace-exact/exact048.gr,113,881,louvain,0,438,,0.011859893798828125,
pace-exact/exact048.gr,113,881,louvain,1,439,,0.0005657672882080078,
pace-exact/exact048.gr,113,881,louvain,2,438,,0.0007441043853759766,
pace-exact/exact048.gr,113,881,leiden,0,438,,0.9229724407196045,
pace-exact/exact048.gr,113,881,leiden,1,439,,0.01810002326965332,
pace-exact/exact048.gr,113,881,leiden,2,437,,0.010500907897949219,
pace-exact/exact048.gr,113,881,mfp,0,894,,0.04537630081176758,
pace-exact/exact048.gr,113,881,mfp,1,890,,0.010571002960205078,
pace-exact/exact048.gr,113,881,mfp,2,912,,0.010589599609375,
pace-exact/exact048.gr,113,881,ins,0,438,,0.016648054122924805,
pace-exact/exact048.gr,113,881,ins,1,438,,0.0156252384185791,
pace-exact/exact048.gr,113,881,ins,2,438,,0.6750478744506836,
pace-exact/exact048.gr,113,881,flip,0,437,,0.1488485336303711,
pace-exact/exact048.gr,113,881,flip,1,437,,0.2182772159576416,
pace-exact/exact048.gr,113,881,flip,2,437,,0.1929152011871338,
pace-exact/exact046.gr,100,2423,kapoce,0,814,,34.81070423126221,
pace-exact/exact045.gr,100,1981,certiflip,0,1085,979.3469276173873,63.9628427028656,
pace-exact/exact048.gr,113,881,lb:greedy,0,,336.0,0.009105443954467773,
pace-exact/exact048.gr,113,881,lb:tri-mwu,0,,377.53169014084506,0.047688961029052734,
pace-exact/exact049.gr,113,1896,pivot,0,1657,,0.00012159347534179688,
pace-exact/exact049.gr,113,1896,pivot,1,1919,,9.202957153320312e-05,
pace-exact/exact049.gr,113,1896,pivot,2,1916,,6.222724914550781e-05,
pace-exact/exact049.gr,113,1896,pivot50,0,1046,,0.001705169677734375,
pace-exact/exact049.gr,113,1896,pivot50,1,1022,,0.7326295375823975,
pace-exact/exact049.gr,113,1896,pivot50,2,991,,0.0017769336700439453,
pace-exact/exact049.gr,113,1896,vote,0,854,,0.008881807327270508,
pace-exact/exact049.gr,113,1896,vote,1,854,,0.0002925395965576172,
pace-exact/exact049.gr,113,1896,vote,2,854,,0.0002315044403076172,
pace-exact/exact049.gr,113,1896,louvain,0,854,,0.0076024532318115234,
pace-exact/exact049.gr,113,1896,louvain,1,854,,0.0007171630859375,
pace-exact/exact049.gr,113,1896,louvain,2,854,,0.0006618499755859375,
pace-exact/exact049.gr,113,1896,leiden,0,854,,1.2587122917175293,
pace-exact/exact049.gr,113,1896,leiden,1,854,,0.03420448303222656,
pace-exact/exact049.gr,113,1896,leiden,2,854,,0.039063215255737305,
pace-exact/exact049.gr,113,1896,mfp,0,2403,,0.15314793586730957,
pace-exact/exact049.gr,113,1896,mfp,1,1970,,0.07732009887695312,
pace-exact/exact049.gr,113,1896,mfp,2,1677,,0.05312180519104004,
pace-exact/exact049.gr,113,1896,ins,0,854,,0.022610187530517578,
pace-exact/exact049.gr,113,1896,ins,1,854,,0.01296687126159668,
pace-exact/exact049.gr,113,1896,ins,2,854,,0.00874948501586914,
pace-exact/exact049.gr,113,1896,flip,0,854,,0.3354952335357666,
pace-exact/exact049.gr,113,1896,flip,1,854,,0.39757323265075684,
pace-exact/exact049.gr,113,1896,flip,2,854,,0.31120729446411133,
pace-exact/exact047.gr,100,3274,kapoce,0,749,,37.35397791862488,
pace-exact/exact048.gr,113,881,certiflip,0,437,433.56739519086545,31.101459741592407,
pace-exact/exact049.gr,113,1896,lb:greedy,0,,720.0,0.018491506576538086,
pace-exact/exact049.gr,113,1896,lb:tri-mwu,0,,832.4718309859155,0.12334322929382324,
pace-exact/exact050.gr,113,3848,pivot,0,2566,,0.0001323223114013672,
pace-exact/exact050.gr,113,3848,pivot,1,2140,,8.988380432128906e-05,
pace-exact/exact050.gr,113,3848,pivot,2,1711,,7.915496826171875e-05,
pace-exact/exact050.gr,113,3848,pivot50,0,1671,,0.002094745635986328,
pace-exact/exact050.gr,113,3848,pivot50,1,1652,,0.010097742080688477,
pace-exact/exact050.gr,113,3848,pivot50,2,1615,,0.0020051002502441406,
pace-exact/exact050.gr,113,3848,vote,0,1440,,0.0003001689910888672,
pace-exact/exact050.gr,113,3848,vote,1,1440,,0.0003306865692138672,
pace-exact/exact050.gr,113,3848,vote,2,1440,,0.0003154277801513672,
pace-exact/exact050.gr,113,3848,louvain,0,1440,,0.005364894866943359,
pace-exact/exact050.gr,113,3848,louvain,1,1440,,0.0008242130279541016,
pace-exact/exact050.gr,113,3848,louvain,2,1440,,0.0007817745208740234,
pace-exact/exact050.gr,113,3848,leiden,0,1440,,1.2816684246063232,
pace-exact/exact050.gr,113,3848,leiden,1,1440,,1.2464971542358398,
pace-exact/exact050.gr,113,3848,leiden,2,1440,,0.03350234031677246,
pace-exact/exact050.gr,113,3848,mfp,0,3489,,0.3391585350036621,
pace-exact/exact050.gr,113,3848,mfp,1,3592,,0.19447898864746094,
pace-exact/exact050.gr,113,3848,mfp,2,3388,,0.23532676696777344,
pace-exact/exact050.gr,113,3848,ins,0,1440,,0.08507919311523438,
pace-exact/exact050.gr,113,3848,ins,1,1440,,0.04701805114746094,
pace-exact/exact050.gr,113,3848,ins,2,1440,,0.04488968849182129,
pace-exact/exact050.gr,113,3848,flip,0,1440,,1.0078060626983643,
pace-exact/exact050.gr,113,3848,flip,1,1440,,0.8365762233734131,
pace-exact/exact048.gr,113,881,kapoce,0,437,,28.672431468963623,
pace-exact/exact050.gr,113,3848,flip,2,1440,,0.8630256652832031,
pace-exact/exact049.gr,113,1896,certiflip,0,854,853.9999999999991,30.675863027572632,
pace-exact/exact050.gr,113,3848,lb:greedy,0,,1091.0,0.05505490303039551,
pace-exact/exact050.gr,113,3848,lb:tri-mwu,0,,1420.2042253521126,0.3740863800048828,
pace-exact/exact051.gr,120,2251,pivot,0,2165,,0.0001652240753173828,
pace-exact/exact051.gr,120,2251,pivot,1,2192,,7.152557373046875e-05,
pace-exact/exact051.gr,120,2251,pivot,2,2216,,0.00010204315185546875,
pace-exact/exact051.gr,120,2251,pivot50,0,1922,,0.005923271179199219,
pace-exact/exact051.gr,120,2251,pivot50,1,1938,,0.001791238784790039,
pace-exact/exact051.gr,120,2251,pivot50,2,2001,,0.001796722412109375,
pace-exact/exact051.gr,120,2251,vote,0,1631,,0.00031948089599609375,
pace-exact/exact051.gr,120,2251,vote,1,1634,,0.0003235340118408203,
pace-exact/exact051.gr,120,2251,vote,2,1644,,0.0002796649932861328,
pace-exact/exact051.gr,120,2251,louvain,0,1631,,0.0008211135864257812,
pace-exact/exact051.gr,120,2251,louvain,1,1634,,0.0007665157318115234,
pace-exact/exact051.gr,120,2251,louvain,2,1642,,0.0008568763732910156,
pace-exact/exact051.gr,120,2251,leiden,0,1625,,1.033642053604126,
pace-exact/exact051.gr,120,2251,leiden,1,1623,,0.027494192123413086,
pace-exact/exact051.gr,120,2251,leiden,2,1624,,0.02420663833618164,
pace-exact/exact051.gr,120,2251,mfp,0,2471,,0.0337064266204834,
pace-exact/exact051.gr,120,2251,mfp,1,2408,,0.03537106513977051,
pace-exact/exact051.gr,120,2251,mfp,2,2410,,1.088921070098877,
pace-exact/exact051.gr,120,2251,ins,0,1628,,0.09280014038085938,
pace-exact/exact051.gr,120,2251,ins,1,1621,,0.02761077880859375,
pace-exact/exact051.gr,120,2251,ins,2,1622,,0.011548995971679688,
pace-exact/exact051.gr,120,2251,flip,0,1622,,0.5585083961486816,
pace-exact/exact051.gr,120,2251,flip,1,1619,,0.4802126884460449,
pace-exact/exact051.gr,120,2251,flip,2,1622,,0.6124346256256104,
pace-exact/exact049.gr,113,1896,kapoce,0,854,,54.59126663208008,
pace-exact/exact050.gr,113,3848,certiflip,0,1440,1413.2111924530661,60.21109366416931,
pace-exact/exact051.gr,120,2251,lb:greedy,0,,1005.0,0.018270492553710938,
pace-exact/exact051.gr,120,2251,lb:tri-mwu,0,,1121.737037037037,0.24838471412658691,
pace-exact/exact052.gr,120,2448,pivot,0,2296,,0.0001475811004638672,
pace-exact/exact052.gr,120,2448,pivot,1,2353,,9.1552734375e-05,
pace-exact/exact052.gr,120,2448,pivot,2,2172,,7.843971252441406e-05,
pace-exact/exact052.gr,120,2448,pivot50,0,1723,,0.0017840862274169922,
pace-exact/exact052.gr,120,2448,pivot50,1,1741,,0.00176239013671875,
pace-exact/exact052.gr,120,2448,pivot50,2,1849,,0.0019130706787109375,
pace-exact/exact052.gr,120,2448,vote,0,1489,,0.0002694129943847656,
pace-exact/exact052.gr,120,2448,vote,1,1510,,0.0002918243408203125,
pace-exact/exact052.gr,120,2448,vote,2,1473,,0.0002665519714355469,
pace-exact/exact052.gr,120,2448,louvain,0,1488,,0.000774383544921875,
pace-exact/exact052.gr,120,2448,louvain,1,1490,,0.0010221004486083984,
pace-exact/exact052.gr,120,2448,louvain,2,1473,,0.0007145404815673828,
pace-exact/exact050.gr,113,3848,kapoce,0,1440,,60.11769437789917,
pace-exact/exact052.gr,120,2448,leiden,1,1483,,0.04489779472351074,
pace-exact/exact052.gr,120,2448,leiden,2,1485,,0.036271095275878906,
pace-exact/exact052.gr,120,2448,mfp,0,2779,,0.08098483085632324,
pace-exact/exact052.gr,120,2448,mfp,1,2677,,0.0729207992553711,
pace-exact/exact052.gr,120,2448,mfp,2,2513,,0.08132815361022949,
pace-exact/exact052.gr,120,2448,ins,0,1483,,0.027616262435913086,
pace-exact/exact052.gr,120,2448,ins,1,1490,,0.023440122604370117,
pace-exact/exact052.gr,120,2448,ins,2,1478,,0.02388167381286621,
pace-exact/exact052.gr,120,2448,leiden,0,1517,,0.9735736846923828,
pace-exact/exact052.gr,120,2448,flip,1,1474,,0.6612558364868164,
pace-exact/exact052.gr,120,2448,flip,2,1474,,0.5819897651672363,
pace-exact/exact052.gr,120,2448,flip,0,1478,,1.4396305084228516,
pace-exact/exact051.gr,120,2251,certiflip,0,1619,1131.4624997379028,62.389897108078,
pace-exact/exact052.gr,120,2448,lb:greedy,0,,1020.0,0.010565519332885742,
pace-exact/exact052.gr,120,2448,lb:tri-mwu,0,,1159.73851590106,0.14427828788757324,
pace-exact/exact053.gr,120,2588,pivot,0,2033,,0.0001671314239501953,
pace-exact/exact053.gr,120,2588,pivot,1,2364,,8.606910705566406e-05,
pace-exact/exact053.gr,120,2588,pivot,2,2524,,8.749961853027344e-05,
pace-exact/exact053.gr,120,2588,pivot50,0,1837,,0.005881309509277344,
pace-exact/exact053.gr,120,2588,pivot50,1,1822,,0.005880117416381836,
pace-exact/exact053.gr,120,2588,pivot50,2,1741,,0.005923032760620117,
pace-exact/exact053.gr,120,2588,vote,0,1483,,0.0003504753112792969,
pace-exact/exact053.gr,120,2588,vote,1,1502,,0.00033783912658691406,
pace-exact/exact053.gr,120,2588,vote,2,1483,,0.00031685829162597656,
pace-exact/exact053.gr,120,2588,louvain,0,1481,,0.0008168220520019531,
pace-exact/exact053.gr,120,2588,louvain,1,1500,,0.7143254280090332,
pace-exact/exact053.gr,120,2588,louvain,2,1481,,0.0009284019470214844,
pace-exact/exact053.gr,120,2588,leiden,0,1481,,0.8798260688781738,
pace-exact/exact053.gr,120,2588,leiden,1,1491,,0.030757427215576172,
pace-exact/exact053.gr,120,2588,leiden,2,1518,,0.019773244857788086,
pace-exact/exact053.gr,120,2588,mfp,0,2657,,0.10069417953491211,
pace-exact/exact053.gr,120,2588,mfp,1,2689,,0.055683135986328125,
pace-exact/exact053.gr,120,2588,mfp,2,2572,,0.055928707122802734,
pace-exact/exact053.gr,120,2588,ins,0,1481,,0.028452634811401367,
pace-exact/exact053.gr,120,2588,ins,1,1481,,0.019609689712524414,
pace-exact/exact053.gr,120,2588,ins,2,1514,,0.022886991500854492,
pace-exact/exact053.gr,120,2588,flip,0,1481,,0.39527082443237305,
pace-exact/exact053.gr,120,2588,flip,1,1481,,0.44425487518310547,
pace-exact/exact053.gr,120,2588,flip,2,1481,,0.4102027416229248,
pace-exact/exact051.gr,120,2251,kapoce,0,1619,,47.88483238220215,
pace-exact/exact052.gr,120,2448,kapoce,0,1473,,34.764180183410645,
pace-exact/exact053.gr,120,2588,lb:greedy,0,,1039.0,0.03884100914001465,
pace-exact/exact053.gr,120,2588,lb:tri-mwu,0,,1290.2703703703703,0.15422964096069336,
pace-exact/exact054.gr,120,2899,pivot,0,2054,,0.003818035125732422,
pace-exact/exact054.gr,120,2899,pivot,1,2107,,9.393692016601562e-05,
pace-exact/exact054.gr,120,2899,pivot,2,2102,,9.441375732421875e-05,
pace-exact/exact054.gr,120,2899,pivot50,0,1618,,0.0017974376678466797,
pace-exact/exact054.gr,120,2899,pivot50,1,1579,,0.0016679763793945312,
pace-exact/exact054.gr,120,2899,pivot50,2,1631,,0.001680135726928711,
pace-exact/exact054.gr,120,2899,vote,0,1447,,0.0044422149658203125,
pace-exact/exact054.gr,120,2899,vote,1,1442,,0.0002624988555908203,
pace-exact/exact054.gr,120,2899,vote,2,1372,,0.00025343894958496094,
pace-exact/exact054.gr,120,2899,louvain,0,1447,,0.007076263427734375,
pace-exact/exact054.gr,120,2899,louvain,1,1442,,0.0007123947143554688,
pace-exact/exact054.gr,120,2899,louvain,2,1372,,0.0007154941558837891,
pace-exact/exact054.gr,120,2899,leiden,0,1442,,0.8311963081359863,
pace-exact/exact054.gr,120,2899,leiden,1,1372,,0.02385568618774414,
pace-exact/exact054.gr,120,2899,leiden,2,1442,,0.024513959884643555,
pace-exact/exact054.gr,120,2899,mfp,0,2613,,0.08361625671386719,
pace-exact/exact054.gr,120,2899,mfp,1,2672,,0.09334993362426758,
pace-exact/exact054.gr,120,2899,mfp,2,2987,,0.7936437129974365,
pace-exact/exact054.gr,120,2899,ins,0,1372,,0.050098419189453125,
pace-exact/exact054.gr,120,2899,ins,1,1448,,0.018380403518676758,
pace-exact/exact054.gr,120,2899,ins,2,1372,,0.010101318359375,
pace-exact/exact054.gr,120,2899,flip,0,1372,,0.4129059314727783,
pace-exact/exact054.gr,120,2899,flip,1,1372,,0.3530550003051758,
pace-exact/exact054.gr,120,2899,flip,2,1372,,0.3479440212249756,
pace-exact/exact052.gr,120,2448,certiflip,0,1474,1217.9999999999977,60.75397753715515,
pace-exact/exact053.gr,120,2588,kapoce,0,1481,,37.04444479942322,
pace-exact/exact054.gr,120,2899,lb:greedy,0,,1062.0,0.04193449020385742,
pace-exact/exact054.gr,120,2899,lb:tri-mwu,0,,1323.8767605633802,0.17420268058776855,
pace-exact/exact055.gr,120,3723,pivot,0,1622,,0.00781393051147461,
pace-exact/exact055.gr,120,3723,pivot,1,2446,,0.00011324882507324219,
pace-exact/exact055.gr,120,3723,pivot,2,2042,,0.00010442733764648438,
pace-exact/exact055.gr,120,3723,pivot50,0,1586,,0.006332874298095703,
pace-exact/exact055.gr,120,3723,pivot50,1,1556,,0.0017919540405273438,
pace-exact/exact055.gr,120,3723,pivot50,2,1614,,0.0018277168273925781,
pace-exact/exact055.gr,120,3723,vote,0,1438,,0.012884140014648438,
pace-exact/exact055.gr,120,3723,vote,1,1438,,0.012332916259765625,
pace-exact/exact055.gr,120,3723,vote,2,1410,,0.00030875205993652344,
pace-exact/exact055.gr,120,3723,louvain,0,1438,,0.0157163143157959,
pace-exact/exact055.gr,120,3723,louvain,1,1438,,0.004885435104370117,
pace-exact/exact055.gr,120,3723,louvain,2,1410,,0.005021810531616211,
pace-exact/exact055.gr,120,3723,leiden,0,1410,,0.9417309761047363,
pace-exact/exact055.gr,120,3723,leiden,1,1410,,0.03776288032531738,
pace-exact/exact055.gr,120,3723,leiden,2,1438,,0.9872632026672363,
pace-exact/exact055.gr,120,3723,mfp,0,2869,,0.2211899757385254,
pace-exact/exact055.gr,120,3723,mfp,1,3180,,0.18626165390014648,
pace-exact/exact055.gr,120,3723,mfp,2,2802,,0.1471095085144043,
pace-exact/exact055.gr,120,3723,ins,0,1410,,0.05573916435241699,
pace-exact/exact055.gr,120,3723,ins,1,1410,,0.015709638595581055,
pace-exact/exact055.gr,120,3723,ins,2,1410,,0.01207280158996582,
pace-exact/exact055.gr,120,3723,flip,0,1410,,0.5213923454284668,
pace-exact/exact055.gr,120,3723,flip,1,1410,,0.5065622329711914,
pace-exact/exact055.gr,120,3723,flip,2,1410,,0.5184762477874756,
pace-exact/exact053.gr,120,2588,certiflip,0,1481,1289.5800385263428,61.95197510719299,
pace-exact/exact054.gr,120,2899,kapoce,0,1372,,36.29122734069824,
pace-exact/exact055.gr,120,3723,lb:greedy,0,,1215.0,0.020727872848510742,
pace-exact/exact055.gr,120,3723,lb:tri-mwu,0,,1374.9612676056338,0.2332468032836914,
pace-exact/exact056.gr,120,4877,pivot,0,2376,,0.00015497207641601562,
pace-exact/exact056.gr,120,4877,pivot,1,2562,,9.417533874511719e-05,
pace-exact/exact056.gr,120,4877,pivot,2,2869,,8.940696716308594e-05,
pace-exact/exact056.gr,120,4877,pivot50,0,729,,0.00196075439453125,
pace-exact/exact056.gr,120,4877,pivot50,1,754,,0.0022268295288085938,
pace-exact/exact056.gr,120,4877,pivot50,2,729,,0.0019404888153076172,
pace-exact/exact056.gr,120,4877,vote,0,721,,0.0003056526184082031,
pace-exact/exact056.gr,120,4877,vote,1,721,,0.0003097057342529297,
pace-exact/exact056.gr,120,4877,vote,2,721,,0.0003445148468017578,
pace-exact/exact056.gr,120,4877,louvain,0,721,,0.001352071762084961,
pace-exact/exact056.gr,120,4877,louvain,1,721,,0.00543212890625,
pace-exact/exact056.gr,120,4877,louvain,2,721,,0.005411624908447266,
pace-exact/exact054.gr,120,2899,certiflip,0,1372,1331.7534895537806,60.07220149040222,
pace-exact/exact056.gr,120,4877,leiden,0,721,,0.9705910682678223,
pace-exact/exact056.gr,120,4877,leiden,2,721,,0.03262901306152344,
pace-exact/exact056.gr,120,4877,mfp,0,2053,,0.36652636528015137,
pace-exact/exact056.gr,120,4877,leiden,1,721,,0.9187850952148438,
pace-exact/exact056.gr,120,4877,mfp,2,2708,,0.36696457862854004,
pace-exact/exact056.gr,120,4877,ins,0,721,,0.025449514389038086,
pace-exact/exact056.gr,120,4877,ins,1,721,,0.021796703338623047,
pace-exact/exact056.gr,120,4877,ins,2,721,,0.018091678619384766,
pace-exact/exact056.gr,120,4877,mfp,1,2110,,1.1756000518798828,
pace-exact/exact056.gr,120,4877,flip,0,721,,0.41559886932373047,
pace-exact/exact056.gr,120,4877,flip,2,721,,0.5179882049560547,
pace-exact/exact056.gr,120,4877,flip,1,721,,0.6656467914581299,
pace-exact/exact056.gr,120,4877,certiflip,0,721,721.0,3.0329434871673584,
pace-exact/exact056.gr,120,4877,lb:greedy,0,,645.0,0.031010150909423828,
pace-exact/exact056.gr,120,4877,lb:tri-mwu,0,,715.9788732394367,0.21870899200439453,
pace-exact/exact057.gr,121,486,pivot,0,141,,0.0001552104949951172,
pace-exact/exact057.gr,121,486,pivot,1,146,,5.316734313964844e-05,
pace-exact/exact057.gr,121,486,pivot,2,254,,0.6610853672027588,
pace-exact/exact057.gr,121,486,pivot50,0,126,,0.0019025802612304688,
pace-exact/exact057.gr,121,486,pivot50,1,125,,0.0016665458679199219,
pace-exact/exact057.gr,121,486,pivot50,2,126,,0.0016939640045166016,
pace-exact/exact057.gr,121,486,vote,0,122,,0.009762287139892578,
pace-exact/exact057.gr,121,486,vote,1,123,,0.00017023086547851562,
pace-exact/exact057.gr,121,486,vote,2,123,,0.0002243518829345703,
pace-exact/exact057.gr,121,486,louvain,0,122,,0.0220487117767334,
pace-exact/exact057.gr,121,486,louvain,1,123,,0.0004513263702392578,
pace-exact/exact057.gr,121,486,louvain,2,122,,0.0004165172576904297,
pace-exact/exact057.gr,121,486,leiden,0,122,,1.0092086791992188,
pace-exact/exact057.gr,121,486,leiden,1,122,,0.01403498649597168,
pace-exact/exact057.gr,121,486,leiden,2,122,,0.014742612838745117,
pace-exact/exact057.gr,121,486,mfp,0,392,,0.050231218338012695,
pace-exact/exact057.gr,121,486,mfp,1,358,,0.00386810302734375,
pace-exact/exact057.gr,121,486,mfp,2,313,,0.0038483142852783203,
pace-exact/exact057.gr,121,486,ins,0,122,,0.012377738952636719,
pace-exact/exact057.gr,121,486,ins,1,122,,0.0011756420135498047,
pace-exact/exact057.gr,121,486,ins,2,122,,0.0011982917785644531,
pace-exact/exact057.gr,121,486,flip,0,122,,0.05481743812561035,
pace-exact/exact057.gr,121,486,flip,1,122,,0.8610596656799316,
pace-exact/exact057.gr,121,486,flip,2,122,,0.0364222526550293,
pace-exact/exact057.gr,121,486,certiflip,0,122,122.0,0.4185066223144531,
pace-exact/exact057.gr,121,486,kapoce,0,122,,12.488113164901733,
pace-exact/exact057.gr,121,486,lb:greedy,0,,110.0,0.003438234329223633,
pace-exact/exact057.gr,121,486,lb:tri-mwu,0,,120.34859154929578,0.02976250648498535,
pace-exact/exact058.gr,121,864,pivot,0,342,,0.00010633468627929688,
pace-exact/exact058.gr,121,864,pivot,1,474,,8.058547973632812e-05,
pace-exact/exact058.gr,121,864,pivot,2,472,,0.0001544952392578125,
pace-exact/exact058.gr,121,864,pivot50,0,233,,0.0016570091247558594,
pace-exact/exact058.gr,121,864,pivot50,1,229,,0.0016334056854248047,
pace-exact/exact058.gr,121,864,pivot50,2,228,,0.014814615249633789,
pace-exact/exact058.gr,121,864,vote,0,210,,0.00022125244140625,
pace-exact/exact058.gr,121,864,vote,1,220,,0.00016689300537109375,
pace-exact/exact058.gr,121,864,vote,2,210,,0.0005300045013427734,
pace-exact/exact058.gr,121,864,louvain,0,210,,0.005674839019775391,
pace-exact/exact058.gr,121,864,louvain,1,210,,0.0005974769592285156,
pace-exact/exact058.gr,121,864,louvain,2,210,,0.0006160736083984375,
pace-exact/exact058.gr,121,864,leiden,0,211,,0.8431541919708252,
pace-exact/exact058.gr,121,864,leiden,1,210,,0.005739450454711914,
pace-exact/exact058.gr,121,864,leiden,2,211,,0.7891132831573486,
pace-exact/exact058.gr,121,864,mfp,0,590,,0.05753183364868164,
pace-exact/exact058.gr,121,864,mfp,1,585,,0.01946282386779785,
pace-exact/exact058.gr,121,864,mfp,2,582,,0.016765594482421875,
pace-exact/exact058.gr,121,864,ins,0,210,,0.030388832092285156,
pace-exact/exact055.gr,120,3723,kapoce,0,1410,,39.506412506103516,
pace-exact/exact058.gr,121,864,ins,1,210,,0.006517648696899414,
pace-exact/exact058.gr,121,864,ins,2,210,,0.006118059158325195,
pace-exact/exact058.gr,121,864,flip,0,210,,0.04369974136352539,
pace-exact/exact058.gr,121,864,flip,2,210,,0.040389299392700195,
pace-exact/exact058.gr,121,864,flip,1,210,,0.10387778282165527,
pace-exact/exact058.gr,121,864,certiflip,0,210,210.0,0.4714522361755371,
pace-exact/exact058.gr,121,864,lb:greedy,0,,200.0,0.00812673568725586,
pace-exact/exact058.gr,121,864,lb:tri-mwu,0,,209.23591549295776,0.02963733673095703,
pace-exact/exact059.gr,121,2174,pivot,0,1460,,9.369850158691406e-05,
pace-exact/exact059.gr,121,2174,pivot,1,1396,,7.200241088867188e-05,
pace-exact/exact059.gr,121,2174,pivot,2,1375,,6.365776062011719e-05,
pace-exact/exact059.gr,121,2174,pivot50,0,1187,,0.0017635822296142578,
pace-exact/exact059.gr,121,2174,pivot50,1,1206,,0.0017142295837402344,
pace-exact/exact059.gr,121,2174,pivot50,2,1205,,0.0017712116241455078,
pace-exact/exact059.gr,121,2174,vote,0,976,,0.00024127960205078125,
pace-exact/exact059.gr,121,2174,vote,1,976,,0.0002346038818359375,
pace-exact/exact059.gr,121,2174,vote,2,976,,0.00023746490478515625,
pace-exact/exact059.gr,121,2174,louvain,0,976,,0.7484612464904785,
pace-exact/exact059.gr,121,2174,louvain,1,976,,0.0008792877197265625,
pace-exact/exact059.gr,121,2174,louvain,2,976,,0.00067138671875,
pace-exact/exact059.gr,121,2174,leiden,0,976,,0.8152825832366943,
pace-exact/exact059.gr,121,2174,leiden,1,980,,0.03085923194885254,
pace-exact/exact059.gr,121,2174,leiden,2,976,,0.014653205871582031,
pace-exact/exact059.gr,121,2174,mfp,0,2119,,0.10660314559936523,
pace-exact/exact059.gr,121,2174,mfp,1,1986,,0.051961660385131836,
pace-exact/exact059.gr,121,2174,mfp,2,2036,,0.05866551399230957,
pace-exact/exact059.gr,121,2174,ins,0,976,,0.02742171287536621,
pace-exact/exact059.gr,121,2174,ins,1,976,,0.01403665542602539,
pace-exact/exact059.gr,121,2174,ins,2,976,,0.01807689666748047,
pace-exact/exact059.gr,121,2174,flip,0,976,,0.35488080978393555,
pace-exact/exact059.gr,121,2174,flip,1,976,,0.35796618461608887,
pace-exact/exact059.gr,121,2174,flip,2,976,,0.35442566871643066,
pace-exact/exact055.gr,120,3723,certiflip,0,1410,1369.8746312468988,60.04523181915283,
pace-exact/exact058.gr,121,864,kapoce,0,210,,19.68398642539978,
pace-exact/exact059.gr,121,2174,lb:greedy,0,,782.0,0.008137941360473633,
pace-exact/exact059.gr,121,2174,lb:tri-mwu,0,,944.5352112676056,0.8304195404052734,
pace-exact/exact060.gr,124,2288,pivot,0,1909,,0.0038101673126220703,
pace-exact/exact060.gr,124,2288,pivot,1,2147,,0.00010061264038085938,
pace-exact/exact060.gr,124,2288,pivot,2,2649,,7.915496826171875e-05,
pace-exact/exact060.gr,124,2288,pivot50,0,1800,,0.001863718032836914,
pace-exact/exact060.gr,124,2288,pivot50,1,1749,,0.0017940998077392578,
pace-exact/exact060.gr,124,2288,pivot50,2,1761,,0.0017628669738769531,
pace-exact/exact060.gr,124,2288,vote,0,1507,,0.00458216667175293,
pace-exact/exact060.gr,124,2288,vote,1,1495,,0.0003285408020019531,
pace-exact/exact060.gr,124,2288,vote,2,1493,,0.0002951622009277344,
pace-exact/exact060.gr,124,2288,louvain,0,1492,,0.007735013961791992,
pace-exact/exact060.gr,124,2288,louvain,1,1495,,0.0008342266082763672,
pace-exact/exact060.gr,124,2288,louvain,2,1493,,0.0007975101470947266,
pace-exact/exact060.gr,124,2288,leiden,0,1495,,0.8543181419372559,
pace-exact/exact060.gr,124,2288,leiden,1,1531,,0.025046348571777344,
pace-exact/exact060.gr,124,2288,leiden,2,1493,,0.05492115020751953,
pace-exact/exact060.gr,124,2288,mfp,0,2622,,0.0429377555847168,
pace-exact/exact060.gr,124,2288,mfp,1,2474,,0.03502631187438965,
pace-exact/exact060.gr,124,2288,mfp,2,2536,,0.039144039154052734,
pace-exact/exact060.gr,124,2288,ins,0,1510,,0.03548407554626465,
pace-exact/exact060.gr,124,2288,ins,1,1491,,0.7470757961273193,
pace-exact/exact060.gr,124,2288,ins,2,1509,,0.025762319564819336,
pace-exact/exact060.gr,124,2288,flip,0,1491,,0.5511264801025391,
pace-exact/exact060.gr,124,2288,flip,1,1491,,0.596895694732666,
pace-exact/exact060.gr,124,2288,flip,2,1494,,0.5525965690612793,
pace-exact/exact056.gr,120,4877,kapoce,0,721,,48.87334418296814,
pace-exact/exact059.gr,121,2174,certiflip,0,976,971.4999999999977,30.63909912109375,
pace-exact/exact060.gr,124,2288,lb:greedy,0,,1009.0,0.006172657012939453,
pace-exact/exact060.gr,124,2288,lb:tri-mwu,0,,1081.1830985915492,0.13496041297912598,
pace-exact/exact061.gr,129,613,pivot,0,183,,0.00013017654418945312,
pace-exact/exact061.gr,129,613,pivot,1,256,,7.557868957519531e-05,
pace-exact/exact061.gr,129,613,pivot,2,236,,0.6909136772155762,
pace-exact/exact061.gr,129,613,pivot50,0,119,,0.002111196517944336,
pace-exact/exact061.gr,129,613,pivot50,1,118,,0.006295204162597656,
pace-exact/exact061.gr,129,613,pivot50,2,121,,0.001741647720336914,
pace-exact/exact061.gr,129,613,vote,0,116,,0.012650251388549805,
pace-exact/exact061.gr,129,613,vote,1,116,,0.0001633167266845703,
pace-exact/exact061.gr,129,613,vote,2,116,,0.0001220703125,
pace-exact/exact061.gr,129,613,louvain,0,116,,0.015754222869873047,
pace-exact/exact061.gr,129,613,louvain,1,116,,0.0005638599395751953,
pace-exact/exact061.gr,129,613,louvain,2,116,,0.0005717277526855469,
pace-exact/exact061.gr,129,613,leiden,0,116,,0.782611608505249,
pace-exact/exact061.gr,129,613,leiden,1,116,,0.0054471492767333984,
pace-exact/exact061.gr,129,613,leiden,2,116,,0.007596492767333984,
pace-exact/exact061.gr,129,613,mfp,0,382,,0.02393937110900879,
pace-exact/exact061.gr,129,613,mfp,1,487,,0.005579948425292969,
pace-exact/exact061.gr,129,613,mfp,2,525,,0.00555419921875,
pace-exact/exact061.gr,129,613,ins,0,116,,0.007105827331542969,
pace-exact/exact061.gr,129,613,ins,1,116,,0.0014290809631347656,
pace-exact/exact061.gr,129,613,ins,2,116,,0.0013134479522705078,
pace-exact/exact061.gr,129,613,flip,0,116,,0.023497581481933594,
pace-exact/exact061.gr,129,613,flip,1,116,,0.5182023048400879,
pace-exact/exact061.gr,129,613,flip,2,116,,0.049036502838134766,
pace-exact/exact061.gr,129,613,certiflip,0,116,116.0,0.4424443244934082,
pace-exact/exact061.gr,129,613,kapoce,0,116,,14.60518193244934,
pace-exact/exact061.gr,129,613,lb:greedy,0,,111.0,0.007781505584716797,
pace-exact/exact061.gr,129,613,lb:tri-mwu,0,,115.14084507042253,0.03183269500732422,
pace-exact/exact062.gr,129,1319,pivot,0,620,,0.0001227855682373047,
pace-exact/exact062.gr,129,1319,pivot,1,817,,0.0001068115234375,
pace-exact/exact062.gr,129,1319,pivot,2,548,,7.009506225585938e-05,
pace-exact/exact062.gr,129,1319,pivot50,0,511,,0.005026578903198242,
pace-exact/exact062.gr,129,1319,pivot50,1,503,,0.005889415740966797,
pace-exact/exact062.gr,129,1319,pivot50,2,511,,0.0018322467803955078,
pace-exact/exact062.gr,129,1319,vote,0,469,,0.00019168853759765625,
pace-exact/exact062.gr,129,1319,vote,1,469,,0.00018906593322753906,
pace-exact/exact062.gr,129,1319,vote,2,471,,0.000179290771484375,
pace-exact/exact062.gr,129,1319,louvain,0,469,,0.0007417201995849609,
pace-exact/exact062.gr,129,1319,louvain,1,469,,0.0005395412445068359,
pace-exact/exact062.gr,129,1319,louvain,2,469,,0.0009124279022216797,
pace-exact/exact062.gr,129,1319,leiden,0,469,,0.8930585384368896,
pace-exact/exact062.gr,129,1319,leiden,1,469,,0.025348424911499023,
pace-exact/exact059.gr,121,2174,kapoce,0,976,,46.80716681480408,
pace-exact/exact062.gr,129,1319,mfp,0,1197,,0.01724386215209961,
pace-exact/exact062.gr,129,1319,mfp,1,1336,,0.022739171981811523,
pace-exact/exact062.gr,129,1319,mfp,2,1342,,0.020430803298950195,
pace-exact/exact062.gr,129,1319,ins,0,469,,0.00419926643371582,
pace-exact/exact062.gr,129,1319,ins,1,469,,0.0040972232818603516,
pace-exact/exact062.gr,129,1319,ins,2,469,,0.004018068313598633,
pace-exact/exact062.gr,129,1319,leiden,2,469,,0.9071831703186035,
pace-exact/exact062.gr,129,1319,flip,0,469,,0.13559627532958984,
pace-exact/exact062.gr,129,1319,flip,2,469,,0.1499795913696289,
pace-exact/exact062.gr,129,1319,flip,1,469,,0.217681884765625,
pace-exact/exact062.gr,129,1319,certiflip,0,469,468.9999999999976,3.46317458152771,
pace-exact/exact062.gr,129,1319,lb:greedy,0,,425.0,0.00884699821472168,
pace-exact/exact062.gr,129,1319,lb:tri-mwu,0,,457.8274647887324,0.05557084083557129,
pace-exact/exact063.gr,129,2476,pivot,0,692,,0.00011706352233886719,
pace-exact/exact063.gr,129,2476,pivot,1,1610,,8.654594421386719e-05,
pace-exact/exact063.gr,129,2476,pivot,2,742,,7.367134094238281e-05,
pace-exact/exact063.gr,129,2476,pivot50,0,676,,0.0018341541290283203,
pace-exact/exact063.gr,129,2476,pivot50,1,731,,0.005898952484130859,
pace-exact/exact063.gr,129,2476,pivot50,2,678,,0.013916492462158203,
pace-exact/exact063.gr,129,2476,vote,0,665,,0.00021791458129882812,
pace-exact/exact063.gr,129,2476,vote,1,665,,0.00022339820861816406,
pace-exact/exact063.gr,129,2476,vote,2,665,,0.00021028518676757812,
pace-exact/exact063.gr,129,2476,louvain,0,665,,0.0006773471832275391,
pace-exact/exact063.gr,129,2476,louvain,1,665,,0.0006396770477294922,
pace-exact/exact063.gr,129,2476,louvain,2,665,,0.0006232261657714844,
pace-exact/exact063.gr,129,2476,leiden,0,665,,0.8151571750640869,
pace-exact/exact063.gr,129,2476,leiden,1,665,,0.023052453994750977,
pace-exact/exact063.gr,129,2476,leiden,2,665,,0.022169113159179688,
pace-exact/exact063.gr,129,2476,mfp,0,1884,,0.10147786140441895,
pace-exact/exact063.gr,129,2476,mfp,1,2279,,0.10266971588134766,
pace-exact/exact063.gr,129,2476,mfp,2,2292,,0.9285540580749512,
pace-exact/exact063.gr,129,2476,ins,0,665,,0.049034833908081055,
pace-exact/exact063.gr,129,2476,ins,1,665,,0.008154153823852539,
pace-exact/exact063.gr,129,2476,ins,2,665,,0.007488250732421875,
pace-exact/exact063.gr,129,2476,flip,0,665,,0.21251344680786133,
pace-exact/exact063.gr,129,2476,flip,1,665,,0.23111867904663086,
pace-exact/exact063.gr,129,2476,flip,2,665,,0.2374589443206787,
pace-exact/exact063.gr,129,2476,certiflip,0,665,665.0,4.043830633163452,
pace-exact/exact060.gr,124,2288,kapoce,0,1491,,48.104820013046265,
pace-exact/exact063.gr,129,2476,lb:greedy,0,,634.0,0.007856130599975586,
pace-exact/exact063.gr,129,2476,lb:tri-mwu,0,,656.080985915493,0.09145784378051758,
pace-exact/exact064.gr,129,3882,pivot,0,954,,0.00013756752014160156,
pace-exact/exact064.gr,129,3882,pivot,1,1814,,8.916854858398438e-05,
pace-exact/exact064.gr,129,3882,pivot,2,1408,,8.058547973632812e-05,
pace-exact/exact064.gr,129,3882,pivot50,0,838,,0.0023393630981445312,
pace-exact/exact064.gr,129,3882,pivot50,1,825,,0.0019118785858154297,
pace-exact/exact064.gr,129,3882,pivot50,2,818,,0.002027273178100586,
pace-exact/exact064.gr,129,3882,vote,0,788,,0.0003108978271484375,
pace-exact/exact064.gr,129,3882,vote,1,801,,0.0002982616424560547,
pace-exact/exact064.gr,129,3882,vote,2,772,,0.00027751922607421875,
pace-exact/exact064.gr,129,3882,louvain,0,788,,0.0008120536804199219,
pace-exact/exact064.gr,129,3882,louvain,1,772,,0.00077056884765625,
pace-exact/exact064.gr,129,3882,louvain,2,772,,0.0008072853088378906,
pace-exact/exact064.gr,129,3882,leiden,0,778,,0.6813004016876221,
pace-exact/exact064.gr,129,3882,leiden,1,772,,0.014513254165649414,
pace-exact/exact064.gr,129,3882,leiden,2,778,,0.8864033222198486,
pace-exact/exact064.gr,129,3882,mfp,0,1664,,0.29878711700439453,
pace-exact/exact064.gr,129,3882,mfp,1,2884,,0.2435452938079834,
pace-exact/exact064.gr,129,3882,mfp,2,2407,,0.24054241180419922,
pace-exact/exact064.gr,129,3882,ins,0,772,,0.04985189437866211,
pace-exact/exact064.gr,129,3882,ins,1,772,,0.015509366989135742,
pace-exact/exact064.gr,129,3882,ins,2,772,,0.027973175048828125,
pace-exact/exact064.gr,129,3882,flip,0,772,,0.38424158096313477,
pace-exact/exact064.gr,129,3882,flip,1,772,,0.47126054763793945,
pace-exact/exact064.gr,129,3882,flip,2,772,,0.39407825469970703,
pace-exact/exact062.gr,129,1319,kapoce,0,469,,27.908912897109985,
pace-exact/exact064.gr,129,3882,certiflip,0,772,772.0,3.8154296875,
pace-exact/exact064.gr,129,3882,lb:greedy,0,,721.0,0.026601076126098633,
pace-exact/exact064.gr,129,3882,lb:tri-mwu,0,,767.3591549295775,0.13308978080749512,
pace-exact/exact065.gr,129,8112,pivot,0,360,,0.0001404285430908203,
pace-exact/exact065.gr,129,8112,pivot,1,128,,0.00011563301086425781,
pace-exact/exact065.gr,129,8112,pivot,2,144,,0.00011277198791503906,
pace-exact/exact065.gr,129,8112,pivot50,0,128,,0.0022132396697998047,
pace-exact/exact065.gr,129,8112,pivot50,1,128,,0.002185344696044922,
pace-exact/exact065.gr,129,8112,pivot50,2,128,,0.0021314620971679688,
pace-exact/exact065.gr,129,8112,vote,0,128,,0.0003180503845214844,
pace-exact/exact065.gr,129,8112,vote,1,128,,0.6916375160217285,
pace-exact/exact065.gr,129,8112,vote,2,128,,0.0003943443298339844,
pace-exact/exact065.gr,129,8112,louvain,0,128,,0.015835046768188477,
pace-exact/exact065.gr,129,8112,louvain,1,128,,0.000980377197265625,
pace-exact/exact065.gr,129,8112,louvain,2,128,,0.0009112358093261719,
pace-exact/exact065.gr,129,8112,leiden,0,128,,0.9784407615661621,
pace-exact/exact065.gr,129,8112,leiden,1,128,,0.06322383880615234,
pace-exact/exact065.gr,129,8112,leiden,2,128,,0.04731917381286621,
pace-exact/exact060.gr,124,2288,certiflip,0,1491,1140.499999999999,61.38696837425232,
pace-exact/exact065.gr,129,8112,mfp,0,248,,1.0048611164093018,
pace-exact/exact065.gr,129,8112,mfp,1,272,,0.9732134342193604,
pace-exact/exact065.gr,129,8112,ins,0,128,,0.03770875930786133,
pace-exact/exact065.gr,129,8112,ins,1,128,,0.020859718322753906,
pace-exact/exact065.gr,129,8112,ins,2,128,,0.0372624397277832,
pace-exact/exact065.gr,129,8112,flip,0,128,,0.5565073490142822,
pace-exact/exact065.gr,129,8112,mfp,2,380,,0.9576539993286133,
pace-exact/exact065.gr,129,8112,flip,1,128,,0.5208156108856201,
pace-exact/exact065.gr,129,8112,flip,2,128,,0.605165958404541,
pace-exact/exact065.gr,129,8112,certiflip,0,128,128.0,2.8849823474884033,
pace-exact/exact065.gr,129,8112,lb:greedy,0,,128.0,0.0431513786315918,
pace-exact/exact065.gr,129,8112,lb:tri-mwu,0,,127.80281690140845,0.11378812789916992,
pace-exact/exact066.gr,139,1583,pivot,0,1015,,0.00014138221740722656,
pace-exact/exact066.gr,139,1583,pivot,1,829,,6.389617919921875e-05,
pace-exact/exact066.gr,139,1583,pivot,2,1014,,5.984306335449219e-05,
pace-exact/exact066.gr,139,1583,pivot50,0,765,,0.0019049644470214844,
pace-exact/exact066.gr,139,1583,pivot50,1,829,,0.0019004344940185547,
pace-exact/exact066.gr,139,1583,pivot50,2,803,,0.7029891014099121,
pace-exact/exact066.gr,139,1583,vote,0,730,,0.009109973907470703,
pace-exact/exact066.gr,139,1583,vote,1,731,,0.00020813941955566406,
pace-exact/exact066.gr,139,1583,vote,2,731,,0.00020599365234375,
pace-exact/exact066.gr,139,1583,louvain,0,730,,0.012062788009643555,
pace-exact/exact066.gr,139,1583,louvain,1,731,,0.0007026195526123047,
pace-exact/exact066.gr,139,1583,louvain,2,731,,0.0007281303405761719,
pace-exact/exact066.gr,139,1583,leiden,0,730,,0.8369336128234863,
pace-exact/exact066.gr,139,1583,leiden,1,730,,0.01752018928527832,
pace-exact/exact066.gr,139,1583,leiden,2,730,,0.017644166946411133,
pace-exact/exact066.gr,139,1583,mfp,0,1502,,0.08271670341491699,
pace-exact/exact066.gr,139,1583,mfp,1,1329,,0.03509640693664551,
pace-exact/exact066.gr,139,1583,mfp,2,1568,,0.034030914306640625,
pace-exact/exact066.gr,139,1583,ins,0,731,,0.016923189163208008,
pace-exact/exact066.gr,139,1583,ins,1,731,,0.0073871612548828125,
pace-exact/exact066.gr,139,1583,ins,2,730,,0.015429496765136719,
pace-exact/exact066.gr,139,1583,flip,0,730,,0.2532014846801758,
pace-exact/exact066.gr,139,1583,flip,1,730,,0.262906551361084,
pace-exact/exact066.gr,139,1583,flip,2,730,,0.24764180183410645,
pace-exact/exact063.gr,129,2476,kapoce,0,665,,38.595547676086426,
pace-exact/exact064.gr,129,3882,kapoce,0,772,,44.08509969711304,
pace-exact/exact066.gr,139,1583,lb:greedy,0,,569.0,0.0353701114654541,
pace-exact/exact066.gr,139,1583,lb:tri-mwu,0,,685.4823943661971,0.06601810455322266,
pace-exact/exact067.gr,139,2877,pivot,0,1039,,0.00013065338134765625,
pace-exact/exact067.gr,139,2877,pivot,1,1318,,7.557868957519531e-05,
pace-exact/exact067.gr,139,2877,pivot,2,1080,,8.392333984375e-05,
pace-exact/exact067.gr,139,2877,pivot50,0,868,,0.0020661354064941406,
pace-exact/exact067.gr,139,2877,pivot50,1,922,,0.0019409656524658203,
pace-exact/exact067.gr,139,2877,pivot50,2,878,,0.0019669532775878906,
pace-exact/exact067.gr,139,2877,vote,0,792,,0.0002644062042236328,
pace-exact/exact067.gr,139,2877,vote,1,792,,0.00024509429931640625,
pace-exact/exact067.gr,139,2877,vote,2,792,,0.0002532005310058594,
pace-exact/exact067.gr,139,2877,louvain,0,792,,0.0007529258728027344,
pace-exact/exact067.gr,139,2877,louvain,1,792,,0.0006897449493408203,
pace-exact/exact067.gr,139,2877,louvain,2,792,,0.0007319450378417969,
pace-exact/exact067.gr,139,2877,leiden,0,792,,0.016071319580078125,
pace-exact/exact067.gr,139,2877,leiden,1,792,,0.01183629035949707,
pace-exact/exact067.gr,139,2877,leiden,2,792,,0.8585171699523926,
pace-exact/exact067.gr,139,2877,mfp,0,2465,,0.16953420639038086,
pace-exact/exact067.gr,139,2877,mfp,1,1347,,0.1260364055633545,
pace-exact/exact067.gr,139,2877,mfp,2,2425,,0.24161076545715332,
pace-exact/exact067.gr,139,2877,ins,0,792,,0.06290626525878906,
pace-exact/exact067.gr,139,2877,ins,1,792,,0.023435592651367188,
pace-exact/exact067.gr,139,2877,ins,2,792,,0.011773109436035156,
pace-exact/exact067.gr,139,2877,flip,0,792,,0.3805668354034424,
pace-exact/exact067.gr,139,2877,flip,1,792,,0.3668849468231201,
pace-exact/exact067.gr,139,2877,flip,2,792,,0.41722702980041504,
pace-exact/exact066.gr,139,1583,certiflip,0,730,719.4999999999975,40.27624535560608,
pace-exact/exact067.gr,139,2877,certiflip,0,792,792.0000000000001,4.682166576385498,
pace-exact/exact067.gr,139,2877,lb:greedy,0,,717.0,0.01565384864807129,
pace-exact/exact067.gr,139,2877,lb:tri-mwu,0,,785.5492957746479,0.111907958984375,
pace-exact/exact068.gr,139,4513,pivot,0,924,,0.00013566017150878906,
pace-exact/exact068.gr,139,4513,pivot,1,1546,,8.845329284667969e-05,
pace-exact/exact068.gr,139,4513,pivot,2,779,,8.273124694824219e-05,
pace-exact/exact068.gr,139,4513,pivot50,0,652,,0.002068758010864258,
pace-exact/exact068.gr,139,4513,pivot50,1,681,,0.0064280033111572266,
pace-exact/exact068.gr,139,4513,pivot50,2,652,,0.002132892608642578,
pace-exact/exact068.gr,139,4513,vote,0,632,,0.004327058792114258,
pace-exact/exact068.gr,139,4513,vote,1,653,,0.6752285957336426,
pace-exact/exact068.gr,139,4513,vote,2,632,,0.0003883838653564453,
pace-exact/exact068.gr,139,4513,louvain,0,632,,0.020868539810180664,
pace-exact/exact068.gr,139,4513,louvain,1,632,,0.0009715557098388672,
pace-exact/exact068.gr,139,4513,louvain,2,632,,0.004996299743652344,
pace-exact/exact068.gr,139,4513,leiden,0,632,,0.86350417137146,
pace-exact/exact068.gr,139,4513,leiden,1,632,,0.04167485237121582,
pace-exact/exact068.gr,139,4513,leiden,2,632,,0.030775785446166992,
pace-exact/exact068.gr,139,4513,mfp,0,3016,,0.37296462059020996,
pace-exact/exact068.gr,139,4513,mfp,1,1399,,0.3170168399810791,
pace-exact/exact068.gr,139,4513,mfp,2,2369,,0.3123807907104492,
pace-exact/exact068.gr,139,4513,ins,0,632,,0.032607078552246094,
pace-exact/exact068.gr,139,4513,ins,1,632,,0.023007631301879883,
pace-exact/exact068.gr,139,4513,ins,2,633,,0.022684335708618164,
pace-exact/exact066.gr,139,1583,kapoce,0,730,,34.64902448654175,
pace-exact/exact068.gr,139,4513,flip,0,632,,0.364795446395874,
pace-exact/exact068.gr,139,4513,flip,1,632,,0.3452138900756836,
pace-exact/exact068.gr,139,4513,flip,2,632,,0.36704230308532715,
pace-exact/exact068.gr,139,4513,certiflip,0,632,632.0,2.753000020980835,
pace-exact/exact068.gr,139,4513,lb:greedy,0,,602.0,0.010961294174194336,
pace-exact/exact068.gr,139,4513,lb:tri-mwu,0,,625.9295774647887,0.1103055477142334,
pace-exact/exact069.gr,140,2915,pivot,0,2972,,0.0001220703125,
pace-exact/exact069.gr,140,2915,pivot,1,2982,,7.62939453125e-05,
pace-exact/exact069.gr,140,2915,pivot,2,2830,,7.486343383789062e-05,
pace-exact/exact069.gr,140,2915,pivot50,0,2699,,0.0020685195922851562,
pace-exact/exact069.gr,140,2915,pivot50,1,2539,,0.0020148754119873047,
pace-exact/exact069.gr,140,2915,pivot50,2,2627,,0.0019783973693847656,
pace-exact/exact069.gr,140,2915,vote,0,2146,,0.76334547996521,
pace-exact/exact069.gr,140,2915,vote,1,2232,,0.0003998279571533203,
pace-exact/exact069.gr,140,2915,vote,2,2158,,0.0005223751068115234,
pace-exact/exact069.gr,140,2915,louvain,0,2145,,0.020624637603759766,
pace-exact/exact069.gr,140,2915,louvain,1,2219,,0.0014333724975585938,
pace-exact/exact069.gr,140,2915,louvain,2,2158,,0.0011403560638427734,
pace-exact/exact069.gr,140,2915,leiden,0,2144,,0.6529419422149658,
pace-exact/exact069.gr,140,2915,leiden,1,2142,,0.036490440368652344,
pace-exact/exact069.gr,140,2915,leiden,2,2150,,0.04158139228820801,
pace-exact/exact069.gr,140,2915,mfp,0,3589,,0.0804753303527832,
pace-exact/exact069.gr,140,2915,mfp,1,3174,,0.03659200668334961,
pace-exact/exact069.gr,140,2915,mfp,2,3123,,0.03220224380493164,
pace-exact/exact069.gr,140,2915,ins,0,2142,,0.03885149955749512,
pace-exact/exact069.gr,140,2915,ins,1,2140,,0.014144182205200195,
pace-exact/exact069.gr,140,2915,ins,2,2140,,0.015176057815551758,
pace-exact/exact069.gr,140,2915,flip,0,2140,,0.5314838886260986,
pace-exact/exact069.gr,140,2915,flip,1,2140,,0.543503999710083,
pace-exact/exact069.gr,140,2915,flip,2,2140,,0.5309381484985352,
pace-exact/exact065.gr,129,8112,kapoce,0,128,,60.100178480148315,
pace-exact/exact067.gr,139,2877,kapoce,0,792,,42.63046836853027,
pace-exact/exact069.gr,140,2915,lb:greedy,0,,1334.0,0.03891944885253906,
pace-exact/exact069.gr,140,2915,lb:tri-mwu,0,,1452.414814814815,0.19855856895446777,
pace-exact/exact070.gr,140,3014,pivot,0,2771,,0.0033926963806152344,
pace-exact/exact070.gr,140,3014,pivot,1,3079,,9.298324584960938e-05,
pace-exact/exact070.gr,140,3014,pivot,2,2576,,7.390975952148438e-05,
pace-exact/exact070.gr,140,3014,pivot50,0,2077,,0.0020835399627685547,
pace-exact/exact070.gr,140,3014,pivot50,1,2282,,0.001941680908203125,
pace-exact/exact070.gr,140,3014,pivot50,2,2210,,0.0018649101257324219,
pace-exact/exact070.gr,140,3014,vote,0,1825,,0.004452705383300781,
pace-exact/exact070.gr,140,3014,vote,1,1793,,0.0002911090850830078,
pace-exact/exact070.gr,140,3014,vote,2,1796,,0.00031948089599609375,
pace-exact/exact070.gr,140,3014,louvain,0,1798,,0.007323741912841797,
pace-exact/exact070.gr,140,3014,louvain,1,1792,,0.0008597373962402344,
pace-exact/exact070.gr,140,3014,louvain,2,1796,,0.0008420944213867188,
pace-exact/exact070.gr,140,3014,leiden,0,1805,,0.8140075206756592,
pace-exact/exact070.gr,140,3014,leiden,1,1805,,0.02426004409790039,
pace-exact/exact070.gr,140,3014,leiden,2,1792,,0.05312299728393555,
pace-exact/exact070.gr,140,3014,mfp,0,3219,,0.06388020515441895,
pace-exact/exact070.gr,140,3014,mfp,1,3258,,0.055548906326293945,
pace-exact/exact070.gr,140,3014,mfp,2,3123,,0.7558443546295166,
pace-exact/exact070.gr,140,3014,ins,0,1793,,0.06619882583618164,
pace-exact/exact070.gr,140,3014,ins,1,1796,,0.02807450294494629,
pace-exact/exact070.gr,140,3014,ins,2,1792,,0.02030801773071289,
pace-exact/exact070.gr,140,3014,flip,0,1793,,0.4858372211456299,
pace-exact/exact070.gr,140,3014,flip,1,1792,,0.49095940589904785,
pace-exact/exact070.gr,140,3014,flip,2,1792,,0.49726390838623047,
pace-exact/exact068.gr,139,4513,kapoce,0,632,,60.090179204940796,
pace-exact/exact069.gr,140,2915,kapoce,0,2140,,57.7370240688324,
pace-exact/exact070.gr,140,3014,lb:greedy,0,,1280.0,0.012942314147949219,
pace-exact/exact070.gr,140,3014,lb:tri-mwu,0,,1502.3777777777777,0.18198490142822266,
pace-exact/exact071.gr,140,4298,pivot,0,2840,,0.00018024444580078125,
pace-exact/exact071.gr,140,4298,pivot,1,3110,,9.059906005859375e-05,
pace-exact/exact071.gr,140,4298,pivot,2,3245,,8.296966552734375e-05,
pace-exact/exact071.gr,140,4298,pivot50,0,2625,,0.0020461082458496094,
pace-exact/exact071.gr,140,4298,pivot50,1,2377,,0.002098560333251953,
pace-exact/exact071.gr,140,4298,pivot50,2,2515,,0.7688333988189697,
pace-exact/exact071.gr,140,4298,vote,0,2134,,0.0069539546966552734,
pace-exact/exact071.gr,140,4298,vote,1,2132,,0.00036978721618652344,
pace-exact/exact071.gr,140,4298,vote,2,2132,,0.0004482269287109375,
pace-exact/exact071.gr,140,4298,louvain,0,2134,,0.008115291595458984,
pace-exact/exact071.gr,140,4298,louvain,1,2132,,0.001024484634399414,
pace-exact/exact071.gr,140,4298,louvain,2,2132,,0.0009641647338867188,
pace-exact/exact071.gr,140,4298,leiden,0,2132,,0.9055261611938477,
pace-exact/exact071.gr,140,4298,leiden,1,2134,,0.03479266166687012,
pace-exact/exact071.gr,140,4298,leiden,2,2132,,0.0337071418762207,
pace-exact/exact071.gr,140,4298,mfp,0,4654,,0.20220303535461426,
pace-exact/exact071.gr,140,4298,mfp,1,4257,,0.15131330490112305,
pace-exact/exact071.gr,140,4298,mfp,2,4294,,0.13664007186889648,
pace-exact/exact071.gr,140,4298,ins,0,2132,,0.06081891059875488,
pace-exact/exact071.gr,140,4298,ins,1,2132,,0.052132606506347656,
pace-exact/exact071.gr,140,4298,ins,2,2134,,0.05256962776184082,
pace-exact/exact071.gr,140,4298,flip,0,2132,,1.0019774436950684,
pace-exact/exact071.gr,140,4298,flip,1,2132,,1.0877184867858887,
pace-exact/exact069.gr,140,2915,certiflip,0,2140,1460.7445870341817,66.01841259002686,
pace-exact/exact071.gr,140,4298,flip,2,2132,,1.0777671337127686,
pace-exact/exact070.gr,140,3014,kapoce,0,1792,,42.860713720321655,
pace-exact/exact071.gr,140,4298,lb:greedy,0,,1455.0,0.010930538177490234,
pace-exact/exact070.gr,140,3014,certiflip,0,1792,1506.9999999999982,61.4407958984375,
pace-exact/exact072.gr,140,4347,pivot,0,2642,,0.0001494884490966797,
pace-exact/exact072.gr,140,4347,pivot,1,3030,,0.00011587142944335938,
pace-exact/exact072.gr,140,4347,pivot,2,3251,,9.417533874511719e-05,
pace-exact/exact072.gr,140,4347,pivot50,0,2278,,0.0020651817321777344,
pace-exact/exact072.gr,140,4347,pivot50,1,2229,,0.018091917037963867,
pace-exact/exact072.gr,140,4347,pivot50,2,2382,,0.002014636993408203,
pace-exact/exact072.gr,140,4347,vote,0,1967,,0.0003364086151123047,
pace-exact/exact072.gr,140,4347,vote,1,1967,,0.00032019615173339844,
pace-exact/exact072.gr,140,4347,vote,2,1967,,0.000370025634765625,
pace-exact/exact072.gr,140,4347,louvain,0,1967,,0.0009067058563232422,
pace-exact/exact072.gr,140,4347,louvain,1,1967,,0.0009164810180664062,
pace-exact/exact072.gr,140,4347,louvain,2,1967,,0.005068302154541016,
pace-exact/exact071.gr,140,4298,lb:tri-mwu,0,,2042.3129496402878,0.37064647674560547,
pace-exact/exact072.gr,140,4347,leiden,0,2010,,0.9175796508789062,
pace-exact/exact072.gr,140,4347,leiden,2,1967,,0.04856610298156738,
pace-exact/exact072.gr,140,4347,leiden,1,1967,,0.9257917404174805,
pace-exact/exact072.gr,140,4347,mfp,0,4604,,0.21820378303527832,
pace-exact/exact072.gr,140,4347,mfp,1,4362,,0.13511347770690918,
pace-exact/exact072.gr,140,4347,ins,0,1967,,0.07650232315063477,
pace-exact/exact072.gr,140,4347,ins,1,1967,,0.019953250885009766,
pace-exact/exact072.gr,140,4347,ins,2,1967,,0.019752025604248047,
pace-exact/exact072.gr,140,4347,mfp,2,4415,,0.18163228034973145,
pace-exact/exact072.gr,140,4347,flip,0,1967,,0.6786081790924072,
pace-exact/exact072.gr,140,4347,flip,1,1967,,0.7526733875274658,
pace-exact/exact072.gr,140,4347,flip,2,1967,,0.6814806461334229,
pace-exact/exact071.gr,140,4298,kapoce,0,2131,,56.71379256248474,
pace-exact/exact072.gr,140,4347,lb:greedy,0,,1549.0,0.7076125144958496,
pace-exact/exact072.gr,140,4347,lb:tri-mwu,0,,1941.791519434629,0.41914939880371094,
pace-exact/exact073.gr,140,5137,pivot,0,2524,,0.008275747299194336,
pace-exact/exact073.gr,140,5137,pivot,1,3484,,0.0001437664031982422,
pace-exact/exact073.gr,140,5137,pivot,2,2340,,0.00010514259338378906,
pace-exact/exact073.gr,140,5137,pivot50,0,1836,,0.002646207809448242,
pace-exact/exact073.gr,140,5137,pivot50,1,1872,,0.0021240711212158203,
pace-exact/exact073.gr,140,5137,pivot50,2,1764,,0.0061604976654052734,
pace-exact/exact073.gr,140,5137,vote,0,1612,,0.006510496139526367,
pace-exact/exact073.gr,140,5137,vote,1,1612,,0.00036025047302246094,
pace-exact/exact073.gr,140,5137,vote,2,1612,,0.0003590583801269531,
pace-exact/exact073.gr,140,5137,louvain,0,1612,,0.015960693359375,
pace-exact/exact073.gr,140,5137,louvain,1,1612,,0.0008904933929443359,
pace-exact/exact073.gr,140,5137,louvain,2,1612,,0.0008683204650878906,
pace-exact/exact073.gr,140,5137,leiden,0,1612,,0.9023489952087402,
pace-exact/exact073.gr,140,5137,leiden,1,1612,,0.03937673568725586,
pace-exact/exact073.gr,140,5137,leiden,2,1612,,0.03334379196166992,
pace-exact/exact073.gr,140,5137,mfp,0,4176,,0.23476243019104004,
pace-exact/exact073.gr,140,5137,mfp,1,3731,,0.21877598762512207,
pace-exact/exact073.gr,140,5137,mfp,2,4382,,0.22246241569519043,
pace-exact/exact073.gr,140,5137,ins,0,1612,,0.7059993743896484,
pace-exact/exact073.gr,140,5137,ins,1,1612,,0.025362730026245117,
pace-exact/exact073.gr,140,5137,ins,2,1612,,0.022622108459472656,
pace-exact/exact073.gr,140,5137,flip,0,1612,,0.5449235439300537,
pace-exact/exact073.gr,140,5137,flip,1,1612,,0.5848996639251709,
pace-exact/exact073.gr,140,5137,flip,2,1612,,0.5475454330444336,
pace-exact/exact071.gr,140,4298,certiflip,0,2131,1874.2938283244566,70.1918306350708,
pace-exact/exact072.gr,140,4347,kapoce,0,1967,,50.8879668712616,
pace-exact/exact073.gr,140,5137,lb:greedy,0,,1486.0,0.018340349197387695,
pace-exact/exact073.gr,140,5137,lb:tri-mwu,0,,1607.1866197183099,0.31368446350097656,
pace-exact/exact074.gr,140,5550,pivot,0,1723,,0.00018072128295898438,
pace-exact/exact074.gr,140,5550,pivot,1,4367,,0.00010442733764648438,
pace-exact/exact074.gr,140,5550,pivot,2,1608,,9.036064147949219e-05,
pace-exact/exact074.gr,140,5550,pivot50,0,1071,,0.0020368099212646484,
pace-exact/exact074.gr,140,5550,pivot50,1,1070,,0.002063274383544922,
pace-exact/exact074.gr,140,5550,pivot50,2,1057,,0.010362625122070312,
pace-exact/exact074.gr,140,5550,vote,0,995,,0.0003085136413574219,
pace-exact/exact074.gr,140,5550,vote,1,995,,0.00031304359436035156,
pace-exact/exact074.gr,140,5550,vote,2,995,,0.004366636276245117,
pace-exact/exact074.gr,140,5550,louvain,0,995,,0.0009083747863769531,
pace-exact/exact074.gr,140,5550,louvain,1,995,,0.7036347389221191,
pace-exact/exact074.gr,140,5550,louvain,2,995,,0.0009989738464355469,
pace-exact/exact074.gr,140,5550,leiden,0,995,,0.8946337699890137,
pace-exact/exact074.gr,140,5550,leiden,1,995,,0.035201311111450195,
pace-exact/exact074.gr,140,5550,leiden,2,995,,0.03437185287475586,
pace-exact/exact074.gr,140,5550,mfp,0,3979,,0.37659716606140137,
pace-exact/exact074.gr,140,5550,mfp,1,3254,,0.3189699649810791,
pace-exact/exact074.gr,140,5550,mfp,2,4298,,0.31751012802124023,
pace-exact/exact074.gr,140,5550,ins,0,995,,0.04284095764160156,
pace-exact/exact074.gr,140,5550,ins,1,995,,0.03341031074523926,
pace-exact/exact074.gr,140,5550,ins,2,995,,0.035939693450927734,
pace-exact/exact074.gr,140,5550,flip,0,995,,0.6273066997528076,
pace-exact/exact074.gr,140,5550,flip,1,995,,0.6605739593505859,
pace-exact/exact074.gr,140,5550,flip,2,995,,0.5673441886901855,
pace-exact/exact072.gr,140,4347,certiflip,0,1967,1783.649912962157,60.478543281555176,
pace-exact/exact074.gr,140,5550,certiflip,0,995,995.0,4.097543239593506,
pace-exact/exact074.gr,140,5550,lb:greedy,0,,966.0,0.02837085723876953,
pace-exact/exact074.gr,140,5550,lb:tri-mwu,0,,988.0352112676056,0.2673227787017822,
pace-exact/exact075.gr,144,1191,pivot,0,204,,0.00017142295837402344,
pace-exact/exact075.gr,144,1191,pivot,1,405,,8.726119995117188e-05,
pace-exact/exact075.gr,144,1191,pivot,2,377,,9.012222290039062e-05,
pace-exact/exact075.gr,144,1191,pivot50,0,132,,0.505157470703125,
pace-exact/exact075.gr,144,1191,pivot50,1,132,,0.001973390579223633,
pace-exact/exact075.gr,144,1191,pivot50,2,132,,0.001889944076538086,
pace-exact/exact075.gr,144,1191,vote,0,132,,0.004701852798461914,
pace-exact/exact075.gr,144,1191,vote,1,132,,0.00016880035400390625,
pace-exact/exact075.gr,144,1191,vote,2,139,,0.0001621246337890625,
pace-exact/exact075.gr,144,1191,louvain,0,132,,0.007761716842651367,
pace-exact/exact075.gr,144,1191,louvain,1,132,,0.0006814002990722656,
pace-exact/exact075.gr,144,1191,louvain,2,132,,0.0005776882171630859,
pace-exact/exact075.gr,144,1191,leiden,0,132,,0.8699538707733154,
pace-exact/exact075.gr,144,1191,leiden,1,132,,0.007956981658935547,
pace-exact/exact075.gr,144,1191,leiden,2,132,,0.007083415985107422,
pace-exact/exact075.gr,144,1191,mfp,0,293,,0.038771867752075195,
pace-exact/exact075.gr,144,1191,mfp,1,642,,0.01996779441833496,
pace-exact/exact075.gr,144,1191,mfp,2,260,,0.02093791961669922,
pace-exact/exact075.gr,144,1191,ins,0,132,,0.01170969009399414,
pace-exact/exact075.gr,144,1191,ins,1,132,,0.0019431114196777344,
pace-exact/exact075.gr,144,1191,ins,2,132,,0.0019214153289794922,
pace-exact/exact075.gr,144,1191,flip,0,132,,0.07176589965820312,
pace-exact/exact075.gr,144,1191,flip,1,132,,0.056896209716796875,
pace-exact/exact075.gr,144,1191,flip,2,132,,0.8437886238098145,
pace-exact/exact075.gr,144,1191,certiflip,0,132,132.0,0.5341701507568359,
pace-exact/exact075.gr,144,1191,kapoce,0,132,,13.105501651763916,
pace-exact/exact075.gr,144,1191,lb:greedy,0,,132.0,0.008173227310180664,
pace-exact/exact075.gr,144,1191,lb:tri-mwu,0,,131.93309859154928,0.04177522659301758,
pace-exact/exact076.gr,144,2216,pivot,0,482,,0.00011539459228515625,
pace-exact/exact076.gr,144,2216,pivot,1,659,,8.273124694824219e-05,
pace-exact/exact076.gr,144,2216,pivot,2,749,,7.939338684082031e-05,
pace-exact/exact076.gr,144,2216,pivot50,0,369,,0.006081342697143555,
pace-exact/exact076.gr,144,2216,pivot50,1,369,,0.006023883819580078,
pace-exact/exact076.gr,144,2216,pivot50,2,370,,0.014023065567016602,
pace-exact/exact076.gr,144,2216,vote,0,369,,0.00021529197692871094,
pace-exact/exact076.gr,144,2216,vote,1,369,,0.00024199485778808594,
pace-exact/exact076.gr,144,2216,vote,2,369,,0.0002338886260986328,
pace-exact/exact076.gr,144,2216,louvain,0,369,,0.0006501674652099609,
pace-exact/exact076.gr,144,2216,louvain,1,369,,0.0006694793701171875,
pace-exact/exact076.gr,144,2216,louvain,2,369,,0.0006589889526367188,
pace-exact/exact076.gr,144,2216,leiden,0,369,,0.979071855545044,
pace-exact/exact076.gr,144,2216,leiden,1,369,,0.022686004638671875,
pace-exact/exact076.gr,144,2216,leiden,2,369,,0.017764568328857422,
pace-exact/exact076.gr,144,2216,mfp,0,1025,,0.8733489513397217,
pace-exact/exact076.gr,144,2216,mfp,1,1381,,0.09548640251159668,
pace-exact/exact076.gr,144,2216,mfp,2,940,,0.09874963760375977,
pace-exact/exact076.gr,144,2216,ins,0,369,,0.03440594673156738,
pace-exact/exact076.gr,144,2216,ins,1,369,,0.005471944808959961,
pace-exact/exact076.gr,144,2216,ins,2,369,,0.00535893440246582,
pace-exact/exact076.gr,144,2216,flip,0,369,,0.17917299270629883,
pace-exact/exact076.gr,144,2216,flip,1,369,,0.18607616424560547,
pace-exact/exact076.gr,144,2216,flip,2,369,,0.21416568756103516,
pace-exact/exact076.gr,144,2216,certiflip,0,369,369.0,1.260941505432129,
pace-exact/exact073.gr,140,5137,kapoce,0,1612,,51.79782962799072,
pace-exact/exact076.gr,144,2216,lb:greedy,0,,349.0,0.018390417098999023,
pace-exact/exact076.gr,144,2216,lb:tri-mwu,0,,367.4823943661972,0.09368228912353516,
pace-exact/exact077.gr,144,3089,pivot,0,116,,0.011298656463623047,
pace-exact/exact077.gr,144,3089,pivot,1,155,,9.441375732421875e-05,
pace-exact/exact077.gr,144,3089,pivot,2,102,,8.7738037109375e-05,
pace-exact/exact077.gr,144,3089,pivot50,0,78,,0.002429485321044922,
pace-exact/exact077.gr,144,3089,pivot50,1,78,,0.0019698143005371094,
pace-exact/exact077.gr,144,3089,pivot50,2,79,,0.00194549560546875,
pace-exact/exact077.gr,144,3089,vote,0,78,,0.004235982894897461,
pace-exact/exact077.gr,144,3089,vote,1,78,,0.0002346038818359375,
pace-exact/exact077.gr,144,3089,vote,2,78,,0.0002143383026123047,
pace-exact/exact077.gr,144,3089,louvain,0,78,,0.0075817108154296875,
pace-exact/exact077.gr,144,3089,louvain,1,78,,0.0006895065307617188,
pace-exact/exact077.gr,144,3089,louvain,2,78,,0.0006909370422363281,
pace-exact/exact077.gr,144,3089,leiden,0,78,,0.9995181560516357,
pace-exact/exact077.gr,144,3089,leiden,1,78,,0.023354530334472656,
pace-exact/exact077.gr,144,3089,leiden,2,78,,0.011805295944213867,
pace-exact/exact073.gr,140,5137,certiflip,0,1612,1529.2123168210896,60.167797327041626,
pace-exact/exact077.gr,144,3089,mfp,0,173,,0.2088158130645752,
pace-exact/exact077.gr,144,3089,mfp,1,319,,0.15154457092285156,
pace-exact/exact077.gr,144,3089,ins,0,78,,0.0073740482330322266,
pace-exact/exact077.gr,144,3089,ins,1,78,,0.007272958755493164,
pace-exact/exact077.gr,144,3089,ins,2,78,,0.005820035934448242,
pace-exact/exact077.gr,144,3089,flip,0,78,,0.06890249252319336,
pace-exact/exact077.gr,144,3089,mfp,2,272,,0.23291420936584473,
pace-exact/exact077.gr,144,3089,flip,1,78,,0.10529112815856934,
pace-exact/exact077.gr,144,3089,certiflip,0,78,78.0,0.8390636444091797,
pace-exact/exact077.gr,144,3089,flip,2,78,,0.8556728363037109,
pace-exact/exact077.gr,144,3089,lb:greedy,0,,76.0,0.040067195892333984,
pace-exact/exact077.gr,144,3089,lb:tri-mwu,0,,77.98239436619718,0.04259443283081055,
pace-exact/exact078.gr,144,6127,pivot,0,2308,,0.00015854835510253906,
pace-exact/exact078.gr,144,6127,pivot,1,1288,,0.00010323524475097656,
pace-exact/exact078.gr,144,6127,pivot,2,1354,,0.00010895729064941406,
pace-exact/exact078.gr,144,6127,pivot50,0,996,,0.002294778823852539,
pace-exact/exact078.gr,144,6127,pivot50,1,867,,0.0023355484008789062,
pace-exact/exact078.gr,144,6127,pivot50,2,874,,0.0024194717407226562,
pace-exact/exact078.gr,144,6127,vote,0,854,,0.00036525726318359375,
pace-exact/exact078.gr,144,6127,vote,1,854,,0.00036263465881347656,
pace-exact/exact078.gr,144,6127,vote,2,854,,0.0003809928894042969,
pace-exact/exact078.gr,144,6127,louvain,0,854,,0.001005411148071289,
pace-exact/exact078.gr,144,6127,louvain,1,854,,0.0009448528289794922,
pace-exact/exact078.gr,144,6127,louvain,2,854,,0.0011603832244873047,
pace-exact/exact078.gr,144,6127,leiden,0,854,,0.6751079559326172,
pace-exact/exact078.gr,144,6127,leiden,1,854,,0.04066729545593262,
pace-exact/exact078.gr,144,6127,leiden,2,854,,0.0460505485534668,
pace-exact/exact078.gr,144,6127,mfp,0,4363,,0.5124502182006836,
pace-exact/exact078.gr,144,6127,mfp,1,4188,,0.5086855888366699,
pace-exact/exact078.gr,144,6127,mfp,2,2365,,1.2151367664337158,
pace-exact/exact078.gr,144,6127,ins,0,854,,0.10734152793884277,
pace-exact/exact078.gr,144,6127,ins,1,854,,0.04041123390197754,
pace-exact/exact078.gr,144,6127,ins,2,854,,0.0363306999206543,
pace-exact/exact078.gr,144,6127,flip,0,854,,0.7184269428253174,
pace-exact/exact078.gr,144,6127,flip,1,854,,0.7086918354034424,
pace-exact/exact078.gr,144,6127,flip,2,854,,0.700385332107544,
pace-exact/exact078.gr,144,6127,certiflip,0,854,853.9999999999995,4.845690011978149,
pace-exact/exact076.gr,144,2216,kapoce,0,369,,30.263921976089478,
pace-exact/exact078.gr,144,6127,lb:greedy,0,,769.0,0.04461526870727539,
pace-exact/exact078.gr,144,6127,lb:tri-mwu,0,,849.5985915492957,0.21768498420715332,
pace-exact/exact079.gr,159,433,pivot,0,70,,0.00014638900756835938,
pace-exact/exact079.gr,159,433,pivot,1,71,,5.8650970458984375e-05,
pace-exact/exact079.gr,159,433,pivot,2,91,,4.124641418457031e-05,
pace-exact/exact079.gr,159,433,pivot50,0,53,,0.0059893131256103516,
pace-exact/exact079.gr,159,433,pivot50,1,58,,0.0018281936645507812,
pace-exact/exact079.gr,159,433,pivot50,2,56,,0.013954639434814453,
pace-exact/exact079.gr,159,433,vote,0,48,,0.00013780593872070312,
pace-exact/exact079.gr,159,433,vote,1,48,,0.6411397457122803,
pace-exact/exact079.gr,159,433,vote,2,48,,0.0001971721649169922,
pace-exact/exact079.gr,159,433,louvain,0,48,,0.015560626983642578,
pace-exact/exact079.gr,159,433,louvain,1,48,,0.0005021095275878906,
pace-exact/exact079.gr,159,433,louvain,2,48,,0.00043082237243652344,
pace-exact/exact079.gr,159,433,leiden,0,48,,0.8507134914398193,
pace-exact/exact079.gr,159,433,leiden,1,48,,0.01566481590270996,
pace-exact/exact079.gr,159,433,leiden,2,48,,0.02223372459411621,
pace-exact/exact079.gr,159,433,mfp,0,140,,0.049773216247558594,
pace-exact/exact079.gr,159,433,mfp,1,115,,0.0025548934936523438,
pace-exact/exact079.gr,159,433,mfp,2,124,,0.010509729385375977,
pace-exact/exact079.gr,159,433,ins,0,48,,0.014397859573364258,
pace-exact/exact079.gr,159,433,ins,1,48,,0.0009036064147949219,
pace-exact/exact079.gr,159,433,ins,2,48,,0.005269527435302734,
pace-exact/exact079.gr,159,433,flip,0,48,,0.03338432312011719,
pace-exact/exact079.gr,159,433,flip,1,48,,0.03273963928222656,
pace-exact/exact079.gr,159,433,flip,2,48,,0.03260350227355957,
pace-exact/exact079.gr,159,433,certiflip,0,48,48.0,0.30358028411865234,
pace-exact/exact074.gr,140,5550,kapoce,0,995,,54.45809030532837,
pace-exact/exact079.gr,159,433,lb:greedy,0,,47.0,0.011574506759643555,
pace-exact/exact079.gr,159,433,lb:tri-mwu,0,,47.88732394366197,0.03645658493041992,
pace-exact/exact080.gr,159,1152,pivot,0,461,,0.00013136863708496094,
pace-exact/exact080.gr,159,1152,pivot,1,535,,8.082389831542969e-05,
pace-exact/exact080.gr,159,1152,pivot,2,492,,7.963180541992188e-05,
pace-exact/exact080.gr,159,1152,pivot50,0,359,,0.010110616683959961,
pace-exact/exact080.gr,159,1152,pivot50,1,366,,0.0018985271453857422,
pace-exact/exact080.gr,159,1152,pivot50,2,385,,0.0019350051879882812,
pace-exact/exact080.gr,159,1152,vote,0,346,,0.008198261260986328,
pace-exact/exact080.gr,159,1152,vote,1,378,,0.0001633167266845703,
pace-exact/exact080.gr,159,1152,vote,2,397,,0.0001456737518310547,
pace-exact/exact080.gr,159,1152,louvain,0,343,,0.012739896774291992,
pace-exact/exact080.gr,159,1152,louvain,1,368,,0.0009484291076660156,
pace-exact/exact080.gr,159,1152,louvain,2,368,,0.7809255123138428,
pace-exact/exact080.gr,159,1152,leiden,0,343,,0.8220124244689941,
pace-exact/exact080.gr,159,1152,leiden,1,345,,0.01134347915649414,
pace-exact/exact080.gr,159,1152,leiden,2,345,,0.00823211669921875,
pace-exact/exact080.gr,159,1152,mfp,0,867,,0.03581523895263672,
pace-exact/exact080.gr,159,1152,mfp,1,782,,0.010949373245239258,
pace-exact/exact080.gr,159,1152,mfp,2,880,,0.009933948516845703,
pace-exact/exact080.gr,159,1152,ins,0,342,,0.007475614547729492,
pace-exact/exact080.gr,159,1152,ins,1,342,,0.0022253990173339844,
pace-exact/exact080.gr,159,1152,ins,2,342,,0.0021588802337646484,
pace-exact/exact080.gr,159,1152,flip,0,342,,0.0573725700378418,
pace-exact/exact080.gr,159,1152,flip,1,342,,0.0559992790222168,
pace-exact/exact080.gr,159,1152,flip,2,342,,0.08707404136657715,
pace-exact/exact080.gr,159,1152,certiflip,0,342,337.49999999999994,4.9563374519348145,
pace-exact/exact079.gr,159,433,kapoce,0,48,,10.565393686294556,
pace-exact/exact080.gr,159,1152,lb:greedy,0,,304.0,0.012023210525512695,
pace-exact/exact080.gr,159,1152,lb:tri-mwu,0,,326.2781690140845,0.7999670505523682,
pace-exact/exact081.gr,159,3752,pivot,0,2563,,0.007493495941162109,
pace-exact/exact081.gr,159,3752,pivot,1,4639,,0.00010466575622558594,
pace-exact/exact081.gr,159,3752,pivot,2,2760,,9.775161743164062e-05,
pace-exact/exact081.gr,159,3752,pivot50,0,2421,,0.006436824798583984,
pace-exact/exact081.gr,159,3752,pivot50,1,2338,,0.0062711238861083984,
pace-exact/exact081.gr,159,3752,pivot50,2,2129,,0.0021691322326660156,
pace-exact/exact081.gr,159,3752,vote,0,2193,,0.010413408279418945,
pace-exact/exact081.gr,159,3752,vote,1,2060,,0.00038051605224609375,
pace-exact/exact081.gr,159,3752,vote,2,2165,,0.00033402442932128906,
pace-exact/exact081.gr,159,3752,louvain,0,2046,,0.01235198974609375,
pace-exact/exact081.gr,159,3752,louvain,1,2060,,0.009158134460449219,
pace-exact/exact081.gr,159,3752,louvain,2,2159,,0.0010273456573486328,
pace-exact/exact081.gr,159,3752,leiden,0,2042,,0.981400728225708,
pace-exact/exact081.gr,159,3752,leiden,1,2180,,0.03389120101928711,
pace-exact/exact081.gr,159,3752,leiden,2,2152,,0.03620147705078125,
pace-exact/exact081.gr,159,3752,mfp,0,4051,,0.1186211109161377,
pace-exact/exact081.gr,159,3752,mfp,1,3911,,0.11325597763061523,
pace-exact/exact077.gr,144,3089,kapoce,0,78,,36.50033617019653,
pace-exact/exact081.gr,159,3752,ins,0,2042,,0.05282735824584961,
pace-exact/exact081.gr,159,3752,mfp,2,3847,,0.11930203437805176,
pace-exact/exact081.gr,159,3752,ins,1,2043,,0.0541229248046875,
pace-exact/exact081.gr,159,3752,ins,2,2046,,0.06833148002624512,
pace-exact/exact081.gr,159,3752,flip,0,2042,,0.9563217163085938,
pace-exact/exact081.gr,159,3752,flip,1,2042,,1.5285909175872803,
pace-exact/exact081.gr,159,3752,flip,2,2042,,0.832697868347168,
pace-exact/exact080.gr,159,1152,kapoce,0,342,,25.07883644104004,
pace-exact/exact081.gr,159,3752,lb:greedy,0,,1561.0,0.016388416290283203,
pace-exact/exact081.gr,159,3752,lb:tri-mwu,0,,1710.8798586572439,0.26043152809143066,
pace-exact/exact082.gr,160,4015,pivot,0,3574,,0.000148773193359375,
pace-exact/exact082.gr,160,4015,pivot,1,3409,,0.00010085105895996094,
pace-exact/exact082.gr,160,4015,pivot,2,3379,,0.00010848045349121094,
pace-exact/exact082.gr,160,4015,pivot50,0,2987,,0.6523895263671875,
pace-exact/exact082.gr,160,4015,pivot50,1,3061,,0.002155780792236328,
pace-exact/exact082.gr,160,4015,pivot50,2,3035,,0.006341457366943359,
pace-exact/exact082.gr,160,4015,vote,0,2435,,0.013353586196899414,
pace-exact/exact082.gr,160,4015,vote,1,2434,,0.004555463790893555,
pace-exact/exact082.gr,160,4015,vote,2,2509,,0.0044515132904052734,
pace-exact/exact082.gr,160,4015,louvain,0,2434,,0.020931005477905273,
pace-exact/exact082.gr,160,4015,louvain,1,2434,,0.0011518001556396484,
pace-exact/exact082.gr,160,4015,louvain,2,2509,,0.005463123321533203,
pace-exact/exact082.gr,160,4015,leiden,0,2434,,0.8891386985778809,
pace-exact/exact082.gr,160,4015,leiden,1,2542,,0.04411482810974121,
pace-exact/exact082.gr,160,4015,leiden,2,2436,,0.05920577049255371,
pace-exact/exact082.gr,160,4015,mfp,0,4350,,0.12418484687805176,
pace-exact/exact082.gr,160,4015,mfp,1,4426,,0.07973814010620117,
pace-exact/exact082.gr,160,4015,mfp,2,4351,,0.08245468139648438,
pace-exact/exact082.gr,160,4015,ins,0,2434,,0.04838442802429199,
pace-exact/exact082.gr,160,4015,ins,1,2434,,0.0382838249206543,
pace-exact/exact082.gr,160,4015,ins,2,2434,,0.038982391357421875,
pace-exact/exact082.gr,160,4015,flip,0,2434,,0.7148568630218506,
pace-exact/exact082.gr,160,4015,flip,1,2434,,0.7435476779937744,
pace-exact/exact082.gr,160,4015,flip,2,2434,,1.4202044010162354,
pace-exact/exact078.gr,144,6127,kapoce,0,854,,60.103986501693726,
pace-exact/exact081.gr,159,3752,kapoce,0,2042,,60.07664680480957,
pace-exact/exact082.gr,160,4015,lb:greedy,0,,1802.0,0.7031893730163574,
pace-exact/exact082.gr,160,4015,lb:tri-mwu,0,,2001.4814814814815,0.41720056533813477,
pace-exact/exact083.gr,160,4259,pivot,0,4274,,0.007970571517944336,
pace-exact/exact083.gr,160,4259,pivot,1,4298,,0.00011086463928222656,
pace-exact/exact083.gr,160,4259,pivot,2,4062,,9.894371032714844e-05,
pace-exact/exact083.gr,160,4259,pivot50,0,3731,,0.002682209014892578,
pace-exact/exact083.gr,160,4259,pivot50,1,3677,,0.0022797584533691406,
pace-exact/exact083.gr,160,4259,pivot50,2,3541,,0.0021772384643554688,
pace-exact/exact083.gr,160,4259,vote,0,2944,,0.004647016525268555,
pace-exact/exact083.gr,160,4259,vote,1,2955,,0.0006108283996582031,
pace-exact/exact083.gr,160,4259,vote,2,2943,,0.0005142688751220703,
pace-exact/exact083.gr,160,4259,louvain,0,2944,,0.007823467254638672,
pace-exact/exact083.gr,160,4259,louvain,1,2949,,0.0012140274047851562,
pace-exact/exact083.gr,160,4259,louvain,2,2943,,0.0011548995971679688,
pace-exact/exact083.gr,160,4259,leiden,0,2951,,0.7504847049713135,
pace-exact/exact083.gr,160,4259,leiden,1,2971,,0.04268455505371094,
pace-exact/exact083.gr,160,4259,leiden,2,2974,,0.044509172439575195,
pace-exact/exact083.gr,160,4259,mfp,0,4578,,0.09105372428894043,
pace-exact/exact083.gr,160,4259,mfp,1,4461,,0.09014749526977539,
pace-exact/exact083.gr,160,4259,mfp,2,4466,,0.0865638256072998,
pace-exact/exact081.gr,159,3752,certiflip,0,2042,1727.2529273900727,62.908785343170166,
pace-exact/exact083.gr,160,4259,ins,1,2961,,0.05981707572937012,
pace-exact/exact083.gr,160,4259,ins,2,2947,,0.06443572044372559,
pace-exact/exact083.gr,160,4259,ins,0,2946,,1.0133941173553467,
pace-exact/exact083.gr,160,4259,flip,0,2942,,1.3665764331817627,
pace-exact/exact083.gr,160,4259,flip,1,2942,,1.1253917217254639,
pace-exact/exact083.gr,160,4259,flip,2,2942,,1.283627986907959,
pace-exact/exact082.gr,160,4015,kapoce,0,2434,,60.0885066986084,
pace-exact/exact083.gr,160,4259,lb:greedy,0,,1849.0,0.03351473808288574,
pace-exact/exact082.gr,160,4015,certiflip,0,2434,1957.0917703088817,69.14452314376831,
pace-exact/exact084.gr,160,4436,pivot,0,3632,,0.008236408233642578,
pace-exact/exact084.gr,160,4436,pivot,1,2753,,0.00011730194091796875,
pace-exact/exact084.gr,160,4436,pivot,2,3764,,0.00011086463928222656,
pace-exact/exact084.gr,160,4436,pivot50,0,2686,,0.0023293495178222656,
pace-exact/exact084.gr,160,4436,pivot50,1,2655,,0.010365009307861328,
pace-exact/exact084.gr,160,4436,pivot50,2,2816,,0.002176046371459961,
pace-exact/exact084.gr,160,4436,vote,0,2251,,0.008604764938354492,
pace-exact/exact084.gr,160,4436,vote,1,2253,,0.01245427131652832,
pace-exact/exact084.gr,160,4436,vote,2,2259,,0.0003516674041748047,
pace-exact/exact084.gr,160,4436,louvain,0,2251,,0.0010979175567626953,
pace-exact/exact084.gr,160,4436,louvain,1,2253,,0.0010161399841308594,
pace-exact/exact084.gr,160,4436,louvain,2,2253,,0.0010178089141845703,
pace-exact/exact083.gr,160,4259,lb:tri-mwu,0,,2122.296296296296,0.4686281681060791,
pace-exact/exact084.gr,160,4436,leiden,0,2251,,1.125683307647705,
pace-exact/exact084.gr,160,4436,leiden,2,2251,,0.05141258239746094,
pace-exact/exact084.gr,160,4436,mfp,0,4147,,0.2004241943359375,
pace-exact/exact084.gr,160,4436,leiden,1,2256,,1.185286283493042,
pace-exact/exact084.gr,160,4436,mfp,1,4607,,0.1675703525543213,
pace-exact/exact084.gr,160,4436,mfp,2,4115,,0.18010807037353516,
pace-exact/exact084.gr,160,4436,ins,0,2249,,0.07332324981689453,
pace-exact/exact084.gr,160,4436,ins,1,2249,,0.06152176856994629,
pace-exact/exact084.gr,160,4436,ins,2,2249,,0.0892336368560791,
pace-exact/exact084.gr,160,4436,flip,0,2249,,1.1680490970611572,
pace-exact/exact084.gr,160,4436,flip,1,2249,,1.9286394119262695,
pace-exact/exact084.gr,160,4436,flip,2,2249,,1.2373473644256592,
pace-exact/exact083.gr,160,4259,kapoce,0,2939,,60.09053826332092,
pace-exact/exact084.gr,160,4436,lb:greedy,0,,1699.0,0.017460346221923828,
pace-exact/exact084.gr,160,4436,lb:tri-mwu,0,,2132.7697841726617,0.38637256622314453,
pace-exact/exact085.gr,160,5705,pivot,0,1808,,0.0001671314239501953,
pace-exact/exact085.gr,160,5705,pivot,1,2250,,0.00011682510375976562,
pace-exact/exact085.gr,160,5705,pivot,2,1877,,0.00018858909606933594,
pace-exact/exact085.gr,160,5705,pivot50,0,1092,,0.0021514892578125,
pace-exact/exact085.gr,160,5705,pivot50,1,1152,,0.002115011215209961,
pace-exact/exact085.gr,160,5705,pivot50,2,1133,,0.0021049976348876953,
pace-exact/exact085.gr,160,5705,vote,0,1047,,0.0003979206085205078,
pace-exact/exact085.gr,160,5705,vote,1,1047,,0.0003361701965332031,
pace-exact/exact085.gr,160,5705,vote,2,1047,,0.0003609657287597656,
pace-exact/exact085.gr,160,5705,louvain,0,1047,,0.0009748935699462891,
pace-exact/exact085.gr,160,5705,louvain,1,1047,,0.0009083747863769531,
pace-exact/exact085.gr,160,5705,louvain,2,1047,,0.8466579914093018,
pace-exact/exact083.gr,160,4259,certiflip,0,2939,1915.4796921041088,63.686129570007324,
pace-exact/exact085.gr,160,5705,leiden,0,1047,,1.2163333892822266,
pace-exact/exact085.gr,160,5705,leiden,2,1047,,0.05389666557312012,
pace-exact/exact085.gr,160,5705,mfp,0,3954,,0.5467813014984131,
pace-exact/exact085.gr,160,5705,leiden,1,1047,,0.9896557331085205,
pace-exact/exact085.gr,160,5705,mfp,1,3568,,0.3850250244140625,
pace-exact/exact085.gr,160,5705,ins,0,1047,,0.081573486328125,
pace-exact/exact085.gr,160,5705,ins,1,1047,,0.056715965270996094,
pace-exact/exact085.gr,160,5705,mfp,2,2272,,0.29688167572021484,
pace-exact/exact085.gr,160,5705,ins,2,1047,,0.06371283531188965,
pace-exact/exact085.gr,160,5705,flip,0,1047,,0.6829788684844971,
pace-exact/exact085.gr,160,5705,flip,1,1047,,0.886868953704834,
pace-exact/exact085.gr,160,5705,flip,2,1047,,0.7483785152435303,
pace-exact/exact085.gr,160,5705,certiflip,0,1047,1046.9999999999982,22.957204818725586,
pace-exact/exact085.gr,160,5705,lb:greedy,0,,934.0,0.023052453994750977,
pace-exact/exact085.gr,160,5705,lb:tri-mwu,0,,1036.9471830985915,0.2183377742767334,
pace-exact/exact086.gr,160,6348,pivot,0,4393,,0.0001537799835205078,
pace-exact/exact086.gr,160,6348,pivot,1,4438,,0.00011563301086425781,
pace-exact/exact086.gr,160,6348,pivot,2,4765,,9.489059448242188e-05,
pace-exact/exact086.gr,160,6348,pivot50,0,3230,,0.0024340152740478516,
pace-exact/exact086.gr,160,6348,pivot50,1,3224,,0.006544828414916992,
pace-exact/exact086.gr,160,6348,pivot50,2,3094,,0.003932952880859375,
pace-exact/exact086.gr,160,6348,vote,0,2839,,0.00039386749267578125,
pace-exact/exact086.gr,160,6348,vote,1,2839,,0.00040435791015625,
pace-exact/exact086.gr,160,6348,vote,2,2838,,0.811842679977417,
pace-exact/exact086.gr,160,6348,louvain,0,2838,,0.007799386978149414,
pace-exact/exact086.gr,160,6348,louvain,1,2838,,0.0011386871337890625,
pace-exact/exact086.gr,160,6348,louvain,2,2838,,0.0010640621185302734,
pace-exact/exact086.gr,160,6348,leiden,0,2838,,1.2884774208068848,
pace-exact/exact086.gr,160,6348,leiden,1,2838,,0.05256843566894531,
pace-exact/exact086.gr,160,6348,leiden,2,2838,,0.045679330825805664,
pace-exact/exact084.gr,160,4436,kapoce,0,2249,,60.111403465270996,
pace-exact/exact086.gr,160,6348,mfp,0,6781,,0.40104198455810547,
pace-exact/exact086.gr,160,6348,mfp,1,5681,,0.4188709259033203,
pace-exact/exact086.gr,160,6348,ins,0,2838,,0.10850763320922852,
pace-exact/exact086.gr,160,6348,mfp,2,6201,,0.41732025146484375,
pace-exact/exact086.gr,160,6348,ins,1,2838,,0.0757589340209961,
pace-exact/exact084.gr,160,4436,certiflip,0,2249,1834.6054025654976,61.23467707633972,
pace-exact/exact086.gr,160,6348,ins,2,2838,,1.0878751277923584,
pace-exact/exact086.gr,160,6348,flip,0,2838,,1.882871389389038,
pace-exact/exact086.gr,160,6348,flip,1,2838,,1.8766822814941406,
pace-exact/exact086.gr,160,6348,flip,2,2838,,1.6135177612304688,
pace-exact/exact086.gr,160,6348,lb:greedy,0,,2234.0,0.09009170532226562,
pace-exact/exact086.gr,160,6348,lb:tri-mwu,0,,2799.367491166078,0.7849609851837158,
pace-exact/exact087.gr,160,9200,pivot,0,4481,,0.00017452239990234375,
pace-exact/exact087.gr,160,9200,pivot,1,3673,,0.00011944770812988281,
pace-exact/exact087.gr,160,9200,pivot,2,4640,,0.00012683868408203125,
pace-exact/exact087.gr,160,9200,pivot50,0,3431,,0.006649971008300781,
pace-exact/exact087.gr,160,9200,pivot50,1,3341,,0.0067081451416015625,
pace-exact/exact087.gr,160,9200,pivot50,2,3423,,0.006712198257446289,
pace-exact/exact087.gr,160,9200,vote,0,3249,,0.0005221366882324219,
pace-exact/exact087.gr,160,9200,vote,1,3249,,0.00043392181396484375,
pace-exact/exact087.gr,160,9200,vote,2,3243,,0.0004889965057373047,
pace-exact/exact087.gr,160,9200,louvain,0,3243,,0.005760908126831055,
pace-exact/exact087.gr,160,9200,louvain,1,3249,,0.005169391632080078,
pace-exact/exact087.gr,160,9200,louvain,2,3243,,0.005246877670288086,
pace-exact/exact087.gr,160,9200,leiden,0,3243,,1.0670437812805176,
pace-exact/exact087.gr,160,9200,leiden,1,3243,,0.09724879264831543,
pace-exact/exact087.gr,160,9200,leiden,2,3249,,0.05956244468688965,
pace-exact/exact087.gr,160,9200,mfp,0,7017,,0.9302663803100586,
pace-exact/exact087.gr,160,9200,mfp,1,7338,,1.7198336124420166,
pace-exact/exact087.gr,160,9200,mfp,2,7903,,1.0850250720977783,
pace-exact/exact087.gr,160,9200,ins,0,3249,,0.22462701797485352,
pace-exact/exact087.gr,160,9200,ins,1,3243,,0.10228848457336426,
pace-exact/exact087.gr,160,9200,ins,2,3249,,0.09832930564880371,
pace-exact/exact087.gr,160,9200,flip,0,3243,,1.9608945846557617,
pace-exact/exact087.gr,160,9200,flip,1,3243,,1.9736051559448242,
pace-exact/exact087.gr,160,9200,flip,2,3249,,1.7952239513397217,
pace-exact/exact085.gr,160,5705,kapoce,0,1047,,60.12245178222656,
pace-exact/exact086.gr,160,6348,kapoce,0,2838,,60.141555070877075,
pace-exact/exact087.gr,160,9200,lb:greedy,0,,2515.0,0.08461809158325195,
pace-exact/exact086.gr,160,6348,certiflip,0,2838,1816.2023957656456,61.16083002090454,
pace-exact/exact088.gr,171,936,pivot,0,313,,0.0001518726348876953,
pace-exact/exact088.gr,171,936,pivot,1,336,,8.392333984375e-05,
pace-exact/exact088.gr,171,936,pivot,2,342,,6.461143493652344e-05,
pace-exact/exact088.gr,171,936,pivot50,0,230,,0.010208368301391602,
pace-exact/exact088.gr,171,936,pivot50,1,226,,0.006189823150634766,
pace-exact/exact088.gr,171,936,pivot50,2,229,,0.001986980438232422,
pace-exact/exact088.gr,171,936,vote,0,218,,0.0001685619354248047,
pace-exact/exact088.gr,171,936,vote,1,203,,0.0001709461212158203,
pace-exact/exact087.gr,160,9200,lb:tri-mwu,0,,3080.0669014084506,0.8549387454986572,
pace-exact/exact088.gr,171,936,louvain,0,204,,0.0008578300476074219,
pace-exact/exact088.gr,171,936,louvain,1,202,,0.0005624294281005859,
pace-exact/exact088.gr,171,936,louvain,2,202,,0.0006864070892333984,
pace-exact/exact088.gr,171,936,vote,2,202,,0.8150200843811035,
pace-exact/exact088.gr,171,936,leiden,0,198,,1.2996644973754883,
pace-exact/exact088.gr,171,936,leiden,2,198,,0.03563261032104492,
pace-exact/exact088.gr,171,936,mfp,0,665,,0.04027962684631348,
pace-exact/exact088.gr,171,936,mfp,1,496,,0.0283663272857666,
pace-exact/exact088.gr,171,936,mfp,2,659,,0.020264625549316406,
pace-exact/exact088.gr,171,936,ins,0,198,,0.002018451690673828,
pace-exact/exact088.gr,171,936,ins,1,198,,0.0017571449279785156,
pace-exact/exact088.gr,171,936,ins,2,198,,0.0018787384033203125,
pace-exact/exact088.gr,171,936,flip,0,198,,0.07465457916259766,
pace-exact/exact088.gr,171,936,flip,1,198,,0.07516121864318848,
pace-exact/exact088.gr,171,936,flip,2,198,,0.07798242568969727,
pace-exact/exact088.gr,171,936,leiden,1,198,,1.4112279415130615,
pace-exact/exact088.gr,171,936,certiflip,0,198,198.0,1.7033889293670654,
pace-exact/exact088.gr,171,936,lb:greedy,0,,183.0,0.020343303680419922,
pace-exact/exact088.gr,171,936,lb:tri-mwu,0,,192.16197183098592,0.0479278564453125,
pace-exact/exact089.gr,171,1623,pivot,0,672,,0.0001380443572998047,
pace-exact/exact089.gr,171,1623,pivot,1,940,,6.651878356933594e-05,
pace-exact/exact089.gr,171,1623,pivot,2,767,,8.034706115722656e-05,
pace-exact/exact089.gr,171,1623,pivot50,0,650,,0.010184526443481445,
pace-exact/exact089.gr,171,1623,pivot50,1,643,,0.010158061981201172,
pace-exact/exact089.gr,171,1623,pivot50,2,613,,0.010115623474121094,
pace-exact/exact089.gr,171,1623,vote,0,546,,0.00019741058349609375,
pace-exact/exact089.gr,171,1623,vote,1,544,,0.0002033710479736328,
pace-exact/exact089.gr,171,1623,vote,2,540,,0.00018215179443359375,
pace-exact/exact089.gr,171,1623,louvain,0,544,,0.0007686614990234375,
pace-exact/exact089.gr,171,1623,louvain,1,544,,0.0006394386291503906,
pace-exact/exact089.gr,171,1623,louvain,2,536,,0.0009074211120605469,
pace-exact/exact089.gr,171,1623,leiden,0,542,,1.510751485824585,
pace-exact/exact089.gr,171,1623,leiden,1,536,,0.034935712814331055,
pace-exact/exact089.gr,171,1623,leiden,2,536,,0.04866337776184082,
pace-exact/exact089.gr,171,1623,mfp,0,1467,,0.06006145477294922,
pace-exact/exact089.gr,171,1623,mfp,1,1387,,0.051209211349487305,
pace-exact/exact089.gr,171,1623,mfp,2,1352,,1.0076699256896973,
pace-exact/exact089.gr,171,1623,ins,0,534,,0.10622406005859375,
pace-exact/exact089.gr,171,1623,ins,1,534,,0.022387027740478516,
pace-exact/exact089.gr,171,1623,ins,2,534,,0.012426137924194336,
pace-exact/exact089.gr,171,1623,flip,0,534,,0.24819135665893555,
pace-exact/exact089.gr,171,1623,flip,1,534,,0.23787641525268555,
pace-exact/exact089.gr,171,1623,flip,2,534,,0.2468860149383545,
pace-exact/exact089.gr,171,1623,certiflip,0,534,534.0,2.7210593223571777,
pace-exact/exact087.gr,160,9200,certiflip,0,3243,2025.520294467432,60.12668538093567,
pace-exact/exact089.gr,171,1623,lb:greedy,0,,466.0,0.009389400482177734,
pace-exact/exact089.gr,171,1623,lb:tri-mwu,0,,521.2288732394367,0.05697035789489746,
pace-exact/exact090.gr,171,4211,pivot,0,3147,,0.004178047180175781,
pace-exact/exact090.gr,171,4211,pivot,1,2981,,0.00010943412780761719,
pace-exact/exact090.gr,171,4211,pivot,2,3802,,0.00011706352233886719,
pace-exact/exact090.gr,171,4211,pivot50,0,2413,,0.002278566360473633,
pace-exact/exact090.gr,171,4211,pivot50,1,2464,,0.006409883499145508,
pace-exact/exact090.gr,171,4211,pivot50,2,2529,,0.010454416275024414,
pace-exact/exact090.gr,171,4211,vote,0,2125,,0.0003845691680908203,
pace-exact/exact090.gr,171,4211,vote,1,2123,,0.0004038810729980469,
pace-exact/exact090.gr,171,4211,vote,2,2106,,0.004426479339599609,
pace-exact/exact090.gr,171,4211,louvain,0,2125,,0.9042479991912842,
pace-exact/exact090.gr,171,4211,louvain,1,2123,,0.001165628433227539,
pace-exact/exact090.gr,171,4211,louvain,2,2105,,0.005131959915161133,
pace-exact/exact090.gr,171,4211,leiden,0,2104,,1.0804028511047363,
pace-exact/exact090.gr,171,4211,leiden,1,2107,,0.05538463592529297,
pace-exact/exact090.gr,171,4211,leiden,2,2108,,0.06644988059997559,
pace-exact/exact090.gr,171,4211,mfp,0,4809,,0.24172425270080566,
pace-exact/exact090.gr,171,4211,mfp,1,4444,,0.13652801513671875,
pace-exact/exact090.gr,171,4211,mfp,2,4446,,0.10492801666259766,
pace-exact/exact090.gr,171,4211,ins,0,2122,,0.08487725257873535,
pace-exact/exact090.gr,171,4211,ins,1,2122,,0.09583425521850586,
pace-exact/exact090.gr,171,4211,ins,2,2122,,0.08603501319885254,
pace-exact/exact090.gr,171,4211,flip,0,2105,,1.452615737915039,
pace-exact/exact090.gr,171,4211,flip,1,2104,,1.3584721088409424,
pace-exact/exact090.gr,171,4211,flip,2,2105,,1.2626762390136719,
pace-exact/exact087.gr,160,9200,kapoce,0,3243,,60.13211369514465,
pace-exact/exact088.gr,171,936,kapoce,0,198,,29.47624158859253,
pace-exact/exact090.gr,171,4211,lb:greedy,0,,1739.0,0.06388592720031738,
pace-exact/exact090.gr,171,4211,lb:tri-mwu,0,,1955.2042253521126,0.3555870056152344,
pace-exact/exact091.gr,180,4602,pivot,0,4143,,0.01199197769165039,
pace-exact/exact091.gr,180,4602,pivot,1,4445,,0.0001227855682373047,
pace-exact/exact091.gr,180,4602,pivot,2,4651,,0.00011849403381347656,
pace-exact/exact091.gr,180,4602,pivot50,0,3944,,0.0029306411743164062,
pace-exact/exact091.gr,180,4602,pivot50,1,3985,,0.002535104751586914,
pace-exact/exact091.gr,180,4602,pivot50,2,4078,,0.006373405456542969,
pace-exact/exact091.gr,180,4602,vote,0,3286,,0.004874229431152344,
pace-exact/exact091.gr,180,4602,vote,1,3264,,0.00048279762268066406,
pace-exact/exact091.gr,180,4602,vote,2,3283,,0.004611015319824219,
pace-exact/exact091.gr,180,4602,louvain,0,3261,,0.009327888488769531,
pace-exact/exact091.gr,180,4602,louvain,1,3242,,0.00130462646484375,
pace-exact/exact091.gr,180,4602,louvain,2,3248,,0.0016582012176513672,
pace-exact/exact091.gr,180,4602,leiden,0,3236,,0.026996612548828125,
pace-exact/exact091.gr,180,4602,leiden,1,3255,,0.023106813430786133,
pace-exact/exact091.gr,180,4602,leiden,2,3249,,0.034325599670410156,
pace-exact/exact091.gr,180,4602,mfp,0,5092,,1.1431472301483154,
pace-exact/exact091.gr,180,4602,mfp,1,5331,,0.12816357612609863,
pace-exact/exact091.gr,180,4602,mfp,2,5053,,0.07631635665893555,
pace-exact/exact091.gr,180,4602,ins,0,3243,,0.14614081382751465,
pace-exact/exact091.gr,180,4602,ins,1,3235,,0.08658218383789062,
pace-exact/exact091.gr,180,4602,ins,2,3236,,0.04812192916870117,
pace-exact/exact091.gr,180,4602,flip,0,3235,,1.1478495597839355,
pace-exact/exact091.gr,180,4602,flip,1,3235,,1.3650798797607422,
pace-exact/exact091.gr,180,4602,flip,2,3235,,1.452493667602539,
pace-exact/exact089.gr,171,1623,kapoce,0,534,,48.58796286582947,
pace-exact/exact090.gr,171,4211,certiflip,0,2104,1851.19526083635,60.1533043384552,
pace-exact/exact091.gr,180,4602,lb:greedy,0,,2108.0,0.030946016311645508,
pace-exact/exact091.gr,180,4602,lb:tri-mwu,0,,2293.188888888889,0.5608744621276855,
pace-exact/exact092.gr,180,6067,pivot,0,4551,,0.0001571178436279297,
pace-exact/exact092.gr,180,6067,pivot,1,4884,,0.0001289844512939453,
pace-exact/exact092.gr,180,6067,pivot,2,4567,,0.8802731037139893,
pace-exact/exact092.gr,180,6067,pivot50,0,4341,,0.006700277328491211,
pace-exact/exact092.gr,180,6067,pivot50,1,4222,,0.006505250930786133,
pace-exact/exact092.gr,180,6067,pivot50,2,4108,,0.0033452510833740234,
pace-exact/exact092.gr,180,6067,vote,0,3581,,0.009156942367553711,
pace-exact/exact092.gr,180,6067,vote,1,3571,,0.0006444454193115234,
pace-exact/exact092.gr,180,6067,vote,2,3571,,0.0004673004150390625,
pace-exact/exact092.gr,180,6067,louvain,0,3579,,0.00860142707824707,
pace-exact/exact092.gr,180,6067,louvain,1,3571,,0.0015380382537841797,
pace-exact/exact092.gr,180,6067,louvain,2,3571,,0.001194000244140625,
pace-exact/exact092.gr,180,6067,leiden,0,3570,,1.0522940158843994,
pace-exact/exact092.gr,180,6067,leiden,1,3573,,0.08850336074829102,
pace-exact/exact092.gr,180,6067,leiden,2,3576,,0.04877352714538574,
pace-exact/exact092.gr,180,6067,mfp,0,6361,,0.25008130073547363,
pace-exact/exact092.gr,180,6067,mfp,1,6999,,0.20884418487548828,
pace-exact/exact092.gr,180,6067,mfp,2,6159,,0.16383147239685059,
pace-exact/exact092.gr,180,6067,ins,0,3563,,0.0833737850189209,
pace-exact/exact092.gr,180,6067,ins,1,3563,,0.06485223770141602,
pace-exact/exact092.gr,180,6067,ins,2,3563,,0.0988466739654541,
pace-exact/exact092.gr,180,6067,flip,0,3563,,1.858426570892334,
pace-exact/exact092.gr,180,6067,flip,1,3563,,2.520019769668579,
pace-exact/exact092.gr,180,6067,flip,2,3563,,1.6760640144348145,
pace-exact/exact090.gr,171,4211,kapoce,0,2104,,60.09812664985657,
pace-exact/exact091.gr,180,4602,certiflip,0,3236,2019.9931922500073,65.30457496643066,
pace-exact/exact092.gr,180,6067,lb:greedy,0,,2438.0,0.03348064422607422,
pace-exact/exact092.gr,180,6067,lb:tri-mwu,0,,3024.366666666667,0.7862601280212402,
pace-exact/exact093.gr,180,6502,pivot,0,5486,,0.0001583099365234375,
pace-exact/exact093.gr,180,6502,pivot,1,5195,,0.00012922286987304688,
pace-exact/exact093.gr,180,6502,pivot,2,4927,,9.393692016601562e-05,
pace-exact/exact093.gr,180,6502,pivot50,0,4859,,0.0024640560150146484,
pace-exact/exact093.gr,180,6502,pivot50,1,4977,,0.002505779266357422,
pace-exact/exact093.gr,180,6502,pivot50,2,4528,,0.002499818801879883,
pace-exact/exact093.gr,180,6502,vote,0,3861,,0.0005152225494384766,
pace-exact/exact093.gr,180,6502,vote,1,3842,,0.00045418739318847656,
pace-exact/exact093.gr,180,6502,vote,2,3842,,1.0185916423797607,
pace-exact/exact093.gr,180,6502,louvain,0,3859,,0.020288705825805664,
pace-exact/exact093.gr,180,6502,louvain,1,3842,,0.0012712478637695312,
pace-exact/exact093.gr,180,6502,louvain,2,3842,,0.001291513442993164,
pace-exact/exact093.gr,180,6502,leiden,0,3860,,0.8218874931335449,
pace-exact/exact093.gr,180,6502,leiden,1,3844,,0.05849027633666992,
pace-exact/exact093.gr,180,6502,leiden,2,3861,,0.057151079177856445,
pace-exact/exact093.gr,180,6502,mfp,0,6475,,0.3575751781463623,
pace-exact/exact093.gr,180,6502,mfp,1,6977,,0.25939512252807617,
pace-exact/exact093.gr,180,6502,mfp,2,6470,,0.18548321723937988,
pace-exact/exact093.gr,180,6502,ins,0,3842,,0.12475752830505371,
pace-exact/exact093.gr,180,6502,ins,1,3842,,0.0958259105682373,
pace-exact/exact093.gr,180,6502,ins,2,3861,,0.08498215675354004,
pace-exact/exact093.gr,180,6502,flip,0,3842,,1.6599526405334473,
pace-exact/exact093.gr,180,6502,flip,1,3842,,1.4914836883544922,
pace-exact/exact093.gr,180,6502,flip,2,3842,,1.4337470531463623,
pace-exact/exact091.gr,180,4602,kapoce,0,3234,,60.11229872703552,
pace-exact/exact092.gr,180,6067,kapoce,0,3563,,60.09844994544983,
pace-exact/exact093.gr,180,6502,lb:greedy,0,,2704.0,0.025344133377075195,
pace-exact/exact093.gr,180,6502,lb:tri-mwu,0,,3240.659259259259,0.875572681427002,
pace-exact/exact094.gr,180,6894,pivot,0,3720,,0.0005948543548583984,
pace-exact/exact094.gr,180,6894,pivot,1,5364,,9.775161743164062e-05,
pace-exact/exact094.gr,180,6894,pivot,2,5064,,0.00011682510375976562,
pace-exact/exact094.gr,180,6894,pivot50,0,3447,,0.002653837203979492,
pace-exact/exact094.gr,180,6894,pivot50,1,3380,,0.002428770065307617,
pace-exact/exact094.gr,180,6894,pivot50,2,3642,,0.0024785995483398438,
pace-exact/exact094.gr,180,6894,vote,0,2763,,0.0004367828369140625,
pace-exact/exact094.gr,180,6894,vote,1,2764,,0.9156200885772705,
pace-exact/exact094.gr,180,6894,vote,2,2771,,0.0005300045013427734,
pace-exact/exact094.gr,180,6894,louvain,0,2763,,0.03266406059265137,
pace-exact/exact094.gr,180,6894,louvain,1,2764,,0.009301424026489258,
pace-exact/exact094.gr,180,6894,louvain,2,2771,,0.001154184341430664,
pace-exact/exact094.gr,180,6894,leiden,0,2764,,1.4355416297912598,
pace-exact/exact094.gr,180,6894,leiden,1,2763,,0.0547332763671875,
pace-exact/exact094.gr,180,6894,leiden,2,2771,,0.05647563934326172,
pace-exact/exact094.gr,180,6894,mfp,0,5984,,0.3559551239013672,
pace-exact/exact094.gr,180,6894,mfp,1,5712,,0.4122903347015381,
pace-exact/exact094.gr,180,6894,mfp,2,6945,,0.34702396392822266,
pace-exact/exact094.gr,180,6894,ins,0,2771,,0.09900331497192383,
pace-exact/exact094.gr,180,6894,ins,1,2771,,0.08186197280883789,
pace-exact/exact094.gr,180,6894,ins,2,2771,,0.08369588851928711,
pace-exact/exact094.gr,180,6894,flip,0,2763,,0.9866588115692139,
pace-exact/exact094.gr,180,6894,flip,1,2763,,1.5471243858337402,
pace-exact/exact092.gr,180,6067,certiflip,0,3563,2014.3836187104353,69.7597348690033,
pace-exact/exact094.gr,180,6894,flip,2,2763,,1.447779893875122,
pace-exact/exact093.gr,180,6502,certiflip,0,3842,1942.7718809966154,61.238141775131226,
pace-exact/exact094.gr,180,6894,lb:greedy,0,,2312.0,0.03298759460449219,
pace-exact/exact094.gr,180,6894,lb:tri-mwu,0,,2732.9718309859154,0.6094772815704346,
pace-exact/exact095.gr,180,7945,pivot,0,916,,0.00014972686767578125,
pace-exact/exact095.gr,180,7945,pivot,1,970,,0.9219822883605957,
pace-exact/exact095.gr,180,7945,pivot,2,692,,0.00014352798461914062,
pace-exact/exact095.gr,180,7945,pivot50,0,358,,0.008192777633666992,
pace-exact/exact095.gr,180,7945,pivot50,1,358,,0.002767801284790039,
pace-exact/exact095.gr,180,7945,pivot50,2,358,,0.006453514099121094,
pace-exact/exact095.gr,180,7945,vote,0,358,,0.005141258239746094,
pace-exact/exact095.gr,180,7945,vote,1,358,,0.00038361549377441406,
pace-exact/exact095.gr,180,7945,vote,2,358,,0.0003604888916015625,
pace-exact/exact095.gr,180,7945,louvain,0,358,,0.008433818817138672,
pace-exact/exact095.gr,180,7945,louvain,1,358,,0.0010318756103515625,
pace-exact/exact095.gr,180,7945,louvain,2,358,,0.0010209083557128906,
pace-exact/exact095.gr,180,7945,leiden,0,358,,1.018883228302002,
pace-exact/exact095.gr,180,7945,leiden,1,358,,0.044931888580322266,
pace-exact/exact095.gr,180,7945,leiden,2,358,,0.15410065650939941,
pace-exact/exact095.gr,180,7945,mfp,0,2367,,0.8827109336853027,
pace-exact/exact095.gr,180,7945,mfp,1,816,,0.9190843105316162,
pace-exact/exact093.gr,180,6502,kapoce,0,3842,,60.11173176765442,
pace-exact/exact095.gr,180,7945,ins,0,358,,0.0437166690826416,
pace-exact/exact095.gr,180,7945,ins,1,358,,0.04741668701171875,
pace-exact/exact095.gr,180,7945,ins,2,358,,0.027827739715576172,
pace-exact/exact095.gr,180,7945,mfp,2,2935,,0.9562346935272217,
pace-exact/exact095.gr,180,7945,flip,0,358,,0.6845242977142334,
pace-exact/exact095.gr,180,7945,flip,1,358,,0.7445979118347168,
pace-exact/exact095.gr,180,7945,flip,2,358,,0.7853779792785645,
pace-exact/exact095.gr,180,7945,certiflip,0,358,358.0,4.271836757659912,
pace-exact/exact095.gr,180,7945,lb:greedy,0,,344.0,0.05515551567077637,
pace-exact/exact095.gr,180,7945,lb:tri-mwu,0,,357.78521126760563,1.1269328594207764,
pace-exact/exact096.gr,180,9833,pivot,0,5104,,0.01212000846862793,
pace-exact/exact096.gr,180,9833,pivot,1,6419,,0.00013566017150878906,
pace-exact/exact096.gr,180,9833,pivot,2,5674,,0.0001404285430908203,
pace-exact/exact096.gr,180,9833,pivot50,0,3908,,0.0028913021087646484,
pace-exact/exact096.gr,180,9833,pivot50,1,4096,,0.0026810169219970703,
pace-exact/exact096.gr,180,9833,pivot50,2,3988,,0.0030837059020996094,
pace-exact/exact096.gr,180,9833,vote,0,3508,,0.0051724910736083984,
pace-exact/exact096.gr,180,9833,vote,1,3508,,0.00044465065002441406,
pace-exact/exact096.gr,180,9833,vote,2,3506,,0.0005230903625488281,
pace-exact/exact096.gr,180,9833,louvain,0,3506,,0.013907909393310547,
pace-exact/exact096.gr,180,9833,louvain,1,3508,,0.001264810562133789,
pace-exact/exact096.gr,180,9833,louvain,2,3506,,0.0012624263763427734,
pace-exact/exact096.gr,180,9833,leiden,0,3506,,1.1055998802185059,
pace-exact/exact096.gr,180,9833,leiden,1,3506,,0.07087492942810059,
pace-exact/exact096.gr,180,9833,leiden,2,3508,,0.07289862632751465,
pace-exact/exact096.gr,180,9833,mfp,0,5775,,1.091517686843872,
pace-exact/exact096.gr,180,9833,mfp,1,8091,,0.7185356616973877,
pace-exact/exact096.gr,180,9833,mfp,2,8299,,0.8858704566955566,
pace-exact/exact096.gr,180,9833,ins,0,3506,,0.20355439186096191,
pace-exact/exact096.gr,180,9833,ins,1,3506,,0.8342571258544922,
pace-exact/exact096.gr,180,9833,ins,2,3506,,0.17335772514343262,
pace-exact/exact096.gr,180,9833,flip,0,3506,,3.0304198265075684,
pace-exact/exact096.gr,180,9833,flip,1,3506,,2.783416986465454,
pace-exact/exact096.gr,180,9833,flip,2,3506,,2.939021587371826,
pace-exact/exact094.gr,180,6894,certiflip,0,2763,1996.3125079843512,60.32059717178345,
pace-exact/exact094.gr,180,6894,kapoce,0,2763,,60.12061357498169,
pace-exact/exact096.gr,180,9833,lb:greedy,0,,2673.0,0.08385348320007324,
pace-exact/exact096.gr,180,9833,lb:tri-mwu,0,,3461.426056338028,1.226609230041504,
pace-exact/exact097.gr,184,468,pivot,0,150,,1.037121295928955,
pace-exact/exact097.gr,184,468,pivot,1,175,,0.00014066696166992188,
pace-exact/exact097.gr,184,468,pivot,2,167,,0.00012421607971191406,
pace-exact/exact097.gr,184,468,pivot50,0,106,,0.0021500587463378906,
pace-exact/exact097.gr,184,468,pivot50,1,113,,0.002039670944213867,
pace-exact/exact097.gr,184,468,pivot50,2,106,,0.0062711238861083984,
pace-exact/exact097.gr,184,468,vote,0,98,,0.008773326873779297,
pace-exact/exact097.gr,184,468,vote,1,95,,0.00022363662719726562,
pace-exact/exact097.gr,184,468,vote,2,96,,0.0001361370086669922,
pace-exact/exact097.gr,184,468,louvain,0,97,,0.015842199325561523,
pace-exact/exact097.gr,184,468,louvain,1,95,,0.0005290508270263672,
pace-exact/exact097.gr,184,468,louvain,2,96,,0.0005123615264892578,
pace-exact/exact097.gr,184,468,leiden,0,96,,1.1344287395477295,
pace-exact/exact097.gr,184,468,leiden,1,97,,0.010844707489013672,
pace-exact/exact097.gr,184,468,leiden,2,96,,0.010642528533935547,
pace-exact/exact097.gr,184,468,mfp,0,302,,0.06223011016845703,
pace-exact/exact097.gr,184,468,mfp,1,269,,0.010668277740478516,
pace-exact/exact097.gr,184,468,mfp,2,337,,0.0065500736236572266,
pace-exact/exact097.gr,184,468,ins,0,95,,0.01943659782409668,
pace-exact/exact097.gr,184,468,ins,1,95,,0.00106048583984375,
pace-exact/exact097.gr,184,468,ins,2,96,,1.054121494293213,
pace-exact/exact097.gr,184,468,flip,0,95,,0.062392473220825195,
pace-exact/exact097.gr,184,468,flip,1,95,,0.05782508850097656,
pace-exact/exact097.gr,184,468,flip,2,95,,0.057621002197265625,
pace-exact/exact097.gr,184,468,certiflip,0,95,95.0,0.663261890411377,
pace-exact/exact095.gr,180,7945,kapoce,0,358,,60.12216806411743,
pace-exact/exact097.gr,184,468,lb:greedy,0,,84.0,0.016678810119628906,
pace-exact/exact097.gr,184,468,lb:tri-mwu,0,,91.44014084507042,0.037732601165771484,
pace-exact/exact098.gr,184,699,pivot,0,370,,0.0001277923583984375,
pace-exact/exact098.gr,184,699,pivot,1,415,,0.7371766567230225,
pace-exact/exact098.gr,184,699,pivot,2,397,,0.0001266002655029297,
pace-exact/exact098.gr,184,699,pivot50,0,290,,0.0021033287048339844,
pace-exact/exact098.gr,184,699,pivot50,1,273,,0.0020241737365722656,
pace-exact/exact098.gr,184,699,pivot50,2,274,,0.0020482540130615234,
pace-exact/exact098.gr,184,699,vote,0,233,,0.008956432342529297,
pace-exact/exact098.gr,184,699,vote,1,243,,0.00019168853759765625,
pace-exact/exact098.gr,184,699,vote,2,239,,0.0001666545867919922,
pace-exact/exact098.gr,184,699,louvain,0,233,,0.02021503448486328,
pace-exact/exact098.gr,184,699,louvain,1,233,,0.0006611347198486328,
pace-exact/exact098.gr,184,699,louvain,2,239,,0.0006115436553955078,
pace-exact/exact098.gr,184,699,leiden,0,226,,1.3719875812530518,
pace-exact/exact098.gr,184,699,leiden,1,233,,0.028592348098754883,
pace-exact/exact098.gr,184,699,leiden,2,228,,0.022882938385009766,
pace-exact/exact098.gr,184,699,mfp,0,545,,0.054650306701660156,
pace-exact/exact098.gr,184,699,mfp,1,631,,0.011995553970336914,
pace-exact/exact098.gr,184,699,mfp,2,584,,0.011952638626098633,
pace-exact/exact098.gr,184,699,ins,0,228,,0.02114248275756836,
pace-exact/exact098.gr,184,699,ins,1,226,,0.0016906261444091797,
pace-exact/exact098.gr,184,699,ins,2,228,,0.0016651153564453125,
pace-exact/exact098.gr,184,699,flip,0,226,,1.1842873096466064,
pace-exact/exact098.gr,184,699,flip,1,226,,0.057076215744018555,
pace-exact/exact098.gr,184,699,flip,2,226,,0.0710911750793457,
pace-exact/exact097.gr,184,468,kapoce,0,95,,18.536344051361084,
pace-exact/exact098.gr,184,699,certiflip,0,226,225.0,1.4203996658325195,
pace-exact/exact098.gr,184,699,lb:greedy,0,,189.0,0.016237258911132812,
pace-exact/exact098.gr,184,699,lb:tri-mwu,0,,209.0950704225352,0.05582618713378906,
pace-exact/exact099.gr,184,1367,pivot,0,799,,0.00011992454528808594,
pace-exact/exact099.gr,184,1367,pivot,1,836,,8.320808410644531e-05,
pace-exact/exact099.gr,184,1367,pivot,2,1043,,6.0558319091796875e-05,
pace-exact/exact099.gr,184,1367,pivot50,0,799,,0.002227783203125,
pace-exact/exact099.gr,184,1367,pivot50,1,797,,0.006821155548095703,
pace-exact/exact099.gr,184,1367,pivot50,2,836,,0.010942459106445312,
pace-exact/exact099.gr,184,1367,vote,0,651,,0.0002560615539550781,
pace-exact/exact099.gr,184,1367,vote,1,657,,0.00023221969604492188,
pace-exact/exact099.gr,184,1367,vote,2,667,,0.0001895427703857422,
pace-exact/exact099.gr,184,1367,louvain,0,651,,0.0007979869842529297,
pace-exact/exact099.gr,184,1367,louvain,1,657,,0.0006635189056396484,
pace-exact/exact099.gr,184,1367,louvain,2,654,,0.0007691383361816406,
pace-exact/exact099.gr,184,1367,leiden,0,654,,1.378044605255127,
pace-exact/exact099.gr,184,1367,leiden,1,653,,0.05640816688537598,
pace-exact/exact099.gr,184,1367,leiden,2,651,,1.427520751953125,
pace-exact/exact099.gr,184,1367,mfp,0,1356,,0.1334209442138672,
pace-exact/exact099.gr,184,1367,mfp,1,1432,,0.03537154197692871,
pace-exact/exact099.gr,184,1367,mfp,2,1332,,0.03411722183227539,
pace-exact/exact099.gr,184,1367,ins,0,651,,0.0942683219909668,
pace-exact/exact099.gr,184,1367,ins,1,651,,0.01239633560180664,
pace-exact/exact099.gr,184,1367,ins,2,652,,0.016864776611328125,
pace-exact/exact099.gr,184,1367,flip,0,650,,0.2636075019836426,
pace-exact/exact099.gr,184,1367,flip,1,650,,0.16908812522888184,
pace-exact/exact099.gr,184,1367,flip,2,650,,0.2880246639251709,
pace-exact/exact096.gr,180,9833,certiflip,0,3506,2025.3025671839287,60.2748908996582,
pace-exact/exact098.gr,184,699,kapoce,0,226,,25.644365549087524,
pace-exact/exact099.gr,184,1367,lb:greedy,0,,515.0,0.009188175201416016,
pace-exact/exact099.gr,184,1367,lb:tri-mwu,0,,567.4929577464789,0.07201695442199707,
pace-exact/exact100.gr,184,4953,pivot,0,4119,,0.00016570091247558594,
pace-exact/exact100.gr,184,4953,pivot,1,3828,,0.00010275840759277344,
pace-exact/exact100.gr,184,4953,pivot,2,4070,,9.369850158691406e-05,
pace-exact/exact100.gr,184,4953,pivot50,0,3518,,0.0024318695068359375,
pace-exact/exact100.gr,184,4953,pivot50,1,3305,,0.0024564266204833984,
pace-exact/exact100.gr,184,4953,pivot50,2,3409,,0.002391338348388672,
pace-exact/exact100.gr,184,4953,vote,0,2741,,0.00039696693420410156,
pace-exact/exact100.gr,184,4953,vote,1,2737,,0.00037217140197753906,
pace-exact/exact100.gr,184,4953,vote,2,2736,,0.0003662109375,
pace-exact/exact100.gr,184,4953,louvain,0,2736,,0.0015254020690917969,
pace-exact/exact100.gr,184,4953,louvain,1,2736,,0.0011341571807861328,
pace-exact/exact100.gr,184,4953,louvain,2,2736,,1.0191683769226074,
pace-exact/exact100.gr,184,4953,leiden,0,2743,,1.5311994552612305,
pace-exact/exact100.gr,184,4953,leiden,1,2736,,0.09481692314147949,
pace-exact/exact100.gr,184,4953,leiden,2,2736,,0.14007854461669922,
pace-exact/exact100.gr,184,4953,mfp,0,5427,,0.2974052429199219,
pace-exact/exact100.gr,184,4953,mfp,1,5821,,0.20461487770080566,
pace-exact/exact100.gr,184,4953,mfp,2,5188,,0.19542908668518066,
pace-exact/exact100.gr,184,4953,ins,0,2736,,0.1037745475769043,
pace-exact/exact100.gr,184,4953,ins,1,2736,,0.08799982070922852,
pace-exact/exact100.gr,184,4953,ins,2,2736,,0.08944225311279297,
pace-exact/exact100.gr,184,4953,flip,0,2736,,2.2726707458496094,
pace-exact/exact100.gr,184,4953,flip,1,2736,,2.4169979095458984,
pace-exact/exact096.gr,180,9833,kapoce,0,3506,,60.13000679016113,
pace-exact/exact100.gr,184,4953,flip,2,2736,,2.3931660652160645,
pace-exact/exact099.gr,184,1367,kapoce,0,650,,49.17381978034973,
pace-exact/exact100.gr,184,4953,lb:greedy,0,,2088.0,0.02746295928955078,
pace-exact/exact100.gr,184,4953,lb:tri-mwu,0,,2427.963503649635,0.5680592060089111,
pace-exact/exact101.gr,200,6731,pivot,0,5938,,0.0001728534698486328,
pace-exact/exact101.gr,200,6731,pivot,1,5786,,0.00012874603271484375,
pace-exact/exact101.gr,200,6731,pivot,2,6185,,0.00011777877807617188,
pace-exact/exact101.gr,200,6731,pivot50,0,5359,,0.010633230209350586,
pace-exact/exact101.gr,200,6731,pivot50,1,5104,,0.0025691986083984375,
pace-exact/exact101.gr,200,6731,pivot50,2,5376,,0.0025479793548583984,
pace-exact/exact101.gr,200,6731,vote,0,4199,,0.0007958412170410156,
pace-exact/exact101.gr,200,6731,vote,1,4199,,0.0005116462707519531,
pace-exact/exact101.gr,200,6731,vote,2,4198,,0.0006022453308105469,
pace-exact/exact101.gr,200,6731,louvain,0,4199,,0.0015454292297363281,
pace-exact/exact101.gr,200,6731,louvain,1,4199,,0.005353450775146484,
pace-exact/exact101.gr,200,6731,louvain,2,4198,,0.7795250415802002,
pace-exact/exact101.gr,200,6731,leiden,0,4323,,1.0571262836456299,
pace-exact/exact101.gr,200,6731,leiden,1,4201,,0.059842824935913086,
pace-exact/exact101.gr,200,6731,leiden,2,4354,,0.0863347053527832,
pace-exact/exact101.gr,200,6731,mfp,0,7191,,0.38871264457702637,
pace-exact/exact101.gr,200,6731,mfp,1,7099,,0.25913262367248535,
pace-exact/exact099.gr,184,1367,certiflip,0,650,636.6176335500859,62.39826941490173,
pace-exact/exact101.gr,200,6731,ins,0,4198,,0.11839509010314941,
pace-exact/exact101.gr,200,6731,mfp,2,7910,,0.2862510681152344,
pace-exact/exact101.gr,200,6731,ins,1,4199,,0.14721441268920898,
pace-exact/exact101.gr,200,6731,ins,2,4198,,0.19463801383972168,
pace-exact/exact101.gr,200,6731,flip,1,4198,,2.1842987537384033,
pace-exact/exact101.gr,200,6731,flip,0,4198,,2.2785277366638184,
pace-exact/exact101.gr,200,6731,flip,2,4198,,2.1863291263580322,
pace-exact/exact100.gr,184,4953,kapoce,0,2736,,60.104219913482666,
pace-exact/exact101.gr,200,6731,lb:greedy,0,,2817.0,0.038788795471191406,
pace-exact/exact100.gr,184,4953,certiflip,0,2736,2008.259117599222,62.41734528541565,
pace-exact/exact102.gr,200,6746,pivot,0,5976,,0.0001671314239501953,
pace-exact/exact102.gr,200,6746,pivot,1,5090,,0.00011658668518066406,
pace-exact/exact102.gr,200,6746,pivot,2,5503,,0.000110626220703125,
pace-exact/exact102.gr,200,6746,pivot50,0,5163,,0.002526521682739258,
pace-exact/exact101.gr,200,6731,lb:tri-mwu,0,,3354.3444444444444,0.789543867111206,
pace-exact/exact102.gr,200,6746,pivot50,1,4660,,0.018739938735961914,
pace-exact/exact102.gr,200,6746,pivot50,2,5160,,0.006657838821411133,
pace-exact/exact102.gr,200,6746,vote,1,3929,,0.0005054473876953125,
pace-exact/exact102.gr,200,6746,vote,0,3926,,0.0005438327789306641,
pace-exact/exact102.gr,200,6746,vote,2,4223,,0.0004398822784423828,
pace-exact/exact102.gr,200,6746,louvain,0,3925,,0.0013287067413330078,
pace-exact/exact102.gr,200,6746,louvain,1,3929,,0.0012202262878417969,
pace-exact/exact102.gr,200,6746,louvain,2,3929,,0.002068042755126953,
pace-exact/exact102.gr,200,6746,leiden,0,3929,,0.9508979320526123,
pace-exact/exact102.gr,200,6746,leiden,2,3963,,0.09009432792663574,
pace-exact/exact102.gr,200,6746,mfp,0,7365,,0.1861553192138672,
pace-exact/exact102.gr,200,6746,mfp,1,6772,,0.2558896541595459,
pace-exact/exact102.gr,200,6746,mfp,2,7278,,0.3213343620300293,
pace-exact/exact102.gr,200,6746,ins,0,3925,,0.11334919929504395,
pace-exact/exact102.gr,200,6746,leiden,1,3925,,1.517540454864502,
pace-exact/exact102.gr,200,6746,ins,2,3925,,0.07204556465148926,
pace-exact/exact102.gr,200,6746,ins,1,3925,,1.1897962093353271,
pace-exact/exact102.gr,200,6746,flip,0,3925,,1.7520711421966553,
pace-exact/exact102.gr,200,6746,flip,1,3925,,1.6136953830718994,
pace-exact/exact102.gr,200,6746,flip,2,3925,,2.04611873626709,
pace-exact/exact101.gr,200,6731,kapoce,0,4198,,60.12192416191101,
pace-exact/exact102.gr,200,6746,lb:greedy,0,,2869.0,0.03696012496948242,
pace-exact/exact101.gr,200,6731,certiflip,0,4198,2011.6773694949497,62.515331745147705,
pace-exact/exact103.gr,200,7081,pivot,0,6546,,0.00016188621520996094,
pace-exact/exact103.gr,200,7081,pivot,1,6948,,0.0001533031463623047,
pace-exact/exact103.gr,200,7081,pivot,2,6358,,0.00010585784912109375,
pace-exact/exact103.gr,200,7081,pivot50,0,5604,,0.011016368865966797,
pace-exact/exact103.gr,200,7081,pivot50,1,5513,,0.0025701522827148438,
pace-exact/exact102.gr,200,6746,lb:tri-mwu,0,,3362.4222222222224,1.0157368183135986,
pace-exact/exact103.gr,200,7081,vote,0,4681,,0.0007009506225585938,
pace-exact/exact103.gr,200,7081,vote,1,4580,,0.0006468296051025391,
pace-exact/exact103.gr,200,7081,vote,2,4678,,0.0006668567657470703,
pace-exact/exact103.gr,200,7081,louvain,0,4670,,0.0020825862884521484,
pace-exact/exact103.gr,200,7081,louvain,1,4575,,0.001975536346435547,
pace-exact/exact103.gr,200,7081,louvain,2,4676,,0.0015709400177001953,
pace-exact/exact103.gr,200,7081,leiden,0,4604,,0.08051443099975586,
pace-exact/exact103.gr,200,7081,pivot50,2,5628,,1.1368193626403809,
pace-exact/exact103.gr,200,7081,leiden,1,4577,,1.1531455516815186,
pace-exact/exact103.gr,200,7081,leiden,2,4686,,1.5272984504699707,
pace-exact/exact103.gr,200,7081,mfp,0,7469,,0.2877988815307617,
pace-exact/exact103.gr,200,7081,mfp,1,7787,,0.2963831424713135,
pace-exact/exact103.gr,200,7081,mfp,2,8248,,0.3108103275299072,
pace-exact/exact103.gr,200,7081,ins,0,4573,,0.11468362808227539,
pace-exact/exact103.gr,200,7081,ins,2,4572,,0.15652847290039062,
pace-exact/exact103.gr,200,7081,ins,1,4587,,0.20354485511779785,
pace-exact/exact103.gr,200,7081,flip,0,4572,,2.890395402908325,
pace-exact/exact103.gr,200,7081,flip,1,4572,,2.8879129886627197,
pace-exact/exact103.gr,200,7081,flip,2,4572,,2.5956244468688965,
pace-exact/exact102.gr,200,6746,certiflip,0,3925,2195.2374938328485,61.150484561920166,
pace-exact/exact103.gr,200,7081,lb:greedy,0,,3047.0,0.03450465202331543,
pace-exact/exact102.gr,200,6746,kapoce,0,3925,,60.1419939994812,
pace-exact/exact104.gr,200,9968,pivot,0,7288,,0.00014662742614746094,
pace-exact/exact104.gr,200,9968,pivot,1,6483,,0.0001354217529296875,
pace-exact/exact104.gr,200,9968,pivot,2,5856,,0.00010991096496582031,
pace-exact/exact104.gr,200,9968,pivot50,0,4889,,0.0027608871459960938,
pace-exact/exact104.gr,200,9968,pivot50,1,5193,,0.0028960704803466797,
pace-exact/exact104.gr,200,9968,pivot50,2,5106,,0.002806425094604492,
pace-exact/exact104.gr,200,9968,vote,0,4471,,0.0006399154663085938,
pace-exact/exact104.gr,200,9968,vote,1,4471,,0.0005800724029541016,
pace-exact/exact104.gr,200,9968,vote,2,4469,,0.0004935264587402344,
pace-exact/exact104.gr,200,9968,louvain,0,4471,,0.0014393329620361328,
pace-exact/exact104.gr,200,9968,louvain,1,4471,,0.0013489723205566406,
pace-exact/exact104.gr,200,9968,louvain,2,4469,,0.0012836456298828125,
pace-exact/exact104.gr,200,9968,leiden,0,4471,,0.07171416282653809,
pace-exact/exact104.gr,200,9968,leiden,1,4471,,0.07275080680847168,
pace-exact/exact103.gr,200,7081,lb:tri-mwu,0,,3529.340740740741,0.9622797966003418,
pace-exact/exact104.gr,200,9968,leiden,2,4471,,0.1771106719970703,
pace-exact/exact104.gr,200,9968,mfp,0,8785,,0.7586748600006104,
pace-exact/exact104.gr,200,9968,mfp,2,9360,,0.7276833057403564,
pace-exact/exact104.gr,200,9968,mfp,1,8831,,1.6099910736083984,
pace-exact/exact104.gr,200,9968,ins,0,4471,,0.21225476264953613,
pace-exact/exact104.gr,200,9968,ins,2,4469,,0.14072966575622559,
pace-exact/exact104.gr,200,9968,ins,1,4469,,0.24472570419311523,
pace-exact/exact104.gr,200,9968,flip,1,4469,,3.061671733856201,
pace-exact/exact104.gr,200,9968,flip,0,4469,,3.2372753620147705,
pace-exact/exact104.gr,200,9968,flip,2,4469,,3.4725444316864014,
pace-exact/exact103.gr,200,7081,kapoce,0,4572,,60.1103036403656,
pace-exact/exact104.gr,200,9968,lb:greedy,0,,3258.0,0.07864093780517578,
pace-exact/exact103.gr,200,7081,certiflip,0,4572,2109.3682384854765,63.15208888053894,
pace-exact/exact105.gr,200,12309,pivot,0,7360,,0.00015783309936523438,
pace-exact/exact105.gr,200,12309,pivot,1,7304,,0.00012254714965820312,
pace-exact/exact105.gr,200,12309,pivot,2,6834,,0.000102996826171875,
pace-exact/exact105.gr,200,12309,pivot50,0,6194,,0.0030379295349121094,
pace-exact/exact105.gr,200,12309,pivot50,1,5856,,0.0033440589904785156,
pace-exact/exact105.gr,200,12309,pivot50,2,5764,,0.003090381622314453,
pace-exact/exact105.gr,200,12309,vote,0,5322,,0.0006556510925292969,
pace-exact/exact105.gr,200,12309,vote,1,5320,,0.0006961822509765625,
pace-exact/exact105.gr,200,12309,vote,2,5328,,0.0009152889251708984,
pace-exact/exact105.gr,200,12309,louvain,0,5320,,0.0015413761138916016,
pace-exact/exact105.gr,200,12309,louvain,1,5320,,0.0018229484558105469,
pace-exact/exact105.gr,200,12309,louvain,2,5326,,0.0015578269958496094,
pace-exact/exact105.gr,200,12309,leiden,0,5320,,0.11981201171875,
pace-exact/exact105.gr,200,12309,leiden,1,5320,,0.1725316047668457,
pace-exact/exact104.gr,200,9968,lb:tri-mwu,0,,4330.021201413428,1.394378900527954,
pace-exact/exact105.gr,200,12309,mfp,0,10719,,1.5169219970703125,
pace-exact/exact105.gr,200,12309,leiden,2,5326,,1.4059348106384277,
pace-exact/exact105.gr,200,12309,mfp,1,10518,,1.1802845001220703,
pace-exact/exact105.gr,200,12309,ins,0,5320,,0.27683043479919434,
pace-exact/exact105.gr,200,12309,mfp,2,10916,,1.2780699729919434,
pace-exact/exact105.gr,200,12309,ins,2,5320,,0.12586402893066406,
pace-exact/exact105.gr,200,12309,ins,1,5320,,0.32555675506591797,
pace-exact/exact105.gr,200,12309,flip,0,5320,,4.662822246551514,
pace-exact/exact105.gr,200,12309,flip,1,5320,,4.719192028045654,
pace-exact/exact105.gr,200,12309,flip,2,5320,,4.979622840881348,
pace-exact/exact104.gr,200,9968,certiflip,0,4469,2058.651767276984,62.07153344154358,
pace-exact/exact105.gr,200,12309,lb:greedy,0,,4098.0,0.1120755672454834,
pace-exact/exact105.gr,200,12309,lb:tri-mwu,0,,5190.704225352113,1.312943458557129,
pace-exact/exact104.gr,200,9968,kapoce,0,4469,,60.13818645477295,
pace-exact/exact106.gr,200,13248,pivot,0,4470,,0.0001659393310546875,
pace-exact/exact106.gr,200,13248,pivot,1,5630,,0.00014543533325195312,
pace-exact/exact106.gr,200,13248,pivot,2,4643,,0.00012993812561035156,
pace-exact/exact106.gr,200,13248,pivot50,0,4237,,0.007197380065917969,
pace-exact/exact106.gr,200,13248,pivot50,1,4291,,0.003025531768798828,
pace-exact/exact106.gr,200,13248,vote,0,4007,,0.0005605220794677734,
pace-exact/exact106.gr,200,13248,pivot50,2,4339,,0.007047414779663086,
pace-exact/exact106.gr,200,13248,vote,2,4007,,0.0005657672882080078,
pace-exact/exact106.gr,200,13248,vote,1,4007,,0.0038590431213378906,
pace-exact/exact106.gr,200,13248,louvain,1,4007,,0.0014138221740722656,
pace-exact/exact106.gr,200,13248,louvain,0,4007,,0.009529829025268555,
pace-exact/exact106.gr,200,13248,louvain,2,4007,,0.005547523498535156,
pace-exact/exact106.gr,200,13248,leiden,0,4007,,0.9314513206481934,
pace-exact/exact106.gr,200,13248,leiden,1,4007,,1.287320852279663,
pace-exact/exact106.gr,200,13248,leiden,2,4007,,1.0637245178222656,
pace-exact/exact106.gr,200,13248,mfp,0,8001,,1.7836666107177734,
pace-exact/exact106.gr,200,13248,mfp,1,11797,,1.595367431640625,
pace-exact/exact106.gr,200,13248,mfp,2,10701,,1.516089677810669,
pace-exact/exact106.gr,200,13248,ins,0,4007,,0.25731801986694336,
pace-exact/exact106.gr,200,13248,ins,1,4007,,0.211045503616333,
pace-exact/exact106.gr,200,13248,ins,2,4007,,0.2059004306793213,
pace-exact/exact106.gr,200,13248,flip,1,4007,,3.27408766746521,
pace-exact/exact106.gr,200,13248,flip,0,4007,,3.7077887058258057,
pace-exact/exact106.gr,200,13248,flip,2,4007,,3.7954471111297607,
pace-exact/exact105.gr,200,12309,certiflip,0,5320,1973.9516908433989,61.85327982902527,
pace-exact/exact106.gr,200,13248,lb:greedy,0,,3324.0,0.08504486083984375,
pace-exact/exact106.gr,200,13248,lb:tri-mwu,0,,3981.919014084507,1.1464948654174805,
pace-exact/exact107.gr,204,632,pivot,0,359,,0.00016450881958007812,
pace-exact/exact107.gr,204,632,pivot,1,373,,7.748603820800781e-05,
pace-exact/exact107.gr,204,632,pivot,2,652,,0.7708396911621094,
pace-exact/exact107.gr,204,632,pivot50,0,309,,0.002390623092651367,
pace-exact/exact107.gr,204,632,pivot50,1,301,,0.0021872520446777344,
pace-exact/exact107.gr,204,632,pivot50,2,314,,0.0021991729736328125,
pace-exact/exact107.gr,204,632,vote,0,279,,0.004647016525268555,
pace-exact/exact107.gr,204,632,vote,1,276,,0.00018334388732910156,
pace-exact/exact107.gr,204,632,vote,2,278,,0.0001857280731201172,
pace-exact/exact107.gr,204,632,louvain,0,277,,0.007549285888671875,
pace-exact/exact107.gr,204,632,louvain,1,276,,0.0006530284881591797,
pace-exact/exact107.gr,204,632,louvain,2,278,,0.0005602836608886719,
pace-exact/exact107.gr,204,632,leiden,0,278,,0.8608424663543701,
pace-exact/exact107.gr,204,632,leiden,1,275,,0.01013946533203125,
pace-exact/exact105.gr,200,12309,kapoce,0,5320,,60.13339114189148,
pace-exact/exact107.gr,204,632,mfp,0,636,,0.008092403411865234,
pace-exact/exact107.gr,204,632,leiden,2,275,,0.013240337371826172,
pace-exact/exact107.gr,204,632,mfp,1,646,,0.009994745254516602,
pace-exact/exact107.gr,204,632,ins,0,274,,0.001967191696166992,
pace-exact/exact107.gr,204,632,ins,1,274,,0.0021479129791259766,
pace-exact/exact107.gr,204,632,ins,2,274,,0.0019621849060058594,
pace-exact/exact107.gr,204,632,mfp,2,613,,0.022303104400634766,
pace-exact/exact107.gr,204,632,flip,0,274,,0.06524944305419922,
pace-exact/exact107.gr,204,632,flip,1,274,,0.06469988822937012,
pace-exact/exact107.gr,204,632,flip,2,274,,0.08756351470947266,
pace-exact/exact107.gr,204,632,kapoce,0,274,,20.55578589439392,
pace-exact/exact107.gr,204,632,lb:greedy,0,,216.0,0.01300501823425293,
pace-exact/exact107.gr,204,632,lb:tri-mwu,0,,229.17253521126761,0.06020236015319824,
pace-exact/exact108.gr,204,1070,pivot,0,722,,0.00012755393981933594,
pace-exact/exact108.gr,204,1070,pivot,1,686,,6.461143493652344e-05,
pace-exact/exact108.gr,204,1070,pivot,2,1800,,8.821487426757812e-05,
pace-exact/exact108.gr,204,1070,pivot50,0,669,,0.010750293731689453,
pace-exact/exact108.gr,204,1070,pivot50,1,648,,0.6943442821502686,
pace-exact/exact108.gr,204,1070,pivot50,2,668,,0.002363443374633789,
pace-exact/exact108.gr,204,1070,vote,0,560,,0.008744478225708008,
pace-exact/exact108.gr,204,1070,vote,1,549,,0.0002276897430419922,
pace-exact/exact108.gr,204,1070,vote,2,563,,0.00020051002502441406,
pace-exact/exact108.gr,204,1070,louvain,0,549,,0.01201176643371582,
pace-exact/exact108.gr,204,1070,louvain,1,549,,0.0007686614990234375,
pace-exact/exact108.gr,204,1070,louvain,2,563,,0.0006940364837646484,
pace-exact/exact108.gr,204,1070,leiden,0,549,,0.9805819988250732,
pace-exact/exact108.gr,204,1070,leiden,1,549,,0.015012979507446289,
pace-exact/exact108.gr,204,1070,leiden,2,550,,0.010157108306884766,
pace-exact/exact108.gr,204,1070,mfp,0,1159,,0.04562187194824219,
pace-exact/exact108.gr,204,1070,mfp,1,1219,,0.0075299739837646484,
pace-exact/exact108.gr,204,1070,mfp,2,1125,,0.0153350830078125,
pace-exact/exact108.gr,204,1070,ins,0,547,,0.014783620834350586,
pace-exact/exact108.gr,204,1070,ins,1,547,,0.004170417785644531,
pace-exact/exact108.gr,204,1070,ins,2,547,,0.003800630569458008,
pace-exact/exact108.gr,204,1070,flip,0,547,,0.15453863143920898,
pace-exact/exact108.gr,204,1070,flip,1,547,,0.14198803901672363,
pace-exact/exact108.gr,204,1070,flip,2,547,,0.15127897262573242,
pace-exact/exact106.gr,200,13248,certiflip,0,4007,1795.0,60.274097204208374,
pace-exact/exact106.gr,200,13248,kapoce,0,4007,,60.139421224594116,
pace-exact/exact108.gr,204,1070,lb:greedy,0,,429.0,0.014689207077026367,
pace-exact/exact108.gr,204,1070,lb:tri-mwu,0,,451.22535211267603,0.05676412582397461,
pace-exact/exact109.gr,204,6212,pivot,0,3533,,0.00013971328735351562,
pace-exact/exact109.gr,204,6212,pivot,1,4573,,0.00011086463928222656,
pace-exact/exact109.gr,204,6212,pivot,2,4431,,9.131431579589844e-05,
pace-exact/exact109.gr,204,6212,pivot50,0,2967,,0.002615213394165039,
pace-exact/exact109.gr,204,6212,pivot50,1,2809,,0.0025854110717773438,
pace-exact/exact109.gr,204,6212,pivot50,2,2824,,0.0025763511657714844,
pace-exact/exact109.gr,204,6212,vote,0,2437,,0.0003905296325683594,
pace-exact/exact109.gr,204,6212,vote,1,2438,,0.0004124641418457031,
pace-exact/exact109.gr,204,6212,vote,2,2437,,0.0003917217254638672,
pace-exact/exact109.gr,204,6212,louvain,0,2437,,0.0011546611785888672,
pace-exact/exact109.gr,204,6212,louvain,1,2438,,0.0011587142944335938,
pace-exact/exact109.gr,204,6212,louvain,2,2437,,0.7398107051849365,
pace-exact/exact107.gr,204,632,certiflip,0,274,273.00325981494234,30.207698583602905,
pace-exact/exact109.gr,204,6212,leiden,1,2437,,0.11325907707214355,
pace-exact/exact109.gr,204,6212,leiden,2,2437,,0.04897189140319824,
pace-exact/exact109.gr,204,6212,leiden,0,2436,,1.047278881072998,
pace-exact/exact109.gr,204,6212,mfp,0,7276,,0.34770655632019043,
pace-exact/exact109.gr,204,6212,mfp,1,5513,,0.37787508964538574,
pace-exact/exact109.gr,204,6212,ins,0,2436,,0.10253715515136719,
pace-exact/exact109.gr,204,6212,mfp,2,6473,,0.33652448654174805,
pace-exact/exact109.gr,204,6212,ins,1,2436,,0.07753348350524902,
pace-exact/exact109.gr,204,6212,ins,2,2436,,0.06694817543029785,
pace-exact/exact109.gr,204,6212,flip,1,2436,,1.5957934856414795,
pace-exact/exact109.gr,204,6212,flip,0,2436,,2.1000304222106934,
pace-exact/exact109.gr,204,6212,flip,2,2436,,1.5572869777679443,
pace-exact/exact108.gr,204,1070,kapoce,0,547,,30.671067476272583,
pace-exact/exact109.gr,204,6212,lb:greedy,0,,1895.0,0.031768083572387695,
pace-exact/exact109.gr,204,6212,lb:tri-mwu,0,,2402.3098591549297,0.5240969657897949,
pace-exact/exact110.gr,204,9184,pivot,0,3950,,0.7108743190765381,
pace-exact/exact110.gr,204,9184,pivot,1,5094,,0.008191823959350586,
pace-exact/exact110.gr,204,9184,pivot,2,3942,,0.0001270771026611328,
pace-exact/exact110.gr,204,9184,pivot50,0,2779,,0.004606723785400391,
pace-exact/exact110.gr,204,9184,pivot50,1,2672,,0.002954721450805664,
pace-exact/exact110.gr,204,9184,pivot50,2,2732,,0.0030927658081054688,
pace-exact/exact110.gr,204,9184,vote,0,2378,,0.00924062728881836,
pace-exact/exact110.gr,204,9184,vote,1,2385,,0.0005345344543457031,
pace-exact/exact110.gr,204,9184,vote,2,2378,,0.00060272216796875,
pace-exact/exact110.gr,204,9184,louvain,0,2378,,0.013015985488891602,
pace-exact/exact110.gr,204,9184,louvain,1,2378,,0.0013835430145263672,
pace-exact/exact110.gr,204,9184,louvain,2,2378,,0.0013277530670166016,
pace-exact/exact110.gr,204,9184,leiden,0,2378,,0.9532382488250732,
pace-exact/exact110.gr,204,9184,leiden,1,2381,,0.1312258243560791,
pace-exact/exact110.gr,204,9184,leiden,2,2380,,0.20527219772338867,
pace-exact/exact110.gr,204,9184,mfp,0,8289,,0.879974365234375,
pace-exact/exact110.gr,204,9184,mfp,1,7815,,0.8957071304321289,
pace-exact/exact110.gr,204,9184,mfp,2,8090,,0.814652681350708,
pace-exact/exact110.gr,204,9184,ins,0,2378,,0.11314582824707031,
pace-exact/exact110.gr,204,9184,ins,1,2378,,0.09351754188537598,
pace-exact/exact110.gr,204,9184,ins,2,2378,,0.833606481552124,
pace-exact/exact110.gr,204,9184,flip,0,2378,,1.9922573566436768,
pace-exact/exact110.gr,204,9184,flip,1,2378,,1.912980318069458,
pace-exact/exact110.gr,204,9184,flip,2,2378,,2.0326755046844482,
pace-exact/exact108.gr,204,1070,certiflip,0,547,518.2263836317125,60.62770175933838,
pace-exact/exact109.gr,204,6212,certiflip,0,2436,1798.4648867605256,60.18891263008118,
pace-exact/exact110.gr,204,9184,lb:greedy,0,,2074.0,0.07317900657653809,
pace-exact/exact110.gr,204,9184,lb:tri-mwu,0,,2356.207746478873,0.5928738117218018,
pace-exact/exact111.gr,204,12271,pivot,0,3586,,0.0001761913299560547,
pace-exact/exact111.gr,204,12271,pivot,1,3032,,0.00021266937255859375,
pace-exact/exact111.gr,204,12271,pivot,2,3072,,0.0001399517059326172,
pace-exact/exact111.gr,204,12271,pivot50,0,2749,,0.0032744407653808594,
pace-exact/exact111.gr,204,12271,pivot50,1,2745,,0.003178834915161133,
pace-exact/exact111.gr,204,12271,pivot50,2,2690,,0.007277727127075195,
pace-exact/exact111.gr,204,12271,vote,0,2418,,0.004667758941650391,
pace-exact/exact111.gr,204,12271,vote,1,2430,,0.000591278076171875,
pace-exact/exact111.gr,204,12271,vote,2,2412,,0.0005726814270019531,
pace-exact/exact111.gr,204,12271,louvain,0,2412,,0.002107381820678711,
pace-exact/exact111.gr,204,12271,louvain,1,2412,,0.0014412403106689453,
pace-exact/exact111.gr,204,12271,louvain,2,2412,,0.0014922618865966797,
pace-exact/exact109.gr,204,6212,kapoce,0,2436,,60.09485840797424,
pace-exact/exact111.gr,204,12271,leiden,1,2412,,0.0423738956451416,
pace-exact/exact111.gr,204,12271,leiden,2,2412,,0.04088783264160156,
pace-exact/exact111.gr,204,12271,leiden,0,2412,,0.9226279258728027,
pace-exact/exact111.gr,204,12271,mfp,0,7545,,1.3388066291809082,
pace-exact/exact111.gr,204,12271,mfp,1,9108,,1.426539659500122,
pace-exact/exact111.gr,204,12271,ins,0,2412,,0.15546464920043945,
pace-exact/exact111.gr,204,12271,ins,1,2412,,0.15442276000976562,
pace-exact/exact111.gr,204,12271,mfp,2,7337,,1.4675352573394775,
pace-exact/exact111.gr,204,12271,ins,2,2412,,0.8808331489562988,
pace-exact/exact111.gr,204,12271,flip,0,2412,,2.5877437591552734,
pace-exact/exact111.gr,204,12271,flip,1,2412,,2.5355255603790283,
pace-exact/exact111.gr,204,12271,flip,2,2412,,2.417583703994751,
pace-exact/exact110.gr,204,9184,certiflip,0,2378,1646.380315544553,60.02821373939514,
pace-exact/exact111.gr,204,12271,lb:greedy,0,,2175.0,0.09570050239562988,
pace-exact/exact111.gr,204,12271,lb:tri-mwu,0,,2390.3521126760565,0.7643203735351562,
pace-exact/exact112.gr,204,15177,pivot,0,2063,,0.0001766681671142578,
pace-exact/exact112.gr,204,15177,pivot,1,3091,,0.00019097328186035156,
pace-exact/exact112.gr,204,15177,pivot,2,4760,,0.0001430511474609375,
pace-exact/exact112.gr,204,15177,pivot50,0,1919,,0.004282951354980469,
pace-exact/exact112.gr,204,15177,pivot50,1,2077,,0.0033996105194091797,
pace-exact/exact112.gr,204,15177,pivot50,2,1878,,0.003378629684448242,
pace-exact/exact112.gr,204,15177,vote,0,1835,,0.0006353855133056641,
pace-exact/exact112.gr,204,15177,vote,1,1835,,0.0006566047668457031,
pace-exact/exact112.gr,204,15177,vote,2,1835,,0.0006458759307861328,
pace-exact/exact112.gr,204,15177,louvain,0,1835,,0.0015861988067626953,
pace-exact/exact112.gr,204,15177,louvain,1,1835,,0.0015840530395507812,
pace-exact/exact112.gr,204,15177,louvain,2,1835,,0.0015418529510498047,
pace-exact/exact112.gr,204,15177,leiden,0,1835,,0.9893026351928711,
pace-exact/exact112.gr,204,15177,leiden,1,1835,,1.318127155303955,
pace-exact/exact112.gr,204,15177,leiden,2,1835,,0.1250455379486084,
pace-exact/exact112.gr,204,15177,mfp,0,7809,,2.2776191234588623,
pace-exact/exact112.gr,204,15177,mfp,1,8751,,2.1563961505889893,
pace-exact/exact112.gr,204,15177,mfp,2,5618,,2.12797212600708,
pace-exact/exact112.gr,204,15177,ins,0,1835,,0.1892087459564209,
pace-exact/exact112.gr,204,15177,ins,1,1835,,0.15326571464538574,
pace-exact/exact112.gr,204,15177,ins,2,1835,,0.14296174049377441,
pace-exact/exact112.gr,204,15177,flip,0,1835,,2.240342140197754,
pace-exact/exact110.gr,204,9184,kapoce,0,2378,,60.11312437057495,
pace-exact/exact112.gr,204,15177,flip,1,1835,,2.3118081092834473,
pace-exact/exact112.gr,204,15177,flip,2,1835,,2.3190884590148926,
pace-exact/exact111.gr,204,12271,certiflip,0,2412,1456.0,60.04674935340881,
pace-exact/exact112.gr,204,15177,lb:greedy,0,,1778.0,0.12665295600891113,
pace-exact/exact112.gr,204,15177,lb:tri-mwu,0,,1829.8908450704225,0.6797182559967041,
pace-exact/exact113.gr,204,19608,pivot,0,1597,,0.00014209747314453125,
pace-exact/exact113.gr,204,19608,pivot,1,1265,,0.0001327991485595703,
pace-exact/exact113.gr,204,19608,pivot,2,7063,,0.00011992454528808594,
pace-exact/exact113.gr,204,19608,pivot50,0,999,,0.007715940475463867,
pace-exact/exact113.gr,204,19608,pivot50,1,999,,0.011790037155151367,
pace-exact/exact113.gr,204,19608,pivot50,2,999,,0.007624149322509766,
pace-exact/exact113.gr,204,19608,vote,0,999,,0.008701801300048828,
pace-exact/exact113.gr,204,19608,vote,1,999,,0.004660367965698242,
pace-exact/exact113.gr,204,19608,vote,2,999,,0.0006422996520996094,
pace-exact/exact113.gr,204,19608,louvain,0,999,,0.0057528018951416016,
pace-exact/exact113.gr,204,19608,louvain,1,999,,0.005666971206665039,
pace-exact/exact113.gr,204,19608,louvain,2,999,,0.005609035491943359,
pace-exact/exact111.gr,204,12271,kapoce,0,2412,,60.10977625846863,
pace-exact/exact113.gr,204,19608,leiden,1,999,,0.11142945289611816,
pace-exact/exact113.gr,204,19608,leiden,2,999,,0.2658109664916992,
pace-exact/exact113.gr,204,19608,leiden,0,999,,0.9148850440979004,
pace-exact/exact113.gr,204,19608,mfp,0,5280,,3.559373140335083,
pace-exact/exact113.gr,204,19608,mfp,1,1360,,3.584009885787964,
pace-exact/exact113.gr,204,19608,ins,0,999,,0.14358282089233398,
pace-exact/exact113.gr,204,19608,ins,1,999,,0.8873090744018555,
pace-exact/exact113.gr,204,19608,ins,2,999,,0.14737868309020996,
pace-exact/exact113.gr,204,19608,flip,0,999,,1.2447528839111328,
pace-exact/exact113.gr,204,19608,mfp,2,1856,,3.804807662963867,
pace-exact/exact113.gr,204,19608,flip,1,999,,1.297882318496704,
pace-exact/exact113.gr,204,19608,flip,2,999,,1.9819555282592773,
pace-exact/exact112.gr,204,15177,certiflip,0,1835,1835.0000000000005,29.247002124786377,
pace-exact/exact113.gr,204,19608,lb:greedy,0,,970.0,0.15585041046142578,
pace-exact/exact113.gr,204,19608,lb:tri-mwu,0,,997.2077464788732,0.6299107074737549,
pace-exact/exact114.gr,211,1139,pivot,0,149,,0.0001285076141357422,
pace-exact/exact114.gr,211,1139,pivot,1,160,,6.818771362304688e-05,
pace-exact/exact114.gr,211,1139,pivot,2,162,,6.651878356933594e-05,
pace-exact/exact114.gr,211,1139,pivot50,0,141,,0.002185821533203125,
pace-exact/exact114.gr,211,1139,pivot50,1,135,,0.002209186553955078,
pace-exact/exact114.gr,211,1139,pivot50,2,129,,0.0022003650665283203,
pace-exact/exact114.gr,211,1139,vote,0,125,,0.00017404556274414062,
pace-exact/exact114.gr,211,1139,vote,1,129,,0.7280218601226807,
pace-exact/exact114.gr,211,1139,vote,2,124,,0.00024890899658203125,
pace-exact/exact114.gr,211,1139,louvain,0,124,,0.01577162742614746,
pace-exact/exact114.gr,211,1139,louvain,1,125,,0.0006747245788574219,
pace-exact/exact114.gr,211,1139,louvain,2,124,,0.0005996227264404297,
pace-exact/exact114.gr,211,1139,leiden,0,124,,0.8814041614532471,
pace-exact/exact114.gr,211,1139,leiden,1,127,,0.017935752868652344,
pace-exact/exact114.gr,211,1139,leiden,2,124,,0.016579866409301758,
pace-exact/exact114.gr,211,1139,mfp,0,419,,0.06689572334289551,
pace-exact/exact114.gr,211,1139,mfp,1,315,,0.025061368942260742,
pace-exact/exact114.gr,211,1139,mfp,2,422,,0.024962186813354492,
pace-exact/exact114.gr,211,1139,ins,0,124,,0.015026330947875977,
pace-exact/exact114.gr,211,1139,ins,1,124,,0.0016889572143554688,
pace-exact/exact114.gr,211,1139,ins,2,124,,0.001729726791381836,
pace-exact/exact114.gr,211,1139,flip,0,124,,0.07059502601623535,
pace-exact/exact114.gr,211,1139,flip,1,124,,0.06229257583618164,
pace-exact/exact114.gr,211,1139,flip,2,124,,0.06605315208435059,
pace-exact/exact114.gr,211,1139,certiflip,0,124,124.0,0.4817063808441162,
pace-exact/exact113.gr,204,19608,certiflip,0,999,999.0,9.534730672836304,
pace-exact/exact114.gr,211,1139,lb:greedy,0,,118.0,0.008536577224731445,
pace-exact/exact114.gr,211,1139,lb:tri-mwu,0,,122.34154929577464,0.019270658493041992,
pace-exact/exact115.gr,211,1705,pivot,0,409,,0.0001087188720703125,
pace-exact/exact115.gr,211,1705,pivot,1,397,,6.842613220214844e-05,
pace-exact/exact115.gr,211,1705,pivot,2,408,,7.891654968261719e-05,
pace-exact/exact115.gr,211,1705,pivot50,0,323,,0.0028984546661376953,
pace-exact/exact115.gr,211,1705,pivot50,1,341,,0.0063974857330322266,
pace-exact/exact115.gr,211,1705,pivot50,2,348,,0.002171754837036133,
pace-exact/exact115.gr,211,1705,vote,0,306,,0.0002028942108154297,
pace-exact/exact115.gr,211,1705,vote,1,306,,0.0001850128173828125,
pace-exact/exact115.gr,211,1705,vote,2,314,,0.0001957416534423828,
pace-exact/exact115.gr,211,1705,louvain,0,306,,0.0006959438323974609,
pace-exact/exact115.gr,211,1705,louvain,1,306,,0.0006465911865234375,
pace-exact/exact115.gr,211,1705,louvain,2,314,,0.0006096363067626953,
pace-exact/exact115.gr,211,1705,leiden,0,308,,0.8228702545166016,
pace-exact/exact115.gr,211,1705,leiden,1,314,,0.9108195304870605,
pace-exact/exact115.gr,211,1705,leiden,2,314,,0.015109062194824219,
pace-exact/exact115.gr,211,1705,mfp,0,1272,,0.055840492248535156,
pace-exact/exact115.gr,211,1705,mfp,1,872,,0.030625581741333008,
pace-exact/exact115.gr,211,1705,mfp,2,814,,0.02204275131225586,
pace-exact/exact115.gr,211,1705,ins,0,306,,0.01977825164794922,
pace-exact/exact115.gr,211,1705,ins,1,306,,0.0030548572540283203,
pace-exact/exact115.gr,211,1705,ins,2,306,,0.003027200698852539,
pace-exact/exact115.gr,211,1705,flip,0,306,,0.09926295280456543,
pace-exact/exact115.gr,211,1705,flip,1,306,,0.10152006149291992,
pace-exact/exact115.gr,211,1705,flip,2,306,,0.1213233470916748,
pace-exact/exact115.gr,211,1705,certiflip,0,306,303.0,5.134948253631592,
pace-exact/exact114.gr,211,1139,kapoce,0,124,,23.00579857826233,
pace-exact/exact115.gr,211,1705,lb:greedy,0,,289.0,0.0043582916259765625,
pace-exact/exact115.gr,211,1705,lb:tri-mwu,0,,297.9788732394366,0.7892415523529053,
pace-exact/exact116.gr,211,2896,pivot,0,1246,,0.0037262439727783203,
pace-exact/exact116.gr,211,2896,pivot,1,1221,,0.00011181831359863281,
pace-exact/exact116.gr,211,2896,pivot,2,1477,,8.082389831542969e-05,
pace-exact/exact116.gr,211,2896,pivot50,0,670,,0.0028896331787109375,
pace-exact/exact116.gr,211,2896,pivot50,1,696,,0.002449512481689453,
pace-exact/exact116.gr,211,2896,pivot50,2,676,,0.0029451847076416016,
pace-exact/exact116.gr,211,2896,vote,0,636,,0.0045812129974365234,
pace-exact/exact116.gr,211,2896,vote,1,634,,0.0002815723419189453,
pace-exact/exact116.gr,211,2896,vote,2,635,,0.000308990478515625,
pace-exact/exact116.gr,211,2896,louvain,0,634,,0.009626626968383789,
pace-exact/exact116.gr,211,2896,louvain,1,634,,0.0008378028869628906,
pace-exact/exact116.gr,211,2896,louvain,2,634,,0.0008075237274169922,
pace-exact/exact116.gr,211,2896,leiden,0,636,,0.8465371131896973,
pace-exact/exact116.gr,211,2896,leiden,1,637,,0.027636289596557617,
pace-exact/exact116.gr,211,2896,leiden,2,638,,0.0218508243560791,
pace-exact/exact116.gr,211,2896,mfp,0,1658,,0.0679926872253418,
pace-exact/exact116.gr,211,2896,mfp,1,1649,,0.06711339950561523,
pace-exact/exact116.gr,211,2896,mfp,2,1586,,0.08352971076965332,
pace-exact/exact116.gr,211,2896,ins,0,634,,0.011782646179199219,
pace-exact/exact116.gr,211,2896,ins,1,634,,0.803607702255249,
pace-exact/exact116.gr,211,2896,ins,2,634,,0.006282329559326172,
pace-exact/exact116.gr,211,2896,flip,0,634,,0.23170065879821777,
pace-exact/exact116.gr,211,2896,flip,1,634,,0.22310829162597656,
pace-exact/exact116.gr,211,2896,flip,2,634,,0.22835206985473633,
pace-exact/exact112.gr,204,15177,kapoce,0,1835,,60.11063814163208,
pace-exact/exact116.gr,211,2896,certiflip,0,634,632.0,3.0424418449401855,
pace-exact/exact116.gr,211,2896,lb:greedy,0,,559.0,0.007165431976318359,
pace-exact/exact116.gr,211,2896,lb:tri-mwu,0,,618.5633802816901,0.04770159721374512,
pace-exact/exact117.gr,211,6633,pivot,0,4047,,0.0001506805419921875,
pace-exact/exact117.gr,211,6633,pivot,1,4146,,0.00010967254638671875,
pace-exact/exact117.gr,211,6633,pivot,2,5353,,9.250640869140625e-05,
pace-exact/exact117.gr,211,6633,pivot50,0,3130,,0.002860546112060547,
pace-exact/exact117.gr,211,6633,pivot50,1,3163,,0.0033490657806396484,
pace-exact/exact117.gr,211,6633,pivot50,2,3006,,0.0034351348876953125,
pace-exact/exact117.gr,211,6633,vote,0,2777,,0.00044655799865722656,
pace-exact/exact117.gr,211,6633,vote,1,2777,,0.004505157470703125,
pace-exact/exact117.gr,211,6633,vote,2,2777,,0.00042366981506347656,
pace-exact/exact117.gr,211,6633,louvain,0,2777,,0.005298137664794922,
pace-exact/exact117.gr,211,6633,louvain,1,2777,,0.001268625259399414,
pace-exact/exact117.gr,211,6633,louvain,2,2777,,0.0012521743774414062,
pace-exact/exact117.gr,211,6633,leiden,0,2777,,0.9477086067199707,
pace-exact/exact117.gr,211,6633,leiden,1,2777,,0.05121970176696777,
pace-exact/exact117.gr,211,6633,leiden,2,2777,,0.042696237564086914,
pace-exact/exact117.gr,211,6633,mfp,0,6389,,0.3221111297607422,
pace-exact/exact117.gr,211,6633,mfp,1,7004,,0.31375813484191895,
pace-exact/exact117.gr,211,6633,mfp,2,6515,,0.2833983898162842,
pace-exact/exact117.gr,211,6633,ins,0,2777,,0.25086545944213867,
pace-exact/exact117.gr,211,6633,ins,1,2777,,0.12528324127197266,
pace-exact/exact117.gr,211,6633,ins,2,2777,,0.1297457218170166,
pace-exact/exact117.gr,211,6633,flip,0,2777,,2.2115848064422607,
pace-exact/exact117.gr,211,6633,flip,1,2777,,2.100682258605957,
pace-exact/exact117.gr,211,6633,flip,2,2777,,2.064366102218628,
pace-exact/exact115.gr,211,1705,kapoce,0,306,,29.287733554840088,
pace-exact/exact113.gr,204,19608,kapoce,0,999,,60.14357590675354,
pace-exact/exact117.gr,211,6633,lb:greedy,0,,2328.0,0.06314396858215332,
pace-exact/exact117.gr,211,6633,lb:tri-mwu,0,,2665.4859154929577,0.5239839553833008,
pace-exact/exact118.gr,211,17515,pivot,0,3941,,0.00015306472778320312,
pace-exact/exact118.gr,211,17515,pivot,1,5158,,0.00011754035949707031,
pace-exact/exact118.gr,211,17515,pivot,2,4151,,0.0001316070556640625,
pace-exact/exact118.gr,211,17515,pivot50,0,3047,,0.007753133773803711,
pace-exact/exact118.gr,211,17515,pivot50,1,3294,,0.016978025436401367,
pace-exact/exact118.gr,211,17515,pivot50,2,3044,,0.0038399696350097656,
pace-exact/exact118.gr,211,17515,vote,0,2943,,0.0008401870727539062,
pace-exact/exact118.gr,211,17515,vote,1,2949,,0.0007994174957275391,
pace-exact/exact118.gr,211,17515,vote,2,2943,,0.0007839202880859375,
pace-exact/exact118.gr,211,17515,louvain,0,2943,,0.001817941665649414,
pace-exact/exact118.gr,211,17515,louvain,1,2943,,0.0018088817596435547,
pace-exact/exact118.gr,211,17515,louvain,2,2943,,0.00193023681640625,
pace-exact/exact118.gr,211,17515,leiden,0,2943,,0.6422998905181885,
pace-exact/exact118.gr,211,17515,leiden,1,2943,,0.10624575614929199,
pace-exact/exact118.gr,211,17515,leiden,2,2943,,0.12273764610290527,
pace-exact/exact118.gr,211,17515,mfp,0,10368,,2.637786388397217,
pace-exact/exact118.gr,211,17515,mfp,1,12508,,3.5572397708892822,
pace-exact/exact118.gr,211,17515,mfp,2,12498,,2.6752333641052246,
pace-exact/exact118.gr,211,17515,ins,0,2943,,0.24843740463256836,
pace-exact/exact118.gr,211,17515,ins,1,2943,,0.2364945411682129,
pace-exact/exact118.gr,211,17515,ins,2,2943,,0.22328948974609375,
pace-exact/exact118.gr,211,17515,flip,0,2943,,3.5863304138183594,
pace-exact/exact118.gr,211,17515,flip,1,2943,,3.6397876739501953,
pace-exact/exact118.gr,211,17515,flip,2,2943,,3.6491713523864746,
pace-exact/exact116.gr,211,2896,kapoce,0,634,,53.539589643478394,
pace-exact/exact117.gr,211,6633,kapoce,0,2777,,60.08727145195007,
pace-exact/exact118.gr,211,17515,lb:greedy,0,,2599.0,0.1680915355682373,
pace-exact/exact118.gr,211,17515,lb:tri-mwu,0,,2924.042253521127,1.06772780418396,
pace-exact/exact119.gr,213,1826,pivot,0,313,,0.00013446807861328125,
pace-exact/exact119.gr,213,1826,pivot,1,271,,8.296966552734375e-05,
pace-exact/exact119.gr,213,1826,pivot,2,331,,7.557868957519531e-05,
pace-exact/exact119.gr,213,1826,pivot50,0,192,,0.00634312629699707,
pace-exact/exact117.gr,211,6633,certiflip,0,2777,1858.0518629440921,62.42487454414368,
pace-exact/exact119.gr,213,1826,pivot50,2,200,,0.010484933853149414,
pace-exact/exact119.gr,213,1826,vote,0,184,,0.0002009868621826172,
pace-exact/exact119.gr,213,1826,vote,1,184,,0.0011286735534667969,
pace-exact/exact119.gr,213,1826,vote,2,184,,0.00019311904907226562,
pace-exact/exact119.gr,213,1826,louvain,0,184,,0.0006699562072753906,
pace-exact/exact119.gr,213,1826,louvain,1,184,,0.0006060600280761719,
pace-exact/exact119.gr,213,1826,louvain,2,184,,0.0006814002990722656,
pace-exact/exact119.gr,213,1826,pivot50,1,189,,0.6900753974914551,
pace-exact/exact119.gr,213,1826,leiden,0,184,,0.9002883434295654,
pace-exact/exact119.gr,213,1826,leiden,2,184,,0.018819332122802734,
pace-exact/exact119.gr,213,1826,mfp,0,484,,0.07267189025878906,
pace-exact/exact119.gr,213,1826,mfp,1,452,,0.06734395027160645,
pace-exact/exact119.gr,213,1826,mfp,2,854,,0.09486865997314453,
pace-exact/exact119.gr,213,1826,ins,0,184,,0.036162614822387695,
pace-exact/exact119.gr,213,1826,ins,1,184,,0.0029380321502685547,
pace-exact/exact119.gr,213,1826,ins,2,184,,0.002887248992919922,
pace-exact/exact119.gr,213,1826,flip,0,184,,0.05597257614135742,
pace-exact/exact119.gr,213,1826,flip,1,184,,0.09202957153320312,
pace-exact/exact119.gr,213,1826,flip,2,184,,0.08745408058166504,
pace-exact/exact119.gr,213,1826,leiden,1,184,,0.8561208248138428,
pace-exact/exact119.gr,213,1826,certiflip,0,184,184.0,0.6263659000396729,
pace-exact/exact119.gr,213,1826,lb:greedy,0,,182.0,0.009000062942504883,
pace-exact/exact119.gr,213,1826,lb:tri-mwu,0,,183.5950704225352,0.04358530044555664,
pace-exact/exact120.gr,213,3232,pivot,0,245,,0.00012969970703125,
pace-exact/exact120.gr,213,3232,pivot,1,480,,9.655952453613281e-05,
pace-exact/exact120.gr,213,3232,pivot,2,313,,8.177757263183594e-05,
pace-exact/exact120.gr,213,3232,pivot50,0,222,,0.006669282913208008,
pace-exact/exact120.gr,213,3232,pivot50,1,208,,0.002314329147338867,
pace-exact/exact120.gr,213,3232,pivot50,2,211,,0.6892495155334473,
pace-exact/exact120.gr,213,3232,vote,0,195,,0.009014606475830078,
pace-exact/exact120.gr,213,3232,vote,1,195,,0.00027108192443847656,
pace-exact/exact120.gr,213,3232,vote,2,195,,0.0002694129943847656,
pace-exact/exact120.gr,213,3232,louvain,0,195,,0.02012920379638672,
pace-exact/exact120.gr,213,3232,louvain,1,195,,0.0008382797241210938,
pace-exact/exact120.gr,213,3232,louvain,2,195,,0.0007345676422119141,
pace-exact/exact120.gr,213,3232,leiden,0,195,,0.8904082775115967,
pace-exact/exact120.gr,213,3232,leiden,1,195,,0.029230833053588867,
pace-exact/exact120.gr,213,3232,leiden,2,197,,0.029588699340820312,
pace-exact/exact120.gr,213,3232,mfp,0,881,,0.19045424461364746,
pace-exact/exact120.gr,213,3232,mfp,1,392,,0.14583969116210938,
pace-exact/exact120.gr,213,3232,mfp,2,811,,0.14685273170471191,
pace-exact/exact120.gr,213,3232,ins,0,195,,0.022311687469482422,
pace-exact/exact120.gr,213,3232,ins,1,195,,0.01307058334350586,
pace-exact/exact120.gr,213,3232,ins,2,195,,0.00844717025756836,
pace-exact/exact120.gr,213,3232,flip,0,195,,0.19713473320007324,
pace-exact/exact120.gr,213,3232,flip,1,195,,0.15064382553100586,
pace-exact/exact120.gr,213,3232,flip,2,195,,0.15255403518676758,
pace-exact/exact120.gr,213,3232,certiflip,0,195,194.99999999999955,1.7478132247924805,
pace-exact/exact119.gr,213,1826,kapoce,0,184,,30.755101680755615,
pace-exact/exact120.gr,213,3232,lb:greedy,0,,171.0,0.03127646446228027,
pace-exact/exact120.gr,213,3232,lb:tri-mwu,0,,186.24647887323943,0.04246211051940918,
pace-exact/exact121.gr,213,6773,pivot,0,887,,0.00744175910949707,
pace-exact/exact121.gr,213,6773,pivot,1,1301,,0.0010576248168945312,
pace-exact/exact121.gr,213,6773,pivot,2,1281,,9.489059448242188e-05,
pace-exact/exact121.gr,213,6773,pivot50,0,790,,0.002571582794189453,
pace-exact/exact121.gr,213,6773,pivot50,1,742,,0.0071620941162109375,
pace-exact/exact121.gr,213,6773,pivot50,2,769,,0.00436711311340332,
pace-exact/exact121.gr,213,6773,vote,0,742,,0.010697603225708008,
pace-exact/exact121.gr,213,6773,vote,1,742,,0.0004169940948486328,
pace-exact/exact121.gr,213,6773,vote,2,742,,0.0004050731658935547,
pace-exact/exact121.gr,213,6773,louvain,0,742,,0.016566753387451172,
pace-exact/exact121.gr,213,6773,louvain,1,742,,0.0011055469512939453,
pace-exact/exact121.gr,213,6773,louvain,2,742,,0.0010437965393066406,
pace-exact/exact121.gr,213,6773,leiden,0,742,,0.023566007614135742,
pace-exact/exact121.gr,213,6773,leiden,1,742,,0.022815704345703125,
pace-exact/exact121.gr,213,6773,leiden,2,742,,0.03980708122253418,
pace-exact/exact121.gr,213,6773,mfp,0,2949,,0.4157392978668213,
pace-exact/exact121.gr,213,6773,mfp,1,2419,,1.1752681732177734,
pace-exact/exact121.gr,213,6773,mfp,2,2418,,0.34750795364379883,
pace-exact/exact121.gr,213,6773,ins,0,742,,0.06656837463378906,
pace-exact/exact121.gr,213,6773,ins,1,742,,0.03345990180969238,
pace-exact/exact121.gr,213,6773,ins,2,742,,0.033507347106933594,
pace-exact/exact121.gr,213,6773,flip,0,742,,0.543689489364624,
pace-exact/exact118.gr,211,17515,certiflip,0,2943,1591.0,60.06914472579956,
pace-exact/exact121.gr,213,6773,flip,2,742,,0.5459420680999756,
pace-exact/exact121.gr,213,6773,flip,1,742,,0.6023914813995361,
pace-exact/exact121.gr,213,6773,certiflip,0,742,742.0,3.2932276725769043,
pace-exact/exact121.gr,213,6773,lb:greedy,0,,725.0,0.024677276611328125,
pace-exact/exact121.gr,213,6773,lb:tri-mwu,0,,740.7992957746479,0.19697213172912598,
pace-exact/exact122.gr,215,1098,pivot,0,652,,0.0001308917999267578,
pace-exact/exact122.gr,215,1098,pivot,1,467,,8.7738037109375e-05,
pace-exact/exact122.gr,215,1098,pivot,2,538,,7.677078247070312e-05,
pace-exact/exact122.gr,215,1098,pivot50,0,450,,0.006598949432373047,
pace-exact/exact122.gr,215,1098,pivot50,1,445,,0.006354093551635742,
pace-exact/exact122.gr,215,1098,pivot50,2,465,,0.002263784408569336,
pace-exact/exact122.gr,215,1098,vote,0,423,,0.00018548965454101562,
pace-exact/exact118.gr,211,17515,kapoce,0,2943,,60.14376187324524,
pace-exact/exact122.gr,215,1098,vote,2,419,,0.0002696514129638672,
pace-exact/exact122.gr,215,1098,louvain,0,413,,0.0009655952453613281,
pace-exact/exact122.gr,215,1098,louvain,1,410,,0.0006413459777832031,
pace-exact/exact122.gr,215,1098,louvain,2,412,,0.0006558895111083984,
pace-exact/exact122.gr,215,1098,vote,1,417,,0.6594626903533936,
pace-exact/exact122.gr,215,1098,leiden,0,410,,0.5982193946838379,
pace-exact/exact122.gr,215,1098,leiden,2,410,,0.035497188568115234,
pace-exact/exact122.gr,215,1098,mfp,0,947,,0.012846231460571289,
pace-exact/exact122.gr,215,1098,mfp,1,1033,,0.008636236190795898,
pace-exact/exact122.gr,215,1098,mfp,2,992,,0.00864410400390625,
pace-exact/exact122.gr,215,1098,ins,0,413,,0.002838134765625,
pace-exact/exact122.gr,215,1098,ins,1,410,,0.0027875900268554688,
pace-exact/exact122.gr,215,1098,ins,2,410,,0.002784252166748047,
pace-exact/exact122.gr,215,1098,flip,0,410,,0.05891132354736328,
pace-exact/exact122.gr,215,1098,flip,1,410,,0.07952594757080078,
pace-exact/exact122.gr,215,1098,leiden,1,414,,0.9817073345184326,
pace-exact/exact122.gr,215,1098,flip,2,410,,0.8569240570068359,
pace-exact/exact122.gr,215,1098,certiflip,0,410,408.9090909090909,1.6181211471557617,
pace-exact/exact122.gr,215,1098,lb:greedy,0,,345.0,0.008698225021362305,
pace-exact/exact122.gr,215,1098,lb:tri-mwu,0,,395.193661971831,0.044077157974243164,
pace-exact/exact123.gr,215,2070,pivot,0,552,,0.00012087821960449219,
pace-exact/exact123.gr,215,2070,pivot,1,604,,8.96453857421875e-05,
pace-exact/exact123.gr,215,2070,pivot,2,811,,8.296966552734375e-05,
pace-exact/exact123.gr,215,2070,pivot50,0,526,,0.0064296722412109375,
pace-exact/exact123.gr,215,2070,pivot50,1,516,,0.0063877105712890625,
pace-exact/exact123.gr,215,2070,pivot50,2,535,,0.006463766098022461,
pace-exact/exact123.gr,215,2070,vote,0,422,,0.00022983551025390625,
pace-exact/exact123.gr,215,2070,vote,1,425,,0.00019931793212890625,
pace-exact/exact123.gr,215,2070,vote,2,424,,0.00024437904357910156,
pace-exact/exact123.gr,215,2070,louvain,0,416,,0.0007288455963134766,
pace-exact/exact123.gr,215,2070,louvain,1,416,,0.0007026195526123047,
pace-exact/exact123.gr,215,2070,louvain,2,416,,0.0006840229034423828,
pace-exact/exact123.gr,215,2070,leiden,0,416,,0.023948192596435547,
pace-exact/exact123.gr,215,2070,leiden,1,416,,0.022682666778564453,
pace-exact/exact123.gr,215,2070,leiden,2,416,,0.02471613883972168,
pace-exact/exact123.gr,215,2070,mfp,0,1094,,0.7339262962341309,
pace-exact/exact123.gr,215,2070,mfp,1,1560,,0.0572509765625,
pace-exact/exact123.gr,215,2070,mfp,2,1516,,0.05246686935424805,
pace-exact/exact123.gr,215,2070,ins,0,416,,0.04644441604614258,
pace-exact/exact123.gr,215,2070,ins,1,416,,0.008409500122070312,
pace-exact/exact123.gr,215,2070,ins,2,416,,0.004161357879638672,
pace-exact/exact123.gr,215,2070,flip,0,416,,0.1522672176361084,
pace-exact/exact123.gr,215,2070,flip,1,416,,0.15093207359313965,
pace-exact/exact123.gr,215,2070,flip,2,416,,0.152205228805542,
pace-exact/exact123.gr,215,2070,certiflip,0,416,416.0,1.163388967514038,
pace-exact/exact120.gr,213,3232,kapoce,0,195,,41.64055776596069,
pace-exact/exact123.gr,215,2070,lb:greedy,0,,384.0,0.0357968807220459,
pace-exact/exact123.gr,215,2070,lb:tri-mwu,0,,414.9542253521127,0.055573463439941406,
pace-exact/exact124.gr,215,4452,pivot,0,970,,0.0071926116943359375,
pace-exact/exact124.gr,215,4452,pivot,1,938,,0.00013875961303710938,
pace-exact/exact124.gr,215,4452,pivot,2,1336,,8.96453857421875e-05,
pace-exact/exact124.gr,215,4452,pivot50,0,792,,0.0065517425537109375,
pace-exact/exact124.gr,215,4452,pivot50,1,797,,0.002622842788696289,
pace-exact/exact124.gr,215,4452,pivot50,2,779,,0.0065708160400390625,
pace-exact/exact124.gr,215,4452,vote,0,737,,0.008514642715454102,
pace-exact/exact124.gr,215,4452,vote,1,732,,0.00034880638122558594,
pace-exact/exact124.gr,215,4452,vote,2,736,,0.0003333091735839844,
pace-exact/exact124.gr,215,4452,louvain,0,734,,0.012045145034790039,
pace-exact/exact124.gr,215,4452,louvain,1,732,,0.0009057521820068359,
pace-exact/exact124.gr,215,4452,louvain,2,734,,0.004936695098876953,
pace-exact/exact124.gr,215,4452,leiden,0,732,,0.8875038623809814,
pace-exact/exact124.gr,215,4452,leiden,1,734,,0.032798051834106445,
pace-exact/exact124.gr,215,4452,leiden,2,732,,0.04123353958129883,
pace-exact/exact124.gr,215,4452,mfp,0,2602,,0.33498668670654297,
pace-exact/exact124.gr,215,4452,mfp,1,2405,,0.22327470779418945,
pace-exact/exact124.gr,215,4452,mfp,2,2435,,1.0005004405975342,
pace-exact/exact124.gr,215,4452,ins,0,732,,0.05382728576660156,
pace-exact/exact124.gr,215,4452,ins,1,732,,0.015012025833129883,
pace-exact/exact124.gr,215,4452,ins,2,732,,0.014751195907592773,
pace-exact/exact124.gr,215,4452,flip,0,732,,0.3567190170288086,
pace-exact/exact124.gr,215,4452,flip,1,732,,0.35889530181884766,
pace-exact/exact124.gr,215,4452,flip,2,732,,0.35733556747436523,
pace-exact/exact124.gr,215,4452,certiflip,0,732,731.3333333333331,3.89435076713562,
pace-exact/exact122.gr,215,1098,kapoce,0,410,,27.237823009490967,
pace-exact/exact124.gr,215,4452,lb:greedy,0,,667.0,0.04140758514404297,
pace-exact/exact124.gr,215,4452,lb:tri-mwu,0,,724.3767605633802,0.10724544525146484,
pace-exact/exact125.gr,215,6896,pivot,0,2915,,0.00017547607421875,
pace-exact/exact125.gr,215,6896,pivot,1,1754,,0.000118255615234375,
pace-exact/exact125.gr,215,6896,pivot,2,1622,,0.004132270812988281,
pace-exact/exact125.gr,215,6896,pivot50,0,1588,,0.006820201873779297,
pace-exact/exact125.gr,215,6896,pivot50,1,1476,,0.006865501403808594,
pace-exact/exact125.gr,215,6896,pivot50,2,1622,,0.006816387176513672,
pace-exact/exact125.gr,215,6896,vote,0,1414,,0.00043654441833496094,
pace-exact/exact125.gr,215,6896,vote,1,1413,,0.0004603862762451172,
pace-exact/exact125.gr,215,6896,vote,2,1413,,0.0004000663757324219,
pace-exact/exact125.gr,215,6896,louvain,0,1413,,0.0012352466583251953,
pace-exact/exact125.gr,215,6896,louvain,1,1413,,0.0011410713195800781,
pace-exact/exact125.gr,215,6896,louvain,2,1413,,0.001132965087890625,
pace-exact/exact125.gr,215,6896,leiden,0,1413,,0.934504508972168,
pace-exact/exact125.gr,215,6896,leiden,1,1413,,0.0698537826538086,
pace-exact/exact125.gr,215,6896,leiden,2,1415,,0.04832124710083008,
pace-exact/exact125.gr,215,6896,mfp,0,4877,,0.42505836486816406,
pace-exact/exact125.gr,215,6896,mfp,1,4348,,1.1967658996582031,
pace-exact/exact125.gr,215,6896,mfp,2,5366,,0.41479945182800293,
pace-exact/exact125.gr,215,6896,ins,0,1413,,0.09859991073608398,
pace-exact/exact125.gr,215,6896,ins,1,1413,,0.06130504608154297,
pace-exact/exact125.gr,215,6896,ins,2,1413,,0.06830954551696777,
pace-exact/exact125.gr,215,6896,flip,0,1413,,1.051466464996338,
pace-exact/exact125.gr,215,6896,flip,1,1413,,1.034665584564209,
pace-exact/exact125.gr,215,6896,flip,2,1413,,1.0671050548553467,
pace-exact/exact123.gr,215,2070,kapoce,0,416,,39.15563726425171,
pace-exact/exact121.gr,213,6773,kapoce,0,742,,60.10378623008728,
pace-exact/exact125.gr,215,6896,lb:greedy,0,,1243.0,0.019906282424926758,
pace-exact/exact125.gr,215,6896,lb:tri-mwu,0,,1398.838028169014,0.2737429141998291,
pace-exact/exact126.gr,216,1008,pivot,0,229,,0.00015735626220703125,
pace-exact/exact126.gr,216,1008,pivot,1,383,,9.226799011230469e-05,
pace-exact/exact126.gr,216,1008,pivot,2,160,,7.43865966796875e-05,
pace-exact/exact126.gr,216,1008,pivot50,0,150,,0.002343893051147461,
pace-exact/exact126.gr,216,1008,pivot50,1,161,,0.0033698081970214844,
pace-exact/exact126.gr,216,1008,pivot50,2,153,,0.0023834705352783203,
pace-exact/exact126.gr,216,1008,vote,0,160,,0.0001823902130126953,
pace-exact/exact126.gr,216,1008,vote,1,151,,0.0002110004425048828,
pace-exact/exact126.gr,216,1008,vote,2,150,,0.00020885467529296875,
pace-exact/exact126.gr,216,1008,louvain,0,149,,0.0006725788116455078,
pace-exact/exact126.gr,216,1008,louvain,1,150,,0.7080585956573486,
pace-exact/exact126.gr,216,1008,louvain,2,149,,0.0006976127624511719,
pace-exact/exact126.gr,216,1008,leiden,0,150,,0.9264984130859375,
pace-exact/exact126.gr,216,1008,leiden,1,150,,0.026839733123779297,
pace-exact/exact126.gr,216,1008,leiden,2,149,,0.03788924217224121,
pace-exact/exact126.gr,216,1008,mfp,0,685,,0.07604408264160156,
pace-exact/exact126.gr,216,1008,mfp,1,709,,0.0243070125579834,
pace-exact/exact126.gr,216,1008,mfp,2,525,,0.020504236221313477,
pace-exact/exact126.gr,216,1008,ins,0,149,,0.015849590301513672,
pace-exact/exact126.gr,216,1008,ins,1,149,,0.00692296028137207,
pace-exact/exact126.gr,216,1008,ins,2,150,,0.0018749237060546875,
pace-exact/exact126.gr,216,1008,flip,0,149,,0.08138203620910645,
pace-exact/exact126.gr,216,1008,flip,1,149,,0.08947634696960449,
pace-exact/exact126.gr,216,1008,flip,2,149,,0.08211159706115723,
pace-exact/exact126.gr,216,1008,certiflip,0,149,149.0,0.5874831676483154,
pace-exact/exact125.gr,215,6896,certiflip,0,1413,1412.9999999999927,28.228652238845825,
pace-exact/exact126.gr,216,1008,lb:greedy,0,,142.0,0.008457183837890625,
pace-exact/exact126.gr,216,1008,lb:tri-mwu,0,,147.3838028169014,0.03307986259460449,
pace-exact/exact127.gr,216,3070,pivot,0,213,,0.00043463706970214844,
pace-exact/exact127.gr,216,3070,pivot,1,181,,8.058547973632812e-05,
pace-exact/exact127.gr,216,3070,pivot,2,288,,8.273124694824219e-05,
pace-exact/exact127.gr,216,3070,pivot50,0,135,,0.011533260345458984,
pace-exact/exact127.gr,216,3070,pivot50,1,133,,0.01164698600769043,
pace-exact/exact127.gr,216,3070,pivot50,2,132,,0.0032804012298583984,
pace-exact/exact127.gr,216,3070,vote,0,131,,0.0003407001495361328,
pace-exact/exact127.gr,216,3070,vote,1,131,,0.00030803680419921875,
pace-exact/exact127.gr,216,3070,vote,2,131,,0.0002796649932861328,
pace-exact/exact127.gr,216,3070,louvain,0,131,,0.7041597366333008,
pace-exact/exact127.gr,216,3070,louvain,1,131,,0.0007989406585693359,
pace-exact/exact127.gr,216,3070,louvain,2,131,,0.0007867813110351562,
pace-exact/exact127.gr,216,3070,leiden,0,131,,1.0048885345458984,
pace-exact/exact127.gr,216,3070,leiden,1,130,,0.027875661849975586,
pace-exact/exact127.gr,216,3070,leiden,2,131,,0.042725563049316406,
pace-exact/exact127.gr,216,3070,mfp,0,285,,0.21619534492492676,
pace-exact/exact127.gr,216,3070,mfp,1,341,,0.2736396789550781,
pace-exact/exact127.gr,216,3070,mfp,2,1141,,0.16913366317749023,
pace-exact/exact127.gr,216,3070,ins,0,130,,0.017416954040527344,
pace-exact/exact127.gr,216,3070,ins,1,130,,0.003773927688598633,
pace-exact/exact127.gr,216,3070,ins,2,130,,0.008910655975341797,
pace-exact/exact127.gr,216,3070,flip,0,130,,0.13236260414123535,
pace-exact/exact127.gr,216,3070,flip,1,130,,0.15070629119873047,
pace-exact/exact127.gr,216,3070,flip,2,130,,0.14888715744018555,
pace-exact/exact127.gr,216,3070,certiflip,0,130,130.0,0.9667825698852539,
pace-exact/exact124.gr,215,4452,kapoce,0,732,,60.08037972450256,
pace-exact/exact127.gr,216,3070,lb:greedy,0,,125.0,0.01013803482055664,
pace-exact/exact127.gr,216,3070,lb:tri-mwu,0,,129.5387323943662,0.04059886932373047,
pace-exact/exact128.gr,216,3466,pivot,0,201,,0.0001201629638671875,
pace-exact/exact128.gr,216,3466,pivot,1,109,,0.00012254714965820312,
pace-exact/exact128.gr,216,3466,pivot,2,167,,8.106231689453125e-05,
pace-exact/exact128.gr,216,3466,pivot50,0,109,,0.003923892974853516,
pace-exact/exact128.gr,216,3466,pivot50,1,108,,0.002399444580078125,
pace-exact/exact128.gr,216,3466,pivot50,2,109,,0.0024166107177734375,
pace-exact/exact128.gr,216,3466,vote,0,108,,0.0002677440643310547,
pace-exact/exact128.gr,216,3466,vote,1,108,,0.0002429485321044922,
pace-exact/exact128.gr,216,3466,vote,2,108,,0.0002772808074951172,
pace-exact/exact128.gr,216,3466,louvain,0,108,,0.6818602085113525,
pace-exact/exact128.gr,216,3466,louvain,1,108,,0.0008625984191894531,
pace-exact/exact128.gr,216,3466,louvain,2,108,,0.0007817745208740234,
pace-exact/exact128.gr,216,3466,leiden,0,108,,0.9259176254272461,
pace-exact/exact128.gr,216,3466,leiden,1,108,,0.021764039993286133,
pace-exact/exact128.gr,216,3466,leiden,2,108,,0.030250072479248047,
pace-exact/exact128.gr,216,3466,mfp,0,305,,0.21529936790466309,
pace-exact/exact128.gr,216,3466,mfp,1,297,,0.16799163818359375,
pace-exact/exact128.gr,216,3466,mfp,2,310,,0.18368220329284668,
pace-exact/exact128.gr,216,3466,ins,0,108,,0.0232546329498291,
pace-exact/exact128.gr,216,3466,ins,1,108,,0.010406494140625,
pace-exact/exact128.gr,216,3466,ins,2,108,,0.01177525520324707,
pace-exact/exact128.gr,216,3466,flip,0,108,,0.14307785034179688,
pace-exact/exact128.gr,216,3466,flip,1,108,,0.1405627727508545,
pace-exact/exact128.gr,216,3466,flip,2,108,,0.14119553565979004,
pace-exact/exact128.gr,216,3466,certiflip,0,108,108.0,0.9028563499450684,
pace-exact/exact126.gr,216,1008,kapoce,0,149,,22.76558566093445,
pace-exact/exact128.gr,216,3466,lb:greedy,0,,108.0,0.006121397018432617,
pace-exact/exact128.gr,216,3466,lb:tri-mwu,0,,107.67605633802818,0.020624876022338867,
pace-exact/exact129.gr,216,6964,pivot,0,2693,,0.0002601146697998047,
pace-exact/exact129.gr,216,6964,pivot,1,2406,,0.00011420249938964844,
pace-exact/exact129.gr,216,6964,pivot,2,2901,,0.7081222534179688,
pace-exact/exact129.gr,216,6964,pivot50,0,2291,,0.007018566131591797,
pace-exact/exact129.gr,216,6964,pivot50,1,2406,,0.006718635559082031,
pace-exact/exact129.gr,216,6964,pivot50,2,2473,,0.002719402313232422,
pace-exact/exact129.gr,216,6964,vote,0,2211,,0.008877038955688477,
pace-exact/exact129.gr,216,6964,vote,1,2221,,0.0005199909210205078,
pace-exact/exact129.gr,216,6964,vote,2,2211,,0.0003826618194580078,
pace-exact/exact129.gr,216,6964,louvain,0,2211,,0.00784921646118164,
pace-exact/exact129.gr,216,6964,louvain,1,2211,,0.0012087821960449219,
pace-exact/exact129.gr,216,6964,louvain,2,2211,,0.0011870861053466797,
pace-exact/exact129.gr,216,6964,leiden,0,2211,,0.7237520217895508,
pace-exact/exact129.gr,216,6964,leiden,1,2211,,0.08408212661743164,
pace-exact/exact129.gr,216,6964,leiden,2,2211,,0.05811119079589844,
pace-exact/exact129.gr,216,6964,mfp,0,5350,,0.42978358268737793,
pace-exact/exact129.gr,216,6964,mfp,1,5407,,0.36661720275878906,
pace-exact/exact129.gr,216,6964,mfp,2,5450,,0.37888503074645996,
pace-exact/exact129.gr,216,6964,ins,0,2211,,0.09601259231567383,
pace-exact/exact129.gr,216,6964,ins,1,2211,,0.08240699768066406,
pace-exact/exact129.gr,216,6964,ins,2,2211,,0.10602545738220215,
pace-exact/exact129.gr,216,6964,flip,0,2211,,1.453660488128662,
pace-exact/exact129.gr,216,6964,flip,1,2211,,2.222886800765991,
pace-exact/exact129.gr,216,6964,flip,2,2211,,1.343808889389038,
pace-exact/exact125.gr,215,6896,kapoce,0,1413,,60.09780311584473,
pace-exact/exact127.gr,216,3070,kapoce,0,130,,47.58060050010681,
pace-exact/exact129.gr,216,6964,lb:greedy,0,,1815.0,0.039942264556884766,
pace-exact/exact129.gr,216,6964,lb:tri-mwu,0,,2173.1021126760565,0.401996374130249,
pace-exact/exact130.gr,221,723,pivot,0,169,,0.0001220703125,
pace-exact/exact130.gr,221,723,pivot,1,254,,0.7036635875701904,
pace-exact/exact130.gr,221,723,pivot,2,266,,0.00012063980102539062,
pace-exact/exact130.gr,221,723,pivot50,0,161,,0.0024983882904052734,
pace-exact/exact130.gr,221,723,pivot50,1,154,,0.0025980472564697266,
pace-exact/exact130.gr,221,723,pivot50,2,147,,0.0022063255310058594,
pace-exact/exact130.gr,221,723,vote,0,132,,0.008563041687011719,
pace-exact/exact130.gr,221,723,vote,1,132,,0.0001728534698486328,
pace-exact/exact130.gr,221,723,vote,2,131,,0.0001404285430908203,
pace-exact/exact130.gr,221,723,louvain,0,132,,0.019723892211914062,
pace-exact/exact130.gr,221,723,louvain,1,132,,0.002705097198486328,
pace-exact/exact130.gr,221,723,louvain,2,131,,0.0006742477416992188,
pace-exact/exact130.gr,221,723,leiden,0,131,,0.8629460334777832,
pace-exact/exact130.gr,221,723,leiden,1,129,,0.021657943725585938,
pace-exact/exact130.gr,221,723,leiden,2,135,,0.021034955978393555,
pace-exact/exact130.gr,221,723,mfp,0,372,,0.051549673080444336,
pace-exact/exact130.gr,221,723,mfp,1,366,,0.008910655975341797,
pace-exact/exact130.gr,221,723,mfp,2,362,,0.008433341979980469,
pace-exact/exact130.gr,221,723,ins,0,130,,0.012110710144042969,
pace-exact/exact130.gr,221,723,ins,1,130,,0.0013818740844726562,
pace-exact/exact130.gr,221,723,ins,2,130,,0.0014255046844482422,
pace-exact/exact130.gr,221,723,flip,0,129,,0.7731599807739258,
pace-exact/exact130.gr,221,723,flip,1,129,,0.06301188468933105,
pace-exact/exact130.gr,221,723,flip,2,129,,0.04636383056640625,
pace-exact/exact130.gr,221,723,certiflip,0,129,128.77777777777777,0.5849714279174805,
pace-exact/exact128.gr,216,3466,kapoce,0,108,,40.66809630393982,
pace-exact/exact130.gr,221,723,lb:greedy,0,,109.0,0.008451223373413086,
pace-exact/exact130.gr,221,723,lb:tri-mwu,0,,120.84507042253522,0.03937196731567383,
pace-exact/exact131.gr,221,1091,pivot,0,522,,0.0001418590545654297,
pace-exact/exact131.gr,221,1091,pivot,1,561,,0.7705605030059814,
pace-exact/exact131.gr,221,1091,pivot,2,660,,0.00011467933654785156,
pace-exact/exact131.gr,221,1091,pivot50,0,458,,0.010485649108886719,
pace-exact/exact131.gr,221,1091,pivot50,1,485,,0.0023055076599121094,
pace-exact/exact131.gr,221,1091,pivot50,2,461,,0.0023238658905029297,
pace-exact/exact131.gr,221,1091,vote,0,389,,0.01277470588684082,
pace-exact/exact131.gr,221,1091,vote,1,395,,0.0002014636993408203,
pace-exact/exact131.gr,221,1091,vote,2,392,,0.0001971721649169922,
pace-exact/exact131.gr,221,1091,louvain,0,389,,0.023900747299194336,
pace-exact/exact131.gr,221,1091,louvain,1,392,,0.00894927978515625,
pace-exact/exact131.gr,221,1091,louvain,2,391,,0.0006508827209472656,
pace-exact/exact131.gr,221,1091,leiden,0,392,,0.8821444511413574,
pace-exact/exact131.gr,221,1091,leiden,1,386,,0.0293581485748291,
pace-exact/exact131.gr,221,1091,leiden,2,388,,0.026028156280517578,
pace-exact/exact131.gr,221,1091,mfp,0,778,,0.049732208251953125,
pace-exact/exact131.gr,221,1091,mfp,1,936,,0.010746240615844727,
pace-exact/exact131.gr,221,1091,mfp,2,806,,0.010697126388549805,
pace-exact/exact131.gr,221,1091,ins,0,387,,0.015961647033691406,
pace-exact/exact131.gr,221,1091,ins,1,386,,0.006922245025634766,
pace-exact/exact131.gr,221,1091,ins,2,388,,0.006666421890258789,
pace-exact/exact131.gr,221,1091,flip,0,386,,0.829298734664917,
pace-exact/exact131.gr,221,1091,flip,1,386,,0.11126422882080078,
pace-exact/exact131.gr,221,1091,flip,2,386,,0.10577797889709473,
pace-exact/exact131.gr,221,1091,certiflip,0,386,380.61509433962283,8.126220226287842,
pace-exact/exact130.gr,221,723,kapoce,0,129,,18.018112421035767,
pace-exact/exact131.gr,221,1091,lb:greedy,0,,318.0,0.004109621047973633,
pace-exact/exact131.gr,221,1091,lb:tri-mwu,0,,350.71478873239437,0.031644582748413086,
pace-exact/exact132.gr,221,7291,pivot,0,6478,,0.00013566017150878906,
pace-exact/exact132.gr,221,7291,pivot,1,6202,,9.775161743164062e-05,
pace-exact/exact132.gr,221,7291,pivot,2,5876,,9.72747802734375e-05,
pace-exact/exact132.gr,221,7291,pivot50,0,5666,,0.0028886795043945312,
pace-exact/exact132.gr,221,7291,pivot50,1,5472,,0.0028820037841796875,
pace-exact/exact132.gr,221,7291,pivot50,2,5681,,0.0028982162475585938,
pace-exact/exact132.gr,221,7291,vote,0,4480,,0.0005960464477539062,
pace-exact/exact132.gr,221,7291,vote,1,4476,,0.0006041526794433594,
pace-exact/exact132.gr,221,7291,vote,2,4478,,0.0005366802215576172,
pace-exact/exact132.gr,221,7291,louvain,0,4478,,0.0014843940734863281,
pace-exact/exact132.gr,221,7291,louvain,1,4476,,0.001714468002319336,
pace-exact/exact132.gr,221,7291,louvain,2,4478,,0.0016679763793945312,
pace-exact/exact132.gr,221,7291,leiden,0,4477,,0.7052905559539795,
pace-exact/exact132.gr,221,7291,leiden,1,4476,,0.9113030433654785,
pace-exact/exact132.gr,221,7291,leiden,2,4479,,0.08947944641113281,
pace-exact/exact132.gr,221,7291,mfp,0,8137,,0.3198692798614502,
pace-exact/exact132.gr,221,7291,mfp,1,7419,,0.2542738914489746,
pace-exact/exact132.gr,221,7291,mfp,2,7341,,0.25774121284484863,
pace-exact/exact132.gr,221,7291,ins,0,4477,,0.21004915237426758,
pace-exact/exact132.gr,221,7291,ins,1,4476,,0.1770946979522705,
pace-exact/exact132.gr,221,7291,ins,2,4477,,0.18187713623046875,
pace-exact/exact132.gr,221,7291,flip,0,4476,,2.9724032878875732,
pace-exact/exact132.gr,221,7291,flip,1,4476,,3.2060446739196777,
pace-exact/exact129.gr,216,6964,certiflip,0,2211,1895.8559499964467,60.38525414466858,
pace-exact/exact132.gr,221,7291,flip,2,4476,,3.0465192794799805,
pace-exact/exact131.gr,221,1091,kapoce,0,386,,27.718472003936768,
pace-exact/exact132.gr,221,7291,lb:greedy,0,,2953.0,0.03220343589782715,
pace-exact/exact132.gr,221,7291,lb:tri-mwu,0,,3630.6666666666665,0.7791895866394043,
pace-exact/exact133.gr,221,18291,pivot,0,7227,,0.00019121170043945312,
pace-exact/exact133.gr,221,18291,pivot,1,6578,,0.00014853477478027344,
pace-exact/exact133.gr,221,18291,pivot,2,5601,,0.0001220703125,
pace-exact/exact133.gr,221,18291,pivot50,0,5275,,0.003828763961791992,
pace-exact/exact133.gr,221,18291,pivot50,1,5275,,0.0037789344787597656,
pace-exact/exact133.gr,221,18291,pivot50,2,5599,,0.0037653446197509766,
pace-exact/exact133.gr,221,18291,vote,0,4839,,0.0007970333099365234,
pace-exact/exact133.gr,221,18291,vote,1,4839,,0.0008792877197265625,
pace-exact/exact133.gr,221,18291,vote,2,4836,,0.0007550716400146484,
pace-exact/exact133.gr,221,18291,louvain,0,4836,,0.001912832260131836,
pace-exact/exact133.gr,221,18291,louvain,1,4836,,0.0018439292907714844,
pace-exact/exact133.gr,221,18291,louvain,2,4836,,0.0018019676208496094,
pace-exact/exact133.gr,221,18291,leiden,0,4836,,0.924088716506958,
pace-exact/exact133.gr,221,18291,leiden,1,4836,,1.0129024982452393,
pace-exact/exact133.gr,221,18291,leiden,2,4836,,0.11458802223205566,
pace-exact/exact129.gr,216,6964,kapoce,0,2211,,60.10051369667053,
pace-exact/exact133.gr,221,18291,mfp,0,9872,,2.4554224014282227,
pace-exact/exact133.gr,221,18291,mfp,1,13034,,2.3779823780059814,
pace-exact/exact133.gr,221,18291,ins,0,4836,,0.3080887794494629,
pace-exact/exact133.gr,221,18291,ins,1,4836,,0.31885480880737305,
pace-exact/exact133.gr,221,18291,ins,2,4836,,0.30818867683410645,
pace-exact/exact133.gr,221,18291,mfp,2,9005,,2.389583110809326,
pace-exact/exact133.gr,221,18291,flip,0,4836,,4.969915390014648,
pace-exact/exact133.gr,221,18291,flip,1,4836,,4.845808029174805,
pace-exact/exact133.gr,221,18291,flip,2,4836,,5.227152347564697,
pace-exact/exact132.gr,221,7291,kapoce,0,4476,,60.12260603904724,
pace-exact/exact133.gr,221,18291,lb:greedy,0,,3738.0,0.1993570327758789,
pace-exact/exact132.gr,221,7291,certiflip,0,4476,1938.3987965378528,61.86425590515137,
pace-exact/exact134.gr,232,3633,pivot,0,929,,0.00016164779663085938,
pace-exact/exact134.gr,232,3633,pivot,1,2168,,8.58306884765625e-05,
pace-exact/exact134.gr,232,3633,pivot,2,1026,,8.273124694824219e-05,
pace-exact/exact134.gr,232,3633,pivot50,0,837,,0.0063593387603759766,
pace-exact/exact134.gr,232,3633,pivot50,1,848,,0.006358623504638672,
pace-exact/exact134.gr,232,3633,pivot50,2,826,,0.0023767948150634766,
pace-exact/exact134.gr,232,3633,vote,0,776,,0.0002739429473876953,
pace-exact/exact134.gr,232,3633,vote,1,772,,0.00026488304138183594,
pace-exact/exact134.gr,232,3633,vote,2,792,,0.00027871131896972656,
pace-exact/exact134.gr,232,3633,louvain,0,772,,0.0008475780487060547,
pace-exact/exact134.gr,232,3633,louvain,1,772,,0.0008032321929931641,
pace-exact/exact134.gr,232,3633,louvain,2,780,,0.0008051395416259766,
pace-exact/exact133.gr,221,18291,lb:tri-mwu,0,,4788.084507042254,1.673888921737671,
pace-exact/exact134.gr,232,3633,leiden,1,772,,0.04926466941833496,
pace-exact/exact134.gr,232,3633,leiden,2,772,,0.036789894104003906,
pace-exact/exact134.gr,232,3633,leiden,0,792,,0.8557944297790527,
pace-exact/exact134.gr,232,3633,mfp,0,3125,,0.19803261756896973,
pace-exact/exact134.gr,232,3633,mfp,1,2470,,0.2610819339752197,
pace-exact/exact134.gr,232,3633,mfp,2,2376,,0.2076277732849121,
pace-exact/exact134.gr,232,3633,ins,0,772,,0.010059118270874023,
pace-exact/exact134.gr,232,3633,ins,2,772,,0.009598493576049805,
pace-exact/exact134.gr,232,3633,ins,1,772,,0.014715194702148438,
pace-exact/exact134.gr,232,3633,flip,0,772,,0.3585529327392578,
pace-exact/exact134.gr,232,3633,flip,1,772,,1.1163301467895508,
pace-exact/exact134.gr,232,3633,flip,2,772,,1.0565829277038574,
pace-exact/exact134.gr,232,3633,certiflip,0,772,772.0,2.9943761825561523,
pace-exact/exact134.gr,232,3633,lb:greedy,0,,752.0,0.016238689422607422,
pace-exact/exact134.gr,232,3633,lb:tri-mwu,0,,764.7253521126761,0.12271928787231445,
pace-exact/exact135.gr,232,3633,pivot,0,929,,0.00015926361083984375,
pace-exact/exact135.gr,232,3633,pivot,1,2168,,0.0002009868621826172,
pace-exact/exact135.gr,232,3633,pivot,2,1026,,7.963180541992188e-05,
pace-exact/exact135.gr,232,3633,pivot50,0,837,,0.0025076866149902344,
pace-exact/exact135.gr,232,3633,pivot50,1,848,,0.002398252487182617,
pace-exact/exact135.gr,232,3633,pivot50,2,826,,0.002349376678466797,
pace-exact/exact135.gr,232,3633,vote,0,776,,0.0002608299255371094,
pace-exact/exact135.gr,232,3633,vote,1,772,,0.00027561187744140625,
pace-exact/exact135.gr,232,3633,vote,2,792,,0.0002551078796386719,
pace-exact/exact135.gr,232,3633,louvain,0,772,,0.0008323192596435547,
pace-exact/exact135.gr,232,3633,louvain,1,772,,0.0008273124694824219,
pace-exact/exact135.gr,232,3633,louvain,2,780,,0.0008180141448974609,
pace-exact/exact135.gr,232,3633,leiden,0,792,,0.970801591873169,
pace-exact/exact135.gr,232,3633,leiden,1,772,,0.04842877388000488,
pace-exact/exact135.gr,232,3633,leiden,2,772,,0.03640174865722656,
pace-exact/exact135.gr,232,3633,mfp,0,3125,,0.20757460594177246,
pace-exact/exact135.gr,232,3633,mfp,1,2470,,1.1054513454437256,
pace-exact/exact135.gr,232,3633,mfp,2,2376,,0.2047252655029297,
pace-exact/exact135.gr,232,3633,ins,0,772,,0.08647871017456055,
pace-exact/exact135.gr,232,3633,ins,1,772,,0.02069878578186035,
pace-exact/exact135.gr,232,3633,ins,2,772,,0.02095794677734375,
pace-exact/exact135.gr,232,3633,flip,0,772,,0.3184497356414795,
pace-exact/exact135.gr,232,3633,flip,1,772,,0.35822463035583496,
pace-exact/exact135.gr,232,3633,flip,2,772,,0.31042003631591797,
pace-exact/exact135.gr,232,3633,certiflip,0,772,772.0,3.053450584411621,
pace-exact/exact133.gr,221,18291,certiflip,0,4836,1942.173522852344,60.07047462463379,
pace-exact/exact135.gr,232,3633,lb:greedy,0,,752.0,0.02148270606994629,
pace-exact/exact135.gr,232,3633,lb:tri-mwu,0,,764.7253521126761,0.1242380142211914,
pace-exact/exact136.gr,232,4981,pivot,0,81,,0.00014591217041015625,
pace-exact/exact136.gr,232,4981,pivot,1,268,,0.00011873245239257812,
pace-exact/exact136.gr,232,4981,pivot,2,91,,9.179115295410156e-05,
pace-exact/exact136.gr,232,4981,pivot50,0,81,,0.003029346466064453,
pace-exact/exact136.gr,232,4981,pivot50,1,81,,0.0025272369384765625,
pace-exact/exact136.gr,232,4981,pivot50,2,81,,0.002931833267211914,
pace-exact/exact136.gr,232,4981,vote,0,81,,0.0002601146697998047,
pace-exact/exact136.gr,232,4981,vote,1,81,,0.00026726722717285156,
pace-exact/exact136.gr,232,4981,vote,2,81,,0.00028252601623535156,
pace-exact/exact136.gr,232,4981,louvain,0,81,,0.0008471012115478516,
pace-exact/exact136.gr,232,4981,louvain,1,81,,0.0008172988891601562,
pace-exact/exact136.gr,232,4981,louvain,2,81,,0.0007741451263427734,
pace-exact/exact136.gr,232,4981,leiden,0,81,,1.003666639328003,
pace-exact/exact136.gr,232,4981,leiden,1,81,,0.05917692184448242,
pace-exact/exact136.gr,232,4981,leiden,2,81,,0.04040265083312988,
pace-exact/exact136.gr,232,4981,mfp,0,1128,,0.4537484645843506,
pace-exact/exact136.gr,232,4981,mfp,1,143,,0.4120469093322754,
pace-exact/exact136.gr,232,4981,mfp,2,673,,0.42368006706237793,
pace-exact/exact136.gr,232,4981,ins,0,81,,0.04041600227355957,
pace-exact/exact136.gr,232,4981,ins,1,81,,0.015001058578491211,
pace-exact/exact136.gr,232,4981,ins,2,81,,0.01499032974243164,
pace-exact/exact136.gr,232,4981,flip,0,81,,0.10366129875183105,
pace-exact/exact136.gr,232,4981,flip,1,81,,0.15249013900756836,
pace-exact/exact136.gr,232,4981,flip,2,81,,0.1586472988128662,
pace-exact/exact133.gr,221,18291,kapoce,0,4836,,60.13329029083252,
pace-exact/exact136.gr,232,4981,certiflip,0,81,81.0,1.1058712005615234,
pace-exact/exact136.gr,232,4981,lb:greedy,0,,81.0,0.02222299575805664,
pace-exact/exact136.gr,232,4981,lb:tri-mwu,0,,81.0,0.06923913955688477,
pace-exact/exact137.gr,232,5578,pivot,0,16,,0.00012230873107910156,
pace-exact/exact137.gr,232,5578,pivot,1,26,,0.00011777877807617188,
pace-exact/exact137.gr,232,5578,pivot,2,16,,8.344650268554688e-05,
pace-exact/exact137.gr,232,5578,pivot50,0,16,,0.002462625503540039,
pace-exact/exact137.gr,232,5578,pivot50,1,16,,0.0023717880249023438,
pace-exact/exact137.gr,232,5578,pivot50,2,16,,0.7056725025177002,
pace-exact/exact137.gr,232,5578,vote,0,16,,0.009169578552246094,
pace-exact/exact137.gr,232,5578,vote,1,16,,0.0003101825714111328,
pace-exact/exact137.gr,232,5578,vote,2,18,,0.00027751922607421875,
pace-exact/exact137.gr,232,5578,louvain,0,16,,0.007779121398925781,
pace-exact/exact137.gr,232,5578,louvain,1,16,,0.00084686279296875,
pace-exact/exact137.gr,232,5578,louvain,2,18,,0.0008544921875,
pace-exact/exact137.gr,232,5578,leiden,0,16,,0.997633695602417,
pace-exact/exact137.gr,232,5578,leiden,1,18,,0.03256559371948242,
pace-exact/exact137.gr,232,5578,leiden,2,16,,0.03226041793823242,
pace-exact/exact137.gr,232,5578,mfp,0,19,,0.5464303493499756,
pace-exact/exact137.gr,232,5578,mfp,1,32,,0.47957563400268555,
pace-exact/exact137.gr,232,5578,mfp,2,48,,0.48092055320739746,
pace-exact/exact137.gr,232,5578,ins,0,16,,0.017457008361816406,
pace-exact/exact137.gr,232,5578,ins,1,16,,0.015531063079833984,
pace-exact/exact137.gr,232,5578,ins,2,16,,0.011872529983520508,
pace-exact/exact137.gr,232,5578,flip,0,16,,0.23458194732666016,
pace-exact/exact137.gr,232,5578,flip,1,16,,0.23426413536071777,
pace-exact/exact137.gr,232,5578,flip,2,16,,0.2240152359008789,
pace-exact/exact137.gr,232,5578,certiflip,0,16,16.0,1.3947322368621826,
pace-exact/exact134.gr,232,3633,kapoce,0,772,,54.41705346107483,
pace-exact/exact137.gr,232,5578,lb:greedy,0,,14.0,0.08446216583251953,
pace-exact/exact137.gr,232,5578,lb:tri-mwu,0,,15.584507042253522,0.03066873550415039,
pace-exact/exact138.gr,232,16859,pivot,0,11225,,0.00014591217041015625,
pace-exact/exact138.gr,232,16859,pivot,1,9791,,0.00011944770812988281,
pace-exact/exact138.gr,232,16859,pivot,2,11287,,9.775161743164062e-05,
pace-exact/exact138.gr,232,16859,pivot50,0,5545,,0.0036444664001464844,
pace-exact/exact138.gr,232,16859,pivot50,1,5589,,0.009999990463256836,
pace-exact/exact138.gr,232,16859,pivot50,2,5447,,0.003734588623046875,
pace-exact/exact138.gr,232,16859,vote,0,5301,,0.0006525516510009766,
pace-exact/exact138.gr,232,16859,vote,1,5306,,0.0010919570922851562,
pace-exact/exact138.gr,232,16859,vote,2,5306,,0.00077056884765625,
pace-exact/exact138.gr,232,16859,louvain,0,5301,,0.0018045902252197266,
pace-exact/exact138.gr,232,16859,louvain,1,5290,,0.00180816650390625,
pace-exact/exact138.gr,232,16859,louvain,2,5304,,0.001874685287475586,
pace-exact/exact138.gr,232,16859,leiden,0,5295,,0.892399787902832,
pace-exact/exact138.gr,232,16859,leiden,1,5298,,0.17568469047546387,
pace-exact/exact138.gr,232,16859,leiden,2,5299,,0.1302626132965088,
pace-exact/exact138.gr,232,16859,mfp,0,14875,,1.7875783443450928,
pace-exact/exact138.gr,232,16859,mfp,1,12640,,2.526824712753296,
pace-exact/exact138.gr,232,16859,mfp,2,11833,,2.0297305583953857,
pace-exact/exact138.gr,232,16859,ins,0,5289,,0.2846369743347168,
pace-exact/exact138.gr,232,16859,ins,1,5289,,0.21848845481872559,
pace-exact/exact138.gr,232,16859,ins,2,5292,,0.21257352828979492,
pace-exact/exact136.gr,232,4981,kapoce,0,81,,40.93427395820618,
pace-exact/exact135.gr,232,3633,kapoce,0,772,,54.74125862121582,
pace-exact/exact138.gr,232,16859,flip,0,5289,,4.53771710395813,
pace-exact/exact138.gr,232,16859,flip,1,5289,,4.773909330368042,
pace-exact/exact138.gr,232,16859,flip,2,5289,,4.473835229873657,
pace-exact/exact138.gr,232,16859,lb:greedy,0,,3607.0,0.18898677825927734,
pace-exact/exact138.gr,232,16859,lb:tri-mwu,0,,5212.345070422535,2.354597330093384,
pace-exact/exact139.gr,232,17300,pivot,0,11490,,0.00015687942504882812,
pace-exact/exact139.gr,232,17300,pivot,1,9740,,0.00014472007751464844,
pace-exact/exact139.gr,232,17300,pivot,2,11037,,0.00012421607971191406,
pace-exact/exact139.gr,232,17300,pivot50,0,5778,,0.007996082305908203,
pace-exact/exact139.gr,232,17300,pivot50,1,5869,,0.007933855056762695,
pace-exact/exact139.gr,232,17300,pivot50,2,5620,,0.003800630569458008,
pace-exact/exact139.gr,232,17300,vote,0,5516,,0.0007550716400146484,
pace-exact/exact139.gr,232,17300,vote,1,5522,,1.0663294792175293,
pace-exact/exact139.gr,232,17300,vote,2,5514,,0.0009038448333740234,
pace-exact/exact139.gr,232,17300,louvain,0,5516,,0.026064157485961914,
pace-exact/exact139.gr,232,17300,louvain,1,5522,,0.0065000057220458984,
pace-exact/exact139.gr,232,17300,louvain,2,5514,,0.0019299983978271484,
pace-exact/exact137.gr,232,5578,kapoce,0,16,,44.91892051696777,
pace-exact/exact139.gr,232,17300,leiden,0,5517,,1.3381059169769287,
pace-exact/exact139.gr,232,17300,leiden,2,5517,,0.18185973167419434,
pace-exact/exact139.gr,232,17300,leiden,1,5517,,1.5666792392730713,
pace-exact/exact139.gr,232,17300,mfp,0,14865,,2.6226933002471924,
pace-exact/exact139.gr,232,17300,mfp,1,13040,,2.84740948677063,
pace-exact/exact139.gr,232,17300,ins,0,5517,,0.31113696098327637,
pace-exact/exact139.gr,232,17300,ins,1,5514,,0.3113541603088379,
pace-exact/exact139.gr,232,17300,ins,2,5514,,0.31516051292419434,
pace-exact/exact139.gr,232,17300,mfp,2,12019,,2.632840156555176,
pace-exact/exact139.gr,232,17300,flip,1,5514,,4.566852331161499,
pace-exact/exact139.gr,232,17300,flip,0,5514,,5.161964416503906,
pace-exact/exact139.gr,232,17300,flip,2,5514,,4.977570295333862,
pace-exact/exact138.gr,232,16859,certiflip,0,5289,1645.9012569183215,60.256680488586426,
pace-exact/exact139.gr,232,17300,lb:greedy,0,,3726.0,0.15892529487609863,
pace-exact/exact138.gr,232,16859,kapoce,0,5289,,60.15186405181885,
pace-exact/exact140.gr,250,1045,pivot,0,609,,0.00014328956604003906,
pace-exact/exact140.gr,250,1045,pivot,1,609,,8.845329284667969e-05,
pace-exact/exact140.gr,250,1045,pivot,2,625,,6.508827209472656e-05,
pace-exact/exact140.gr,250,1045,pivot50,0,558,,0.010573148727416992,
pace-exact/exact140.gr,250,1045,pivot50,1,556,,0.006997108459472656,
pace-exact/exact140.gr,250,1045,pivot50,2,578,,0.0024023056030273438,
pace-exact/exact140.gr,250,1045,vote,0,466,,0.0002014636993408203,
pace-exact/exact140.gr,250,1045,vote,1,466,,0.00020313262939453125,
pace-exact/exact140.gr,250,1045,vote,2,467,,0.0001742839813232422,
pace-exact/exact140.gr,250,1045,louvain,0,463,,0.0007939338684082031,
pace-exact/exact140.gr,250,1045,louvain,1,465,,0.0007424354553222656,
pace-exact/exact140.gr,250,1045,louvain,2,459,,0.0007183551788330078,
pace-exact/exact140.gr,250,1045,leiden,0,471,,1.0846199989318848,
pace-exact/exact140.gr,250,1045,leiden,1,472,,0.044617652893066406,
pace-exact/exact140.gr,250,1045,leiden,2,457,,0.03368568420410156,
pace-exact/exact140.gr,250,1045,mfp,0,947,,0.025364160537719727,
pace-exact/exact140.gr,250,1045,mfp,1,1042,,0.005673885345458984,
pace-exact/exact139.gr,232,17300,lb:tri-mwu,0,,5421.732394366197,2.446845054626465,
pace-exact/exact140.gr,250,1045,ins,0,452,,0.002758026123046875,
pace-exact/exact140.gr,250,1045,ins,1,453,,0.0027570724487304688,
pace-exact/exact140.gr,250,1045,ins,2,453,,0.0025374889373779297,
pace-exact/exact140.gr,250,1045,flip,0,452,,0.11150336265563965,
pace-exact/exact140.gr,250,1045,flip,1,452,,0.14164042472839355,
pace-exact/exact140.gr,250,1045,flip,2,452,,0.17569470405578613,
pace-exact/exact140.gr,250,1045,mfp,2,1046,,0.9088160991668701,
pace-exact/exact140.gr,250,1045,certiflip,0,451,450.2499999999999,1.725027322769165,
pace-exact/exact140.gr,250,1045,lb:greedy,0,,368.0,0.0007753372192382812,
pace-exact/exact140.gr,250,1045,lb:tri-mwu,0,,420.72535211267603,0.018975496292114258,
pace-exact/exact141.gr,250,1450,pivot,0,901,,0.00012302398681640625,
pace-exact/exact141.gr,250,1450,pivot,1,1028,,7.081031799316406e-05,
pace-exact/exact141.gr,250,1450,pivot,2,1016,,1.0195531845092773,
pace-exact/exact141.gr,250,1450,pivot50,0,879,,0.003925323486328125,
pace-exact/exact141.gr,250,1450,pivot50,1,848,,0.010695219039916992,
pace-exact/exact141.gr,250,1450,pivot50,2,907,,0.006520271301269531,
pace-exact/exact141.gr,250,1450,vote,0,738,,0.013145923614501953,
pace-exact/exact141.gr,250,1450,vote,1,706,,0.0002827644348144531,
pace-exact/exact141.gr,250,1450,vote,2,708,,0.0002090930938720703,
pace-exact/exact141.gr,250,1450,louvain,0,724,,0.008020401000976562,
pace-exact/exact141.gr,250,1450,louvain,1,699,,0.0008251667022705078,
pace-exact/exact141.gr,250,1450,louvain,2,707,,0.0007786750793457031,
pace-exact/exact141.gr,250,1450,leiden,0,708,,1.4637281894683838,
pace-exact/exact141.gr,250,1450,leiden,1,716,,0.06529974937438965,
pace-exact/exact141.gr,250,1450,leiden,2,715,,0.07062530517578125,
pace-exact/exact141.gr,250,1450,mfp,0,1528,,0.08508729934692383,
pace-exact/exact141.gr,250,1450,mfp,1,1556,,0.02575850486755371,
pace-exact/exact141.gr,250,1450,mfp,2,1543,,0.01822495460510254,
pace-exact/exact141.gr,250,1450,ins,0,699,,0.02367091178894043,
pace-exact/exact141.gr,250,1450,ins,1,698,,0.004273414611816406,
pace-exact/exact141.gr,250,1450,ins,2,699,,0.004599332809448242,
pace-exact/exact141.gr,250,1450,flip,0,697,,0.18858551979064941,
pace-exact/exact141.gr,250,1450,flip,1,697,,1.3247218132019043,
pace-exact/exact141.gr,250,1450,flip,2,698,,0.18486571311950684,
pace-exact/exact139.gr,232,17300,certiflip,0,5514,1735.559727259235,61.19654631614685,
pace-exact/exact139.gr,232,17300,kapoce,0,5514,,60.170053482055664,
pace-exact/exact141.gr,250,1450,lb:greedy,0,,550.0,0.02182602882385254,
pace-exact/exact141.gr,250,1450,lb:tri-mwu,0,,594.669014084507,0.057933807373046875,
pace-exact/exact142.gr,250,2451,pivot,0,877,,0.00012683868408203125,
pace-exact/exact142.gr,250,2451,pivot,1,877,,9.131431579589844e-05,
pace-exact/exact142.gr,250,2451,pivot,2,863,,7.581710815429688e-05,
pace-exact/exact142.gr,250,2451,pivot50,0,741,,0.006324052810668945,
pace-exact/exact142.gr,250,2451,pivot50,1,738,,0.010361909866333008,
pace-exact/exact142.gr,250,2451,pivot50,2,711,,0.006292819976806641,
pace-exact/exact142.gr,250,2451,vote,0,566,,0.9052155017852783,
pace-exact/exact142.gr,250,2451,vote,1,567,,0.00032258033752441406,
pace-exact/exact142.gr,250,2451,vote,2,576,,0.00030231475830078125,
pace-exact/exact142.gr,250,2451,louvain,0,562,,0.01621103286743164,
pace-exact/exact142.gr,250,2451,louvain,1,562,,0.0008413791656494141,
pace-exact/exact142.gr,250,2451,louvain,2,562,,0.0009980201721191406,
pace-exact/exact142.gr,250,2451,leiden,0,566,,1.1958346366882324,
pace-exact/exact142.gr,250,2451,leiden,1,562,,0.05779457092285156,
pace-exact/exact142.gr,250,2451,leiden,2,566,,0.0675806999206543,
pace-exact/exact142.gr,250,2451,mfp,0,1589,,0.0884711742401123,
pace-exact/exact142.gr,250,2451,mfp,1,1712,,0.041944026947021484,
pace-exact/exact142.gr,250,2451,mfp,2,1654,,0.0457911491394043,
pace-exact/exact142.gr,250,2451,ins,0,562,,0.022947311401367188,
pace-exact/exact142.gr,250,2451,ins,1,562,,0.00792551040649414,
pace-exact/exact142.gr,250,2451,ins,2,562,,0.007865667343139648,
pace-exact/exact142.gr,250,2451,flip,0,562,,0.19109892845153809,
pace-exact/exact142.gr,250,2451,flip,1,562,,0.21451401710510254,
pace-exact/exact142.gr,250,2451,flip,2,562,,0.21387100219726562,
pace-exact/exact142.gr,250,2451,certiflip,0,562,561.5,1.5708229541778564,
pace-exact/exact140.gr,250,1045,kapoce,0,451,,37.3825798034668,
pace-exact/exact142.gr,250,2451,lb:greedy,0,,523.0,0.009531259536743164,
pace-exact/exact142.gr,250,2451,lb:tri-mwu,0,,557.3450704225352,0.03559112548828125,
pace-exact/exact143.gr,250,3813,pivot,0,1954,,0.00014090538024902344,
pace-exact/exact143.gr,250,3813,pivot,1,2333,,8.988380432128906e-05,
pace-exact/exact143.gr,250,3813,pivot,2,2214,,8.416175842285156e-05,
pace-exact/exact143.gr,250,3813,pivot50,0,1699,,0.002567291259765625,
pace-exact/exact143.gr,250,3813,pivot50,1,1783,,0.0025043487548828125,
pace-exact/exact143.gr,250,3813,pivot50,2,1732,,0.0024557113647460938,
pace-exact/exact143.gr,250,3813,vote,0,1492,,0.004763126373291016,
pace-exact/exact143.gr,250,3813,vote,1,1484,,0.00033473968505859375,
pace-exact/exact143.gr,250,3813,vote,2,1481,,0.0003635883331298828,
pace-exact/exact143.gr,250,3813,louvain,0,1492,,0.010367631912231445,
pace-exact/exact143.gr,250,3813,louvain,1,1480,,0.0010547637939453125,
pace-exact/exact143.gr,250,3813,louvain,2,1481,,0.0009531974792480469,
pace-exact/exact143.gr,250,3813,leiden,0,1479,,0.8575243949890137,
pace-exact/exact143.gr,250,3813,leiden,1,1476,,0.06308817863464355,
pace-exact/exact143.gr,250,3813,leiden,2,1481,,0.06514263153076172,
pace-exact/exact143.gr,250,3813,mfp,0,3309,,0.17584514617919922,
pace-exact/exact143.gr,250,3813,mfp,1,3166,,1.0093090534210205,
pace-exact/exact143.gr,250,3813,mfp,2,2931,,0.1051943302154541,
pace-exact/exact143.gr,250,3813,ins,0,1476,,0.09625506401062012,
pace-exact/exact143.gr,250,3813,ins,1,1476,,0.045005083084106445,
pace-exact/exact143.gr,250,3813,ins,2,1476,,0.037032365798950195,
pace-exact/exact143.gr,250,3813,flip,0,1476,,0.7377169132232666,
pace-exact/exact143.gr,250,3813,flip,1,1475,,0.6547770500183105,
pace-exact/exact143.gr,250,3813,flip,2,1475,,0.5977299213409424,
pace-exact/exact141.gr,250,1450,kapoce,0,697,,47.9713020324707,
pace-exact/exact141.gr,250,1450,certiflip,0,697,674.8798447698362,61.83247399330139,
pace-exact/exact143.gr,250,3813,lb:greedy,0,,1178.0,0.016806602478027344,
pace-exact/exact143.gr,250,3813,lb:tri-mwu,0,,1423.0985915492959,0.14398193359375,
pace-exact/exact144.gr,250,4507,pivot,0,1994,,0.00016951560974121094,
pace-exact/exact144.gr,250,4507,pivot,1,2455,,0.0001163482666015625,
pace-exact/exact144.gr,250,4507,pivot,2,2629,,9.465217590332031e-05,
pace-exact/exact144.gr,250,4507,pivot50,0,1927,,0.006867885589599609,
pace-exact/exact144.gr,250,4507,pivot50,1,1946,,0.010519981384277344,
pace-exact/exact144.gr,250,4507,pivot50,2,1938,,0.010547637939453125,
pace-exact/exact144.gr,250,4507,vote,0,1500,,0.0003571510314941406,
pace-exact/exact144.gr,250,4507,vote,1,1504,,0.0003230571746826172,
pace-exact/exact144.gr,250,4507,vote,2,1504,,0.00039267539978027344,
pace-exact/exact144.gr,250,4507,louvain,0,1500,,0.0054073333740234375,
pace-exact/exact144.gr,250,4507,louvain,1,1500,,0.009199142456054688,
pace-exact/exact144.gr,250,4507,louvain,2,1500,,0.00913095474243164,
pace-exact/exact144.gr,250,4507,leiden,0,1500,,1.3546452522277832,
pace-exact/exact144.gr,250,4507,leiden,1,1500,,0.08123135566711426,
pace-exact/exact144.gr,250,4507,leiden,2,1500,,0.0847780704498291,
pace-exact/exact144.gr,250,4507,mfp,0,3799,,1.1609611511230469,
pace-exact/exact144.gr,250,4507,mfp,1,3483,,0.10973858833312988,
pace-exact/exact144.gr,250,4507,mfp,2,3445,,0.10531163215637207,
pace-exact/exact144.gr,250,4507,ins,0,1500,,0.056793212890625,
pace-exact/exact144.gr,250,4507,ins,1,1500,,0.024922609329223633,
pace-exact/exact144.gr,250,4507,ins,2,1500,,0.023569583892822266,
pace-exact/exact144.gr,250,4507,flip,0,1500,,0.5496885776519775,
pace-exact/exact144.gr,250,4507,flip,1,1500,,0.7274169921875,
pace-exact/exact144.gr,250,4507,flip,2,1500,,0.579603910446167,
pace-exact/exact142.gr,250,2451,kapoce,0,562,,60.09896945953369,
pace-exact/exact144.gr,250,4507,certiflip,0,1500,1491.447577418192,30.81406044960022,
pace-exact/exact144.gr,250,4507,lb:greedy,0,,1352.0,0.022233009338378906,
pace-exact/exact144.gr,250,4507,lb:tri-mwu,0,,1487.3767605633802,0.22897934913635254,
pace-exact/exact145.gr,250,6574,pivot,0,2523,,0.00014019012451171875,
pace-exact/exact145.gr,250,6574,pivot,1,3118,,0.00012135505676269531,
pace-exact/exact145.gr,250,6574,pivot,2,2377,,0.00011467933654785156,
pace-exact/exact145.gr,250,6574,pivot50,0,2001,,0.007921218872070312,
pace-exact/exact145.gr,250,6574,pivot50,1,1971,,0.0073757171630859375,
pace-exact/exact145.gr,250,6574,pivot50,2,2015,,0.0026569366455078125,
pace-exact/exact145.gr,250,6574,vote,0,1780,,0.0006527900695800781,
pace-exact/exact145.gr,250,6574,vote,1,1776,,0.00041365623474121094,
pace-exact/exact143.gr,250,3813,certiflip,0,1475,1436.4754203121179,63.45404648780823,
pace-exact/exact145.gr,250,6574,louvain,0,1775,,0.0012090206146240234,
pace-exact/exact145.gr,250,6574,louvain,1,1776,,0.0011539459228515625,
pace-exact/exact145.gr,250,6574,louvain,2,1775,,0.0010762214660644531,
pace-exact/exact145.gr,250,6574,vote,2,1775,,0.9819738864898682,
pace-exact/exact145.gr,250,6574,leiden,0,1775,,0.9812994003295898,
pace-exact/exact145.gr,250,6574,leiden,2,1775,,0.08711934089660645,
pace-exact/exact145.gr,250,6574,mfp,0,4861,,0.39142513275146484,
pace-exact/exact145.gr,250,6574,mfp,1,4632,,0.40867018699645996,
pace-exact/exact145.gr,250,6574,leiden,1,1761,,1.4396843910217285,
pace-exact/exact145.gr,250,6574,ins,0,1762,,0.12228226661682129,
pace-exact/exact145.gr,250,6574,ins,1,1761,,0.06419229507446289,
pace-exact/exact145.gr,250,6574,ins,2,1761,,0.05445528030395508,
pace-exact/exact145.gr,250,6574,mfp,2,4815,,0.5644996166229248,
pace-exact/exact145.gr,250,6574,flip,0,1761,,0.9056847095489502,
pace-exact/exact145.gr,250,6574,flip,1,1761,,0.9635982513427734,
pace-exact/exact145.gr,250,6574,flip,2,1761,,0.9099748134613037,
pace-exact/exact143.gr,250,3813,kapoce,0,1475,,60.08480620384216,
pace-exact/exact145.gr,250,6574,lb:greedy,0,,1592.0,0.047571420669555664,
pace-exact/exact145.gr,250,6574,lb:tri-mwu,0,,1744.7711267605634,0.38327741622924805,
pace-exact/exact146.gr,250,11225,pivot,0,7069,,0.0001685619354248047,
pace-exact/exact146.gr,250,11225,pivot,1,6390,,0.00013375282287597656,
pace-exact/exact146.gr,250,11225,pivot,2,7204,,0.00012803077697753906,
pace-exact/exact146.gr,250,11225,pivot50,0,5610,,0.011613607406616211,
pace-exact/exact146.gr,250,11225,pivot50,1,5544,,0.007184743881225586,
pace-exact/exact146.gr,250,11225,pivot50,2,5442,,0.007891654968261719,
pace-exact/exact146.gr,250,11225,vote,0,4793,,0.004663944244384766,
pace-exact/exact146.gr,250,11225,vote,1,4809,,0.0007834434509277344,
pace-exact/exact146.gr,250,11225,vote,2,4813,,0.8304367065429688,
pace-exact/exact146.gr,250,11225,louvain,0,4793,,0.016649723052978516,
pace-exact/exact146.gr,250,11225,louvain,1,4809,,0.0017261505126953125,
pace-exact/exact146.gr,250,11225,louvain,2,4791,,0.0018463134765625,
pace-exact/exact146.gr,250,11225,leiden,0,4809,,1.3013947010040283,
pace-exact/exact146.gr,250,11225,leiden,1,4809,,0.08429646492004395,
pace-exact/exact146.gr,250,11225,leiden,2,4793,,0.3168935775756836,
pace-exact/exact146.gr,250,11225,mfp,0,11456,,0.929009199142456,
pace-exact/exact146.gr,250,11225,mfp,1,10352,,0.49733853340148926,
pace-exact/exact146.gr,250,11225,mfp,2,11751,,0.736851692199707,
pace-exact/exact146.gr,250,11225,ins,0,4793,,0.20990610122680664,
pace-exact/exact146.gr,250,11225,ins,1,4791,,0.18857026100158691,
pace-exact/exact146.gr,250,11225,ins,2,4791,,0.18908190727233887,
pace-exact/exact146.gr,250,11225,flip,0,4791,,2.5642688274383545,
pace-exact/exact146.gr,250,11225,flip,1,4791,,3.1769027709960938,
pace-exact/exact146.gr,250,11225,flip,2,4791,,3.1035139560699463,
pace-exact/exact145.gr,250,6574,certiflip,0,1761,1760.9999999999982,32.30814480781555,
pace-exact/exact144.gr,250,4507,kapoce,0,1500,,60.989481925964355,
pace-exact/exact146.gr,250,11225,lb:greedy,0,,3783.0,0.07460641860961914,
pace-exact/exact146.gr,250,11225,lb:tri-mwu,0,,4601.485915492958,1.6554489135742188,
pace-exact/exact147.gr,250,11421,pivot,0,5218,,0.008002042770385742,
pace-exact/exact147.gr,250,11421,pivot,1,4866,,0.00016164779663085938,
pace-exact/exact147.gr,250,11421,pivot,2,5226,,0.00014472007751464844,
pace-exact/exact147.gr,250,11421,pivot50,0,4348,,0.0073833465576171875,
pace-exact/exact147.gr,250,11421,pivot50,1,4351,,0.007299184799194336,
pace-exact/exact147.gr,250,11421,pivot50,2,4543,,0.00726771354675293,
pace-exact/exact147.gr,250,11421,vote,0,3975,,0.01356196403503418,
pace-exact/exact147.gr,250,11421,vote,1,3976,,0.0007631778717041016,
pace-exact/exact147.gr,250,11421,vote,2,3976,,0.0008211135864257812,
pace-exact/exact147.gr,250,11421,louvain,0,3975,,0.008658409118652344,
pace-exact/exact147.gr,250,11421,louvain,1,3975,,0.0016582012176513672,
pace-exact/exact147.gr,250,11421,louvain,2,3975,,0.001668691635131836,
pace-exact/exact147.gr,250,11421,leiden,0,3975,,1.0650770664215088,
pace-exact/exact147.gr,250,11421,leiden,1,3975,,0.17032909393310547,
pace-exact/exact147.gr,250,11421,leiden,2,3975,,0.08762550354003906,
pace-exact/exact147.gr,250,11421,mfp,0,7660,,0.902289628982544,
pace-exact/exact147.gr,250,11421,mfp,1,9566,,1.114677906036377,
pace-exact/exact147.gr,250,11421,mfp,2,10011,,1.6385517120361328,
pace-exact/exact147.gr,250,11421,ins,0,3975,,0.14614319801330566,
pace-exact/exact147.gr,250,11421,ins,1,3975,,0.15841102600097656,
pace-exact/exact147.gr,250,11421,ins,2,3975,,0.14362716674804688,
pace-exact/exact147.gr,250,11421,flip,0,3975,,2.560978889465332,
pace-exact/exact147.gr,250,11421,flip,1,3975,,2.5788705348968506,
pace-exact/exact147.gr,250,11421,flip,2,3975,,2.5810093879699707,
pace-exact/exact145.gr,250,6574,kapoce,0,1761,,60.142234086990356,
pace-exact/exact146.gr,250,11225,certiflip,0,4791,1970.4132789747018,62.5058331489563,
pace-exact/exact147.gr,250,11421,lb:greedy,0,,3354.0,0.09305191040039062,
pace-exact/exact146.gr,250,11225,kapoce,0,4791,,60.15761923789978,
pace-exact/exact147.gr,250,11421,lb:tri-mwu,0,,3908.021126760563,0.9488542079925537,
pace-exact/exact148.gr,250,20035,pivot,1,11882,,0.00016832351684570312,
pace-exact/exact148.gr,250,20035,pivot,0,8002,,1.0110104084014893,
pace-exact/exact148.gr,250,20035,pivot50,0,7186,,0.008861064910888672,
pace-exact/exact148.gr,250,20035,pivot50,1,7114,,0.00398707389831543,
pace-exact/exact148.gr,250,20035,pivot50,2,7321,,0.008089303970336914,
pace-exact/exact148.gr,250,20035,pivot,2,8485,,0.9664690494537354,
pace-exact/exact148.gr,250,20035,vote,0,9366,,0.013493537902832031,
pace-exact/exact148.gr,250,20035,vote,2,6921,,0.0008139610290527344,
pace-exact/exact148.gr,250,20035,vote,1,6921,,0.021707534790039062,
pace-exact/exact148.gr,250,20035,louvain,0,6921,,0.017675161361694336,
pace-exact/exact148.gr,250,20035,louvain,2,6921,,0.001956939697265625,
pace-exact/exact148.gr,250,20035,louvain,1,6921,,0.02630162239074707,
pace-exact/exact148.gr,250,20035,leiden,0,6921,,1.1258361339569092,
pace-exact/exact148.gr,250,20035,leiden,2,6921,,0.264021635055542,
pace-exact/exact148.gr,250,20035,leiden,1,6921,,1.5219745635986328,
pace-exact/exact148.gr,250,20035,mfp,0,16660,,2.925743818283081,
pace-exact/exact148.gr,250,20035,mfp,1,16991,,2.9348998069763184,
pace-exact/exact148.gr,250,20035,ins,0,6921,,0.30948615074157715,
pace-exact/exact148.gr,250,20035,ins,1,6921,,0.4044530391693115,
pace-exact/exact148.gr,250,20035,ins,2,6921,,0.4590287208557129,
pace-exact/exact148.gr,250,20035,mfp,2,15267,,2.690525770187378,
pace-exact/exact148.gr,250,20035,flip,0,6921,,6.676295042037964,
pace-exact/exact148.gr,250,20035,flip,1,6921,,6.123472452163696,
pace-exact/exact147.gr,250,11421,certiflip,0,3975,2140.0538233909283,60.05851721763611,
pace-exact/exact148.gr,250,20035,flip,2,6921,,6.056394815444946,
pace-exact/exact148.gr,250,20035,lb:greedy,0,,5984.0,0.2215290069580078,
pace-exact/exact148.gr,250,20035,lb:tri-mwu,0,,6817.341549295775,2.592710494995117,
pace-exact/exact149.gr,250,22395,pivot,0,10035,,0.00018143653869628906,
pace-exact/exact149.gr,250,22395,pivot,1,7603,,0.0001723766326904297,
pace-exact/exact149.gr,250,22395,pivot,2,8499,,0.0001780986785888672,
pace-exact/exact149.gr,250,22395,pivot50,0,5894,,0.012466192245483398,
pace-exact/exact149.gr,250,22395,pivot50,1,6021,,0.008378982543945312,
pace-exact/exact149.gr,250,22395,pivot50,2,6381,,0.01686263084411621,
pace-exact/exact149.gr,250,22395,vote,0,5807,,0.0008971691131591797,
pace-exact/exact149.gr,250,22395,vote,1,5807,,0.0009016990661621094,
pace-exact/exact149.gr,250,22395,vote,2,5831,,0.9816689491271973,
pace-exact/exact149.gr,250,22395,louvain,0,5807,,0.017497539520263672,
pace-exact/exact149.gr,250,22395,louvain,1,5807,,0.0020987987518310547,
pace-exact/exact149.gr,250,22395,louvain,2,5807,,0.006941080093383789,
pace-exact/exact149.gr,250,22395,leiden,0,5807,,1.2081482410430908,
pace-exact/exact149.gr,250,22395,leiden,1,5807,,0.13968276977539062,
pace-exact/exact149.gr,250,22395,leiden,2,5807,,0.4019346237182617,
pace-exact/exact147.gr,250,11421,kapoce,0,3975,,60.1121289730072,
pace-exact/exact149.gr,250,22395,mfp,0,17305,,4.08993673324585,
pace-exact/exact149.gr,250,22395,mfp,1,16664,,4.455646276473999,
pace-exact/exact149.gr,250,22395,ins,0,5807,,0.2968575954437256,
pace-exact/exact149.gr,250,22395,ins,1,5807,,0.4748201370239258,
pace-exact/exact149.gr,250,22395,ins,2,5807,,0.41985368728637695,
pace-exact/exact149.gr,250,22395,mfp,2,15011,,3.971543073654175,
pace-exact/exact149.gr,250,22395,flip,0,5807,,6.288217306137085,
pace-exact/exact149.gr,250,22395,flip,1,5807,,6.517923355102539,
pace-exact/exact149.gr,250,22395,flip,2,5807,,5.984092473983765,
pace-exact/exact148.gr,250,20035,certiflip,0,6921,1825.5177792732848,60.34106397628784,
pace-exact/exact149.gr,250,22395,lb:greedy,0,,5034.0,0.3877112865447998,
pace-exact/exact149.gr,250,22395,lb:tri-mwu,0,,5773.855633802817,3.1243178844451904,
pace-exact/exact148.gr,250,20035,kapoce,0,6921,,60.159563302993774,
pace-exact/exact150.gr,250,27898,pivot,0,3973,,0.00016760826110839844,
pace-exact/exact150.gr,250,27898,pivot,2,3227,,0.0003237724304199219,
pace-exact/exact150.gr,250,27898,pivot,1,11058,,0.0001823902130126953,
pace-exact/exact150.gr,250,27898,pivot50,0,3227,,0.00939321517944336,
pace-exact/exact150.gr,250,27898,pivot50,2,3227,,0.00884389877319336,
pace-exact/exact150.gr,250,27898,pivot50,1,3227,,0.012914657592773438,
pace-exact/exact150.gr,250,27898,vote,0,3227,,0.0009443759918212891,
pace-exact/exact150.gr,250,27898,vote,2,3227,,0.0008778572082519531,
pace-exact/exact150.gr,250,27898,louvain,0,3227,,0.002156496047973633,
pace-exact/exact150.gr,250,27898,louvain,1,3227,,0.010160446166992188,
pace-exact/exact150.gr,250,27898,louvain,2,3227,,0.010506629943847656,
pace-exact/exact150.gr,250,27898,vote,1,3227,,0.9614787101745605,
pace-exact/exact150.gr,250,27898,leiden,0,3227,,0.9977755546569824,
pace-exact/exact150.gr,250,27898,leiden,2,3227,,0.1480264663696289,
pace-exact/exact150.gr,250,27898,leiden,1,3227,,1.6216082572937012,
pace-exact/exact150.gr,250,27898,mfp,0,12340,,7.932108402252197,
pace-exact/exact150.gr,250,27898,mfp,1,13735,,7.707674741744995,
pace-exact/exact150.gr,250,27898,ins,0,3227,,0.32474470138549805,
pace-exact/exact150.gr,250,27898,ins,1,3227,,0.28579020500183105,
pace-exact/exact150.gr,250,27898,ins,2,3227,,0.1439671516418457,
pace-exact/exact150.gr,250,27898,flip,0,3227,,2.534726858139038,
pace-exact/exact150.gr,250,27898,flip,1,3227,,2.6487345695495605,
pace-exact/exact150.gr,250,27898,mfp,2,10058,,8.067456483840942,
pace-exact/exact150.gr,250,27898,flip,2,3227,,2.7104454040527344,
pace-exact/exact149.gr,250,22395,certiflip,0,5807,1863.267624248395,60.211824893951416,
pace-exact/exact150.gr,250,27898,lb:greedy,0,,3227.0,0.40927577018737793,
pace-exact/exact150.gr,250,27898,lb:tri-mwu,0,,3224.8908450704225,2.381525993347168,
pace-exact/exact151.gr,250,29867,pivot,0,4169,,0.00017118453979492188,
pace-exact/exact151.gr,250,29867,pivot,1,1316,,0.00014853477478027344,
pace-exact/exact151.gr,250,29867,pivot,2,1258,,0.0001838207244873047,
pace-exact/exact151.gr,250,29867,pivot50,0,1258,,0.011832475662231445,
pace-exact/exact151.gr,250,29867,pivot50,1,1258,,0.004816293716430664,
pace-exact/exact151.gr,250,29867,pivot50,2,1258,,0.01307225227355957,
pace-exact/exact151.gr,250,29867,vote,0,1258,,0.004903078079223633,
pace-exact/exact151.gr,250,29867,vote,1,1258,,0.7223727703094482,
pace-exact/exact151.gr,250,29867,vote,2,1258,,0.0008833408355712891,
pace-exact/exact151.gr,250,29867,louvain,0,1258,,0.03364300727844238,
pace-exact/exact151.gr,250,29867,louvain,1,1258,,0.010380983352661133,
pace-exact/exact151.gr,250,29867,louvain,2,1258,,0.002137899398803711,
pace-exact/exact149.gr,250,22395,kapoce,0,5807,,60.18983244895935,
pace-exact/exact151.gr,250,29867,leiden,1,1258,,0.25686168670654297,
pace-exact/exact151.gr,250,29867,leiden,2,1258,,0.3791830539703369,
pace-exact/exact151.gr,250,29867,leiden,0,1258,,1.4147453308105469,
pace-exact/exact151.gr,250,29867,mfp,0,2511,,8.988876342773438,
pace-exact/exact151.gr,250,29867,mfp,1,5643,,9.28141450881958,
pace-exact/exact151.gr,250,29867,ins,0,1258,,0.12572526931762695,
pace-exact/exact151.gr,250,29867,ins,1,1258,,0.2746460437774658,
pace-exact/exact151.gr,250,29867,ins,2,1258,,0.14497923851013184,
pace-exact/exact151.gr,250,29867,flip,0,1258,,2.719123363494873,
pace-exact/exact151.gr,250,29867,flip,1,1258,,2.4149701595306396,
pace-exact/exact151.gr,250,29867,mfp,2,2711,,8.804420709609985,
pace-exact/exact151.gr,250,29867,flip,2,1258,,2.413541793823242,
pace-exact/exact151.gr,250,29867,certiflip,0,1258,1258.0,24.40276288986206,
pace-exact/exact151.gr,250,29867,lb:greedy,0,,1255.0,0.302750825881958,
pace-exact/exact151.gr,250,29867,lb:tri-mwu,0,,1256.8274647887324,1.4734070301055908,
pace-exact/exact152.gr,250,30942,pivot,0,183,,0.00018358230590820312,
pace-exact/exact152.gr,250,30942,pivot,1,3691,,0.00016450881958007812,
pace-exact/exact152.gr,250,30942,pivot,2,183,,0.0001552104949951172,
pace-exact/exact152.gr,250,30942,pivot50,0,183,,0.010053634643554688,
pace-exact/exact152.gr,250,30942,pivot50,1,183,,0.009243011474609375,
pace-exact/exact152.gr,250,30942,pivot50,2,183,,0.005806446075439453,
pace-exact/exact152.gr,250,30942,vote,0,183,,0.004796028137207031,
pace-exact/exact152.gr,250,30942,vote,1,183,,0.0047605037689208984,
pace-exact/exact152.gr,250,30942,vote,2,183,,0.0009624958038330078,
pace-exact/exact152.gr,250,30942,louvain,0,183,,0.0021173954010009766,
pace-exact/exact152.gr,250,30942,louvain,1,183,,0.014635801315307617,
pace-exact/exact152.gr,250,30942,louvain,2,183,,0.0021486282348632812,
pace-exact/exact152.gr,250,30942,leiden,0,183,,1.279994249343872,
pace-exact/exact152.gr,250,30942,leiden,1,183,,0.3856954574584961,
pace-exact/exact152.gr,250,30942,leiden,2,183,,0.21316790580749512,
pace-exact/exact150.gr,250,27898,certiflip,0,3227,2054.8774685663975,60.03067636489868,
pace-exact/exact150.gr,250,27898,kapoce,0,3227,,60.2316358089447,
pace-exact/exact152.gr,250,30942,mfp,0,2342,,10.046899795532227,
pace-exact/exact152.gr,250,30942,ins,0,183,,0.10292434692382812,
pace-exact/exact152.gr,250,30942,ins,1,183,,1.201819658279419,
pace-exact/exact152.gr,250,30942,ins,2,183,,0.09675884246826172,
pace-exact/exact152.gr,250,30942,mfp,1,183,,10.98503065109253,
pace-exact/exact152.gr,250,30942,flip,0,183,,2.256483554840088,
pace-exact/exact152.gr,250,30942,mfp,2,183,,10.172159671783447,
pace-exact/exact152.gr,250,30942,flip,1,183,,2.804063320159912,
pace-exact/exact152.gr,250,30942,flip,2,183,,2.6700961589813232,
pace-exact/exact152.gr,250,30942,lb:greedy,0,,183.0,0.3421041965484619,
pace-exact/exact152.gr,250,30942,lb:tri-mwu,0,,183.0,0.9133658409118652,
pace-exact/exact153.gr,250,31119,pivot,0,6,,0.00015807151794433594,
pace-exact/exact153.gr,250,31119,pivot,1,6,,0.0001373291015625,
pace-exact/exact153.gr,250,31119,pivot,2,6,,0.0001304149627685547,
pace-exact/exact153.gr,250,31119,pivot50,0,6,,0.012941360473632812,
pace-exact/exact153.gr,250,31119,pivot50,1,6,,0.01294398307800293,
pace-exact/exact153.gr,250,31119,pivot50,2,6,,0.013103485107421875,
pace-exact/exact153.gr,250,31119,vote,0,6,,0.0007567405700683594,
pace-exact/exact153.gr,250,31119,vote,1,6,,0.0007348060607910156,
pace-exact/exact153.gr,250,31119,vote,2,6,,0.0007207393646240234,
pace-exact/exact153.gr,250,31119,louvain,0,6,,0.0020072460174560547,
pace-exact/exact153.gr,250,31119,louvain,1,6,,0.01054835319519043,
pace-exact/exact153.gr,250,31119,louvain,2,6,,0.0024535655975341797,
pace-exact/exact153.gr,250,31119,leiden,0,6,,1.3897781372070312,
pace-exact/exact153.gr,250,31119,leiden,1,6,,0.47307848930358887,
pace-exact/exact153.gr,250,31119,leiden,2,6,,1.4182722568511963,
pace-exact/exact152.gr,250,30942,certiflip,0,183,183.0,16.526008129119873,
pace-exact/exact151.gr,250,29867,kapoce,0,1258,,60.27974772453308,
pace-exact/exact153.gr,250,31119,mfp,0,6,,10.917685270309448,
pace-exact/exact153.gr,250,31119,ins,0,6,,0.14205694198608398,
pace-exact/exact153.gr,250,31119,ins,1,6,,0.12331676483154297,
pace-exact/exact153.gr,250,31119,ins,2,6,,0.1479473114013672,
pace-exact/exact153.gr,250,31119,flip,0,6,,1.961055040359497,
pace-exact/exact153.gr,250,31119,flip,1,6,,1.7539172172546387,
pace-exact/exact153.gr,250,31119,mfp,2,6,,9.288967609405518,
pace-exact/exact153.gr,250,31119,mfp,1,6,,9.50294804573059,
pace-exact/exact153.gr,250,31119,flip,2,6,,1.5426771640777588,
pace-exact/exact153.gr,250,31119,lb:greedy,0,,6.0,0.1255505084991455,
pace-exact/exact153.gr,250,31119,lb:tri-mwu,0,,6.0,0.5058507919311523,
pace-exact/exact154.gr,263,1039,pivot,0,137,,0.00012111663818359375,
pace-exact/exact154.gr,263,1039,pivot,1,189,,6.866455078125e-05,
pace-exact/exact154.gr,263,1039,pivot,2,200,,6.937980651855469e-05,
pace-exact/exact154.gr,263,1039,pivot50,0,118,,0.002661466598510742,
pace-exact/exact154.gr,263,1039,pivot50,1,118,,0.002621889114379883,
pace-exact/exact154.gr,263,1039,pivot50,2,126,,0.0031185150146484375,
pace-exact/exact154.gr,263,1039,vote,0,117,,0.0001747608184814453,
pace-exact/exact154.gr,263,1039,vote,1,120,,0.00016617774963378906,
pace-exact/exact154.gr,263,1039,vote,2,117,,0.00017261505126953125,
pace-exact/exact154.gr,263,1039,louvain,0,117,,0.0006270408630371094,
pace-exact/exact154.gr,263,1039,louvain,1,120,,0.5884878635406494,
pace-exact/exact154.gr,263,1039,louvain,2,117,,0.0007348060607910156,
pace-exact/exact154.gr,263,1039,leiden,0,117,,0.9275331497192383,
pace-exact/exact154.gr,263,1039,leiden,1,120,,0.050940513610839844,
pace-exact/exact154.gr,263,1039,leiden,2,120,,0.024295330047607422,
pace-exact/exact154.gr,263,1039,mfp,0,402,,0.07396173477172852,
pace-exact/exact154.gr,263,1039,mfp,1,236,,0.02188396453857422,
pace-exact/exact154.gr,263,1039,mfp,2,281,,0.037749290466308594,
pace-exact/exact154.gr,263,1039,ins,0,117,,0.015086889266967773,
pace-exact/exact154.gr,263,1039,ins,1,117,,0.0017392635345458984,
pace-exact/exact154.gr,263,1039,ins,2,117,,0.0016443729400634766,
pace-exact/exact154.gr,263,1039,flip,0,117,,0.0780792236328125,
pace-exact/exact154.gr,263,1039,flip,1,117,,0.07356858253479004,
pace-exact/exact154.gr,263,1039,flip,2,117,,0.07590484619140625,
pace-exact/exact154.gr,263,1039,certiflip,0,117,117.0,0.5734119415283203,
pace-exact/exact153.gr,250,31119,certiflip,0,6,6.0,11.548458337783813,
pace-exact/exact154.gr,263,1039,lb:greedy,0,,110.0,0.021276235580444336,
pace-exact/exact154.gr,263,1039,lb:tri-mwu,0,,115.53521126760563,0.043225765228271484,
pace-exact/exact155.gr,263,1295,pivot,0,101,,0.0001404285430908203,
pace-exact/exact155.gr,263,1295,pivot,1,171,,0.00011134147644042969,
pace-exact/exact155.gr,263,1295,pivot,2,85,,1.0824625492095947,
pace-exact/exact155.gr,263,1295,pivot50,0,64,,0.002783536911010742,
pace-exact/exact155.gr,263,1295,pivot50,1,69,,0.002521038055419922,
pace-exact/exact155.gr,263,1295,pivot50,2,66,,0.011945247650146484,
pace-exact/exact155.gr,263,1295,vote,0,63,,0.012702226638793945,
pace-exact/exact155.gr,263,1295,vote,1,63,,0.00019288063049316406,
pace-exact/exact155.gr,263,1295,vote,2,63,,0.0001652240753173828,
pace-exact/exact155.gr,263,1295,louvain,0,63,,0.020370960235595703,
pace-exact/exact155.gr,263,1295,louvain,1,63,,0.0007014274597167969,
pace-exact/exact155.gr,263,1295,louvain,2,63,,0.0007402896881103516,
pace-exact/exact155.gr,263,1295,leiden,0,63,,1.2600667476654053,
pace-exact/exact155.gr,263,1295,leiden,1,63,,0.027472257614135742,
pace-exact/exact155.gr,263,1295,leiden,2,63,,0.03791666030883789,
pace-exact/exact155.gr,263,1295,mfp,0,202,,0.1466519832611084,
pace-exact/exact155.gr,263,1295,mfp,1,145,,0.05248236656188965,
pace-exact/exact155.gr,263,1295,mfp,2,139,,0.048754215240478516,
pace-exact/exact155.gr,263,1295,ins,0,63,,0.02400350570678711,
pace-exact/exact155.gr,263,1295,ins,1,63,,0.0017120838165283203,
pace-exact/exact155.gr,263,1295,ins,2,63,,0.002780437469482422,
pace-exact/exact155.gr,263,1295,flip,0,63,,0.11380362510681152,
pace-exact/exact155.gr,263,1295,flip,1,63,,1.03049898147583,
pace-exact/exact155.gr,263,1295,flip,2,63,,0.1078953742980957,
pace-exact/exact155.gr,263,1295,certiflip,0,63,63.0,0.6669812202453613,
pace-exact/exact154.gr,263,1039,kapoce,0,117,,16.573902368545532,
pace-exact/exact155.gr,263,1295,lb:greedy,0,,62.0,0.012293577194213867,
pace-exact/exact155.gr,263,1295,lb:tri-mwu,0,,62.278169014084504,0.03791308403015137,
pace-exact/exact156.gr,263,1668,pivot,0,333,,0.00011920928955078125,
pace-exact/exact156.gr,263,1668,pivot,1,353,,7.486343383789062e-05,
pace-exact/exact156.gr,263,1668,pivot,2,365,,0.9933090209960938,
pace-exact/exact156.gr,263,1668,pivot50,0,206,,0.0070858001708984375,
pace-exact/exact156.gr,263,1668,pivot50,1,202,,0.015047311782836914,
pace-exact/exact156.gr,263,1668,pivot50,2,205,,0.010672569274902344,
pace-exact/exact156.gr,263,1668,vote,0,190,,0.012949705123901367,
pace-exact/exact156.gr,263,1668,vote,1,188,,0.0002524852752685547,
pace-exact/exact156.gr,263,1668,vote,2,190,,0.00018525123596191406,
pace-exact/exact156.gr,263,1668,louvain,0,188,,0.02472686767578125,
pace-exact/exact156.gr,263,1668,louvain,1,188,,0.0007266998291015625,
pace-exact/exact156.gr,263,1668,louvain,2,188,,0.0007381439208984375,
pace-exact/exact156.gr,263,1668,leiden,0,189,,1.005204200744629,
pace-exact/exact156.gr,263,1668,leiden,1,188,,0.027971744537353516,
pace-exact/exact156.gr,263,1668,leiden,2,188,,0.05023455619812012,
pace-exact/exact156.gr,263,1668,mfp,0,555,,0.15956830978393555,
pace-exact/exact156.gr,263,1668,mfp,1,410,,0.06953573226928711,
pace-exact/exact156.gr,263,1668,mfp,2,528,,0.05662846565246582,
pace-exact/exact156.gr,263,1668,ins,0,188,,0.02426314353942871,
pace-exact/exact156.gr,263,1668,ins,1,188,,0.009879350662231445,
pace-exact/exact156.gr,263,1668,ins,2,188,,0.0024394989013671875,
pace-exact/exact156.gr,263,1668,flip,0,188,,0.15992259979248047,
pace-exact/exact156.gr,263,1668,flip,1,188,,0.7465643882751465,
pace-exact/exact156.gr,263,1668,flip,2,188,,0.12925219535827637,
pace-exact/exact156.gr,263,1668,certiflip,0,188,188.0,0.9802563190460205,
pace-exact/exact152.gr,250,30942,kapoce,0,183,,60.19248962402344,
pace-exact/exact156.gr,263,1668,lb:greedy,0,,173.0,0.012714147567749023,
pace-exact/exact156.gr,263,1668,lb:tri-mwu,0,,185.98239436619718,0.06917262077331543,
pace-exact/exact157.gr,263,3422,pivot,0,2055,,0.0001513957977294922,
pace-exact/exact157.gr,263,3422,pivot,1,1953,,0.00010132789611816406,
pace-exact/exact157.gr,263,3422,pivot,2,1544,,9.417533874511719e-05,
pace-exact/exact157.gr,263,3422,pivot50,0,1399,,0.006903886795043945,
pace-exact/exact157.gr,263,3422,pivot50,1,1283,,0.006929159164428711,
pace-exact/exact157.gr,263,3422,pivot50,2,1325,,0.006318807601928711,
pace-exact/exact157.gr,263,3422,vote,0,1124,,0.00030875205993652344,
pace-exact/exact157.gr,263,3422,vote,1,1120,,0.00029730796813964844,
pace-exact/exact157.gr,263,3422,vote,2,1135,,0.0005576610565185547,
pace-exact/exact157.gr,263,3422,louvain,0,1117,,0.005335330963134766,
pace-exact/exact157.gr,263,3422,louvain,1,1117,,0.005359172821044922,
pace-exact/exact157.gr,263,3422,louvain,2,1119,,0.005495548248291016,
pace-exact/exact157.gr,263,3422,leiden,0,1117,,1.0879690647125244,
pace-exact/exact157.gr,263,3422,leiden,1,1117,,0.05480384826660156,
pace-exact/exact157.gr,263,3422,leiden,2,1117,,1.1876966953277588,
pace-exact/exact157.gr,263,3422,mfp,0,2746,,0.27521371841430664,
pace-exact/exact157.gr,263,3422,mfp,1,2587,,0.11000227928161621,
pace-exact/exact157.gr,263,3422,mfp,2,2598,,0.07597517967224121,
pace-exact/exact157.gr,263,3422,ins,0,1117,,0.0755147933959961,
pace-exact/exact157.gr,263,3422,ins,1,1117,,0.041291236877441406,
pace-exact/exact157.gr,263,3422,ins,2,1117,,0.039557695388793945,
pace-exact/exact157.gr,263,3422,flip,0,1117,,0.5340874195098877,
pace-exact/exact157.gr,263,3422,flip,1,1117,,0.6586911678314209,
pace-exact/exact157.gr,263,3422,flip,2,1117,,0.616840124130249,
pace-exact/exact155.gr,263,1295,kapoce,0,63,,36.1116156578064,
pace-exact/exact153.gr,250,31119,kapoce,0,6,,60.20935344696045,
pace-exact/exact157.gr,263,3422,lb:greedy,0,,973.0,0.029402732849121094,
pace-exact/exact157.gr,263,3422,lb:tri-mwu,0,,1087.6232394366198,0.22111964225769043,
pace-exact/exact158.gr,263,10332,pivot,0,3658,,0.00019669532775878906,
pace-exact/exact158.gr,263,10332,pivot,1,5764,,0.00012731552124023438,
pace-exact/exact158.gr,263,10332,pivot,2,4101,,0.0001163482666015625,
pace-exact/exact158.gr,263,10332,pivot50,0,3540,,0.015643835067749023,
pace-exact/exact158.gr,263,10332,pivot50,1,3557,,1.2309565544128418,
pace-exact/exact158.gr,263,10332,pivot50,2,3476,,0.007643699645996094,
pace-exact/exact158.gr,263,10332,vote,0,3049,,0.0343019962310791,
pace-exact/exact158.gr,263,10332,vote,1,3070,,0.0007047653198242188,
pace-exact/exact158.gr,263,10332,vote,2,3069,,0.0006361007690429688,
pace-exact/exact158.gr,263,10332,louvain,0,3046,,0.025464773178100586,
pace-exact/exact158.gr,263,10332,louvain,1,3040,,0.0016193389892578125,
pace-exact/exact158.gr,263,10332,louvain,2,3039,,0.002356290817260742,
pace-exact/exact158.gr,263,10332,leiden,0,3044,,1.9268412590026855,
pace-exact/exact158.gr,263,10332,leiden,1,3039,,0.4425168037414551,
pace-exact/exact158.gr,263,10332,leiden,2,3039,,0.15018057823181152,
pace-exact/exact158.gr,263,10332,mfp,0,7766,,1.706618309020996,
pace-exact/exact158.gr,263,10332,mfp,1,7367,,1.6819920539855957,
pace-exact/exact158.gr,263,10332,mfp,2,5601,,1.6109278202056885,
pace-exact/exact158.gr,263,10332,ins,0,3039,,0.30567145347595215,
pace-exact/exact158.gr,263,10332,ins,1,3039,,0.2369370460510254,
pace-exact/exact158.gr,263,10332,ins,2,3039,,0.26760053634643555,
pace-exact/exact157.gr,263,3422,certiflip,0,1117,1108.0465832209566,32.12922215461731,
pace-exact/exact156.gr,263,1668,kapoce,0,188,,49.45234036445618,
pace-exact/exact158.gr,263,10332,flip,0,3039,,4.37276554107666,
pace-exact/exact158.gr,263,10332,flip,1,3039,,4.2874743938446045,
pace-exact/exact158.gr,263,10332,flip,2,3039,,4.735908269882202,
pace-exact/exact158.gr,263,10332,lb:greedy,0,,2575.0,0.15162897109985352,
pace-exact/exact158.gr,263,10332,lb:tri-mwu,0,,3007.0704225352115,1.4943115711212158,
pace-exact/exact159.gr,263,20837,pivot,0,2541,,0.00016617774963378906,
pace-exact/exact159.gr,263,20837,pivot,1,3386,,0.00011897087097167969,
pace-exact/exact159.gr,263,20837,pivot,2,2269,,0.00010824203491210938,
pace-exact/exact159.gr,263,20837,pivot50,0,1483,,0.0041811466217041016,
pace-exact/exact159.gr,263,20837,pivot50,1,1492,,0.004225015640258789,
pace-exact/exact159.gr,263,20837,pivot50,2,1496,,0.004635810852050781,
pace-exact/exact159.gr,263,20837,vote,0,1483,,0.0008528232574462891,
pace-exact/exact159.gr,263,20837,vote,1,1483,,0.0007753372192382812,
pace-exact/exact159.gr,263,20837,vote,2,1483,,0.0007526874542236328,
pace-exact/exact159.gr,263,20837,louvain,0,1483,,0.0018110275268554688,
pace-exact/exact159.gr,263,20837,louvain,1,1483,,0.0018565654754638672,
pace-exact/exact159.gr,263,20837,louvain,2,1483,,0.0018432140350341797,
pace-exact/exact159.gr,263,20837,leiden,0,1483,,1.865579605102539,
pace-exact/exact159.gr,263,20837,leiden,1,1483,,2.1446902751922607,
pace-exact/exact159.gr,263,20837,leiden,2,1483,,0.2640650272369385,
pace-exact/exact159.gr,263,20837,mfp,0,5982,,7.221854209899902,
pace-exact/exact159.gr,263,20837,mfp,1,3571,,6.543288469314575,
pace-exact/exact159.gr,263,20837,mfp,2,2481,,7.379726886749268,
pace-exact/exact159.gr,263,20837,ins,0,1483,,0.3924832344055176,
pace-exact/exact159.gr,263,20837,ins,1,1483,,0.2720649242401123,
pace-exact/exact159.gr,263,20837,ins,2,1483,,0.24969768524169922,
pace-exact/exact157.gr,263,3422,kapoce,0,1117,,60.09114170074463,
pace-exact/exact159.gr,263,20837,flip,0,1483,,3.6018240451812744,
pace-exact/exact159.gr,263,20837,flip,1,1483,,3.3757035732269287,
pace-exact/exact159.gr,263,20837,flip,2,1483,,3.6012871265411377,
pace-exact/exact158.gr,263,10332,certiflip,0,3039,1708.9739772744178,60.485570430755615,
pace-exact/exact159.gr,263,20837,lb:greedy,0,,1394.0,0.3323028087615967,
pace-exact/exact158.gr,263,10332,kapoce,0,3039,,60.17511010169983,
pace-exact/exact160.gr,279,1226,pivot,0,363,,0.00013566017150878906,
pace-exact/exact160.gr,279,1226,pivot,1,380,,7.987022399902344e-05,
pace-exact/exact160.gr,279,1226,pivot,2,504,,9.751319885253906e-05,
pace-exact/exact160.gr,279,1226,pivot50,0,313,,0.018957853317260742,
pace-exact/exact160.gr,279,1226,pivot50,1,324,,0.010783195495605469,
pace-exact/exact160.gr,279,1226,pivot50,2,291,,0.0025777816772460938,
pace-exact/exact160.gr,279,1226,vote,0,280,,0.0002110004425048828,
pace-exact/exact159.gr,263,20837,lb:tri-mwu,0,,1478.0422535211267,3.1163482666015625,
pace-exact/exact160.gr,279,1226,vote,2,279,,0.01717829704284668,
pace-exact/exact160.gr,279,1226,louvain,0,278,,0.031830549240112305,
pace-exact/exact160.gr,279,1226,louvain,1,276,,0.0008056163787841797,
pace-exact/exact160.gr,279,1226,louvain,2,277,,0.0008366107940673828,
pace-exact/exact160.gr,279,1226,vote,1,276,,1.5999419689178467,
pace-exact/exact160.gr,279,1226,leiden,0,275,,1.7977252006530762,
pace-exact/exact160.gr,279,1226,leiden,2,274,,0.044852495193481445,
pace-exact/exact160.gr,279,1226,mfp,0,790,,0.07880949974060059,
pace-exact/exact160.gr,279,1226,mfp,1,813,,0.028860092163085938,
pace-exact/exact160.gr,279,1226,mfp,2,696,,0.04323840141296387,
pace-exact/exact160.gr,279,1226,ins,0,275,,0.024471044540405273,
pace-exact/exact160.gr,279,1226,ins,1,274,,0.01120448112487793,
pace-exact/exact160.gr,279,1226,ins,2,274,,0.011374711990356445,
pace-exact/exact160.gr,279,1226,flip,0,274,,0.16723203659057617,
pace-exact/exact160.gr,279,1226,leiden,1,274,,1.865248203277588,
pace-exact/exact160.gr,279,1226,flip,1,274,,0.19990277290344238,
pace-exact/exact160.gr,279,1226,flip,2,274,,0.26587462425231934,
pace-exact/exact160.gr,279,1226,certiflip,0,274,274.0,1.6863775253295898,
pace-exact/exact160.gr,279,1226,lb:greedy,0,,254.0,0.016445159912109375,
pace-exact/exact160.gr,279,1226,lb:tri-mwu,0,,268.1056338028169,0.02689385414123535,
pace-exact/exact161.gr,279,2000,pivot,0,388,,0.00013136863708496094,
pace-exact/exact161.gr,279,2000,pivot,1,577,,0.00011658668518066406,
pace-exact/exact161.gr,279,2000,pivot,2,669,,0.9032430648803711,
pace-exact/exact161.gr,279,2000,pivot50,0,358,,0.007211446762084961,
pace-exact/exact161.gr,279,2000,pivot50,1,386,,0.015085220336914062,
pace-exact/exact161.gr,279,2000,pivot50,2,356,,0.011044740676879883,
pace-exact/exact161.gr,279,2000,vote,0,335,,0.009195566177368164,
pace-exact/exact161.gr,279,2000,vote,1,336,,0.0002429485321044922,
pace-exact/exact161.gr,279,2000,vote,2,338,,0.00023865699768066406,
pace-exact/exact161.gr,279,2000,louvain,0,335,,0.025059938430786133,
pace-exact/exact161.gr,279,2000,louvain,1,336,,0.0008029937744140625,
pace-exact/exact161.gr,279,2000,louvain,2,333,,0.0010099411010742188,
pace-exact/exact161.gr,279,2000,leiden,0,333,,1.7392652034759521,
pace-exact/exact161.gr,279,2000,leiden,1,333,,0.060034990310668945,
pace-exact/exact161.gr,279,2000,leiden,2,333,,0.039034128189086914,
pace-exact/exact161.gr,279,2000,mfp,0,1243,,0.12059283256530762,
pace-exact/exact161.gr,279,2000,mfp,1,1200,,0.062432289123535156,
pace-exact/exact161.gr,279,2000,mfp,2,899,,0.06540346145629883,
pace-exact/exact161.gr,279,2000,ins,0,334,,0.01731729507446289,
pace-exact/exact161.gr,279,2000,ins,1,334,,0.007457733154296875,
pace-exact/exact161.gr,279,2000,ins,2,333,,0.007273674011230469,
pace-exact/exact161.gr,279,2000,flip,0,333,,0.07240462303161621,
pace-exact/exact159.gr,263,20837,certiflip,0,1483,1469.0,32.8066725730896,
pace-exact/exact161.gr,279,2000,flip,2,333,,0.26000452041625977,
pace-exact/exact161.gr,279,2000,flip,1,333,,1.7731916904449463,
pace-exact/exact161.gr,279,2000,certiflip,0,333,332.9999999999999,1.7112386226654053,
pace-exact/exact161.gr,279,2000,lb:greedy,0,,306.0,0.008963346481323242,
pace-exact/exact161.gr,279,2000,lb:tri-mwu,0,,324.5845070422535,0.07386326789855957,
pace-exact/exact162.gr,279,3242,pivot,0,940,,0.00012755393981933594,
pace-exact/exact162.gr,279,3242,pivot,1,1382,,0.00010991096496582031,
pace-exact/exact162.gr,279,3242,pivot,2,1145,,8.797645568847656e-05,
pace-exact/exact162.gr,279,3242,pivot50,0,877,,0.00702977180480957,
pace-exact/exact162.gr,279,3242,pivot50,1,941,,0.010919809341430664,
pace-exact/exact162.gr,279,3242,pivot50,2,899,,0.0028476715087890625,
pace-exact/exact162.gr,279,3242,vote,0,782,,0.0002956390380859375,
pace-exact/exact162.gr,279,3242,vote,1,784,,0.00029540061950683594,
pace-exact/exact162.gr,279,3242,vote,2,833,,0.0002999305725097656,
pace-exact/exact162.gr,279,3242,louvain,0,780,,1.2657291889190674,
pace-exact/exact162.gr,279,3242,louvain,1,784,,0.005060672760009766,
pace-exact/exact162.gr,279,3242,louvain,2,829,,0.0010173320770263672,
pace-exact/exact162.gr,279,3242,leiden,0,784,,1.7245776653289795,
pace-exact/exact162.gr,279,3242,leiden,1,784,,0.03271317481994629,
pace-exact/exact162.gr,279,3242,leiden,2,784,,0.02168130874633789,
pace-exact/exact162.gr,279,3242,mfp,0,2230,,0.15265679359436035,
pace-exact/exact162.gr,279,3242,mfp,1,2310,,0.1067667007446289,
pace-exact/exact162.gr,279,3242,mfp,2,2262,,0.15791726112365723,
pace-exact/exact162.gr,279,3242,ins,0,780,,0.05037879943847656,
pace-exact/exact162.gr,279,3242,ins,1,780,,0.024165868759155273,
pace-exact/exact162.gr,279,3242,ins,2,780,,0.015406370162963867,
pace-exact/exact162.gr,279,3242,flip,0,780,,0.5079586505889893,
pace-exact/exact162.gr,279,3242,flip,1,780,,0.3773043155670166,
pace-exact/exact162.gr,279,3242,flip,2,780,,0.48035645484924316,
pace-exact/exact162.gr,279,3242,certiflip,0,780,778.9999999999973,6.117978096008301,
pace-exact/exact159.gr,263,20837,kapoce,0,1483,,60.24555587768555,
pace-exact/exact162.gr,279,3242,lb:greedy,0,,682.0,0.024186134338378906,
pace-exact/exact162.gr,279,3242,lb:tri-mwu,0,,766.9507042253521,0.11090588569641113,
pace-exact/exact163.gr,279,5825,pivot,0,2447,,0.0001494884490966797,
pace-exact/exact163.gr,279,5825,pivot,1,2563,,0.00010824203491210938,
pace-exact/exact163.gr,279,5825,pivot,2,1925,,0.00010132789611816406,
pace-exact/exact163.gr,279,5825,pivot50,0,1791,,0.0029306411743164062,
pace-exact/exact163.gr,279,5825,pivot50,1,1755,,0.007842540740966797,
pace-exact/exact163.gr,279,5825,pivot50,2,1925,,0.01100778579711914,
pace-exact/exact163.gr,279,5825,vote,0,1538,,0.0003886222839355469,
pace-exact/exact163.gr,279,5825,vote,1,1538,,1.5639784336090088,
pace-exact/exact163.gr,279,5825,vote,2,1550,,0.00047016143798828125,
pace-exact/exact163.gr,279,5825,louvain,0,1538,,0.02861642837524414,
pace-exact/exact163.gr,279,5825,louvain,1,1538,,0.0012280941009521484,
pace-exact/exact163.gr,279,5825,louvain,2,1538,,0.005179882049560547,
pace-exact/exact163.gr,279,5825,leiden,0,1538,,1.8408873081207275,
pace-exact/exact163.gr,279,5825,leiden,1,1538,,0.0950469970703125,
pace-exact/exact163.gr,279,5825,leiden,2,1538,,0.14525365829467773,
pace-exact/exact163.gr,279,5825,mfp,0,4689,,0.5354812145233154,
pace-exact/exact163.gr,279,5825,mfp,1,4240,,0.4263014793395996,
pace-exact/exact163.gr,279,5825,mfp,2,4543,,0.42310404777526855,
pace-exact/exact163.gr,279,5825,ins,0,1538,,0.1250927448272705,
pace-exact/exact163.gr,279,5825,ins,1,1538,,0.09963703155517578,
pace-exact/exact163.gr,279,5825,ins,2,1538,,0.10340547561645508,
pace-exact/exact163.gr,279,5825,flip,0,1538,,1.678863525390625,
pace-exact/exact163.gr,279,5825,flip,1,1538,,1.7254045009613037,
pace-exact/exact163.gr,279,5825,flip,2,1538,,1.7033116817474365,
pace-exact/exact160.gr,279,1226,kapoce,0,274,,54.00332498550415,
pace-exact/exact161.gr,279,2000,kapoce,0,333,,60.10119962692261,
pace-exact/exact163.gr,279,5825,lb:greedy,0,,1377.0,0.09897184371948242,
pace-exact/exact163.gr,279,5825,lb:tri-mwu,0,,1525.7359154929577,0.45954203605651855,
pace-exact/exact164.gr,279,11618,pivot,0,4858,,0.00018858909606933594,
pace-exact/exact164.gr,279,11618,pivot,1,6816,,0.000148773193359375,
pace-exact/exact164.gr,279,11618,pivot,2,5186,,0.00013065338134765625,
pace-exact/exact164.gr,279,11618,pivot50,0,4702,,0.007715702056884766,
pace-exact/exact164.gr,279,11618,pivot50,1,4861,,0.003566265106201172,
pace-exact/exact164.gr,279,11618,pivot50,2,4744,,0.007771968841552734,
pace-exact/exact164.gr,279,11618,vote,0,4061,,0.0006771087646484375,
pace-exact/exact164.gr,279,11618,vote,1,4056,,0.0006287097930908203,
pace-exact/exact164.gr,279,11618,vote,2,4038,,0.0006616115570068359,
pace-exact/exact164.gr,279,11618,louvain,0,4052,,0.005810737609863281,
pace-exact/exact164.gr,279,11618,louvain,1,4052,,0.005814790725708008,
pace-exact/exact164.gr,279,11618,louvain,2,4033,,0.006394863128662109,
pace-exact/exact164.gr,279,11618,leiden,0,4033,,2.018510103225708,
pace-exact/exact164.gr,279,11618,leiden,1,4052,,0.2421274185180664,
pace-exact/exact164.gr,279,11618,leiden,2,4052,,0.23802590370178223,
pace-exact/exact164.gr,279,11618,mfp,0,9282,,1.3805594444274902,
pace-exact/exact164.gr,279,11618,mfp,1,9242,,2.849992513656616,
pace-exact/exact164.gr,279,11618,mfp,2,10681,,1.42364501953125,
pace-exact/exact164.gr,279,11618,ins,0,4033,,0.4897799491882324,
pace-exact/exact163.gr,279,5825,certiflip,0,1538,1537.3422251861284,31.367216110229492,
pace-exact/exact164.gr,279,11618,ins,1,4033,,0.5065135955810547,
pace-exact/exact164.gr,279,11618,ins,2,4033,,0.4589571952819824,
pace-exact/exact162.gr,279,3242,kapoce,0,780,,60.11066794395447,
pace-exact/exact164.gr,279,11618,flip,0,4033,,7.040147066116333,
pace-exact/exact164.gr,279,11618,flip,1,4033,,7.912727117538452,
pace-exact/exact164.gr,279,11618,flip,2,4033,,7.335230588912964,
pace-exact/exact164.gr,279,11618,lb:greedy,0,,3441.0,0.13426852226257324,
pace-exact/exact164.gr,279,11618,lb:tri-mwu,0,,3965.2957746478874,1.9303319454193115,
pace-exact/exact165.gr,279,24777,pivot,0,10288,,1.2598953247070312,
pace-exact/exact165.gr,279,24777,pivot,1,11436,,0.0001811981201171875,
pace-exact/exact165.gr,279,24777,pivot,2,14126,,0.00019478797912597656,
pace-exact/exact165.gr,279,24777,pivot50,0,6588,,0.01711583137512207,
pace-exact/exact165.gr,279,24777,pivot50,1,7073,,0.01694941520690918,
pace-exact/exact165.gr,279,24777,pivot50,2,6698,,0.012973546981811523,
pace-exact/exact165.gr,279,24777,vote,0,6094,,0.017847299575805664,
pace-exact/exact165.gr,279,24777,vote,1,6094,,0.0009870529174804688,
pace-exact/exact165.gr,279,24777,vote,2,6094,,0.0009851455688476562,
pace-exact/exact165.gr,279,24777,louvain,0,6094,,0.025620698928833008,
pace-exact/exact165.gr,279,24777,louvain,1,6094,,0.010620594024658203,
pace-exact/exact165.gr,279,24777,louvain,2,6094,,0.010825157165527344,
pace-exact/exact165.gr,279,24777,leiden,0,6094,,2.140742063522339,
pace-exact/exact165.gr,279,24777,leiden,1,6094,,0.522590160369873,
pace-exact/exact165.gr,279,24777,leiden,2,6094,,0.3060908317565918,
pace-exact/exact165.gr,279,24777,mfp,0,12698,,7.218615531921387,
pace-exact/exact165.gr,279,24777,mfp,1,17179,,6.906926393508911,
pace-exact/exact163.gr,279,5825,kapoce,0,1538,,60.11879563331604,
pace-exact/exact165.gr,279,24777,ins,0,6094,,1.062976598739624,
pace-exact/exact165.gr,279,24777,ins,1,6094,,0.9297208786010742,
pace-exact/exact165.gr,279,24777,mfp,2,18785,,6.976663112640381,
pace-exact/exact165.gr,279,24777,ins,2,6094,,1.1234607696533203,
pace-exact/exact165.gr,279,24777,flip,1,6094,,16.444517135620117,
pace-exact/exact165.gr,279,24777,flip,0,6094,,17.091993808746338,
pace-exact/exact164.gr,279,11618,certiflip,0,4033,1805.9991831305997,60.494412422180176,
pace-exact/exact164.gr,279,11618,kapoce,0,4033,,61.610618352890015,
pace-exact/exact165.gr,279,24777,lb:greedy,0,,5814.0,0.6488697528839111,
pace-exact/exact165.gr,279,24777,flip,2,6094,,16.932838678359985,
pace-exact/exact166.gr,279,31636,pivot,0,7630,,0.00016999244689941406,
pace-exact/exact166.gr,279,31636,pivot,1,6600,,0.0003256797790527344,
pace-exact/exact166.gr,279,31636,pivot,2,10434,,0.0001895427703857422,
pace-exact/exact166.gr,279,31636,pivot50,0,4778,,0.024233341217041016,
pace-exact/exact166.gr,279,31636,pivot50,1,4627,,0.01758098602294922,
pace-exact/exact166.gr,279,31636,pivot50,2,4723,,0.04210400581359863,
pace-exact/exact166.gr,279,31636,vote,0,4221,,0.01342463493347168,
pace-exact/exact166.gr,279,31636,vote,1,4222,,0.0013072490692138672,
pace-exact/exact166.gr,279,31636,vote,2,4222,,0.0013384819030761719,
pace-exact/exact166.gr,279,31636,louvain,0,4221,,0.011754035949707031,
pace-exact/exact166.gr,279,31636,louvain,1,4222,,1.471107006072998,
pace-exact/exact166.gr,279,31636,louvain,2,4222,,0.015007257461547852,
pace-exact/exact165.gr,279,24777,lb:tri-mwu,0,,6084.542253521126,5.845614194869995,
pace-exact/exact166.gr,279,31636,leiden,0,4221,,2.151318073272705,
pace-exact/exact166.gr,279,31636,leiden,1,4221,,2.0577809810638428,
pace-exact/exact166.gr,279,31636,leiden,2,4221,,0.3723714351654053,
pace-exact/exact166.gr,279,31636,mfp,1,11615,,12.706285238265991,
pace-exact/exact166.gr,279,31636,mfp,0,8569,,13.207678318023682,
pace-exact/exact166.gr,279,31636,ins,0,4221,,1.2053706645965576,
pace-exact/exact166.gr,279,31636,ins,1,4221,,1.1189265251159668,
pace-exact/exact166.gr,279,31636,ins,2,4221,,1.1672041416168213,
pace-exact/exact166.gr,279,31636,mfp,2,14288,,13.116252660751343,
pace-exact/exact166.gr,279,31636,flip,0,4221,,17.709502935409546,
pace-exact/exact165.gr,279,24777,certiflip,0,6094,1644.7874447733302,60.10514259338379,
pace-exact/exact166.gr,279,31636,flip,1,4221,,17.13484287261963,
pace-exact/exact165.gr,279,24777,kapoce,0,6094,,60.28855085372925,
pace-exact/exact166.gr,279,31636,lb:greedy,0,,3360.0,0.7502353191375732,
pace-exact/exact166.gr,279,31636,flip,2,4221,,17.345641136169434,
pace-exact/exact167.gr,300,14191,pivot,0,14303,,0.0001933574676513672,
pace-exact/exact167.gr,300,14191,pivot,1,14585,,0.0001633167266845703,
pace-exact/exact167.gr,300,14191,pivot,2,12797,,0.00014495849609375,
pace-exact/exact167.gr,300,14191,pivot50,0,12789,,0.015981435775756836,
pace-exact/exact167.gr,300,14191,pivot50,1,12689,,0.003820657730102539,
pace-exact/exact167.gr,300,14191,pivot50,2,12400,,0.015987396240234375,
pace-exact/exact167.gr,300,14191,vote,0,9880,,0.0011944770812988281,
pace-exact/exact167.gr,300,14191,vote,1,9866,,0.0012969970703125,
pace-exact/exact167.gr,300,14191,vote,2,9944,,0.005333423614501953,
pace-exact/exact167.gr,300,14191,louvain,0,9880,,0.010506391525268555,
pace-exact/exact167.gr,300,14191,louvain,1,9864,,1.405003547668457,
pace-exact/exact167.gr,300,14191,louvain,2,9943,,0.018991708755493164,
pace-exact/exact166.gr,279,31636,lb:tri-mwu,0,,4210.830985915493,5.219084978103638,
pace-exact/exact167.gr,300,14191,leiden,0,9878,,2.140810251235962,
pace-exact/exact167.gr,300,14191,leiden,2,9876,,0.2850039005279541,
pace-exact/exact167.gr,300,14191,leiden,1,9895,,2.0761890411376953,
pace-exact/exact167.gr,300,14191,mfp,0,15135,,1.2325379848480225,
pace-exact/exact167.gr,300,14191,mfp,1,15101,,1.0177102088928223,
pace-exact/exact167.gr,300,14191,ins,0,9875,,0.48601651191711426,
pace-exact/exact167.gr,300,14191,ins,1,9880,,0.5615479946136475,
pace-exact/exact167.gr,300,14191,mfp,2,16157,,1.091355323791504,
pace-exact/exact167.gr,300,14191,ins,2,9877,,0.547175407409668,
pace-exact/exact167.gr,300,14191,flip,0,9875,,9.294946908950806,
pace-exact/exact167.gr,300,14191,flip,1,9864,,9.503615140914917,
pace-exact/exact167.gr,300,14191,flip,2,9864,,9.414875507354736,
pace-exact/exact166.gr,279,31636,certiflip,0,4221,1758.6296296296296,60.227580308914185,
pace-exact/exact167.gr,300,14191,lb:greedy,0,,5983.0,0.13868284225463867,
pace-exact/exact167.gr,300,14191,lb:tri-mwu,0,,7071.518518518518,4.269536972045898,
pace-exact/exact168.gr,300,15035,pivot,0,10596,,0.00018405914306640625,
pace-exact/exact168.gr,300,15035,pivot,1,11051,,0.0002040863037109375,
pace-exact/exact168.gr,300,15035,pivot,2,11215,,0.00018143653869628906,
pace-exact/exact168.gr,300,15035,pivot50,0,9566,,0.01616215705871582,
pace-exact/exact168.gr,300,15035,pivot50,1,9438,,0.020012378692626953,
pace-exact/exact168.gr,300,15035,pivot50,2,9207,,0.016051530838012695,
pace-exact/exact168.gr,300,15035,vote,0,7674,,0.0008790493011474609,
pace-exact/exact168.gr,300,15035,vote,1,7674,,0.0008299350738525391,
pace-exact/exact168.gr,300,15035,vote,2,7678,,0.0009922981262207031,
pace-exact/exact168.gr,300,15035,louvain,0,7674,,0.014246225357055664,
pace-exact/exact168.gr,300,15035,louvain,1,7674,,0.001970052719116211,
pace-exact/exact168.gr,300,15035,louvain,2,7678,,0.002124786376953125,
pace-exact/exact166.gr,279,31636,kapoce,0,4221,,60.27141618728638,
pace-exact/exact168.gr,300,15035,leiden,1,7678,,0.258697509765625,
pace-exact/exact168.gr,300,15035,leiden,2,7678,,0.16521263122558594,
pace-exact/exact168.gr,300,15035,leiden,0,7674,,2.0258193016052246,
pace-exact/exact168.gr,300,15035,mfp,0,14572,,1.6026341915130615,
pace-exact/exact168.gr,300,15035,mfp,1,14989,,1.8760943412780762,
pace-exact/exact168.gr,300,15035,mfp,2,15052,,1.1609373092651367,
pace-exact/exact168.gr,300,15035,ins,0,7674,,0.608191728591919,
pace-exact/exact168.gr,300,15035,ins,1,7674,,0.5569534301757812,
pace-exact/exact168.gr,300,15035,ins,2,7674,,0.4803903102874756,
pace-exact/exact168.gr,300,15035,flip,0,7674,,8.240882158279419,
pace-exact/exact168.gr,300,15035,flip,1,7674,,8.57124662399292,
pace-exact/exact168.gr,300,15035,flip,2,7674,,8.523934364318848,
pace-exact/exact167.gr,300,14191,certiflip,0,9861,1525.5,62.269615173339844,
pace-exact/exact168.gr,300,15035,lb:greedy,0,,5371.0,0.15160560607910156,
pace-exact/exact168.gr,300,15035,lb:tri-mwu,0,,7018.045774647887,4.256488800048828,
pace-exact/exact169.gr,300,15456,pivot,0,12888,,0.00017714500427246094,
pace-exact/exact169.gr,300,15456,pivot,1,13584,,0.0001544952392578125,
pace-exact/exact169.gr,300,15456,pivot,2,15212,,1.2996633052825928,
pace-exact/exact169.gr,300,15456,pivot50,0,11494,,0.02863597869873047,
pace-exact/exact169.gr,300,15456,pivot50,1,12232,,0.01601552963256836,
pace-exact/exact169.gr,300,15456,pivot50,2,11873,,0.012229204177856445,
pace-exact/exact169.gr,300,15456,vote,0,9655,,0.022216081619262695,
pace-exact/exact169.gr,300,15456,vote,1,9579,,0.0010688304901123047,
pace-exact/exact169.gr,300,15456,vote,2,9604,,0.001300811767578125,
pace-exact/exact167.gr,300,14191,kapoce,0,9861,,60.217625856399536,
pace-exact/exact169.gr,300,15456,louvain,0,9653,,0.025664806365966797,
pace-exact/exact169.gr,300,15456,louvain,1,9561,,0.019468069076538086,
pace-exact/exact169.gr,300,15456,louvain,2,9561,,0.01208186149597168,
pace-exact/exact169.gr,300,15456,leiden,0,9561,,0.18706989288330078,
pace-exact/exact169.gr,300,15456,leiden,2,9652,,0.17899012565612793,
pace-exact/exact169.gr,300,15456,mfp,0,16114,,1.4517407417297363,
pace-exact/exact169.gr,300,15456,leiden,1,9657,,1.888627529144287,
pace-exact/exact169.gr,300,15456,mfp,1,16131,,1.429427146911621,
pace-exact/exact169.gr,300,15456,mfp,2,17651,,1.4011304378509521,
pace-exact/exact169.gr,300,15456,ins,0,9561,,0.5375261306762695,
pace-exact/exact169.gr,300,15456,ins,1,9611,,0.5785953998565674,
pace-exact/exact169.gr,300,15456,ins,2,9561,,0.5816619396209717,
pace-exact/exact169.gr,300,15456,flip,0,9561,,10.672387599945068,
pace-exact/exact169.gr,300,15456,flip,1,9561,,10.551783800125122,
pace-exact/exact169.gr,300,15456,flip,2,9561,,10.00848388671875,
pace-exact/exact168.gr,300,15035,certiflip,0,7674,1760.5831447963792,60.55667567253113,
pace-exact/exact169.gr,300,15456,lb:greedy,0,,6497.0,0.1217794418334961,
pace-exact/exact169.gr,300,15456,lb:tri-mwu,0,,7702.862962962963,4.203711271286011,
pace-exact/exact170.gr,300,15641,pivot,0,11616,,0.00018453598022460938,
pace-exact/exact170.gr,300,15641,pivot,1,10667,,0.00014829635620117188,
pace-exact/exact170.gr,300,15641,pivot,2,11951,,0.00015234947204589844,
pace-exact/exact170.gr,300,15641,pivot50,0,8389,,0.01658916473388672,
pace-exact/exact170.gr,300,15641,pivot50,1,8349,,0.015986919403076172,
pace-exact/exact170.gr,300,15641,pivot50,2,9342,,0.016048908233642578,
pace-exact/exact170.gr,300,15641,vote,0,6866,,0.012840032577514648,
pace-exact/exact170.gr,300,15641,vote,1,6892,,0.0007631778717041016,
pace-exact/exact170.gr,300,15641,vote,2,6866,,0.0008876323699951172,
pace-exact/exact170.gr,300,15641,louvain,0,6866,,0.0019376277923583984,
pace-exact/exact170.gr,300,15641,louvain,1,6892,,0.0018589496612548828,
pace-exact/exact170.gr,300,15641,louvain,2,6866,,0.006163358688354492,
pace-exact/exact170.gr,300,15641,leiden,0,6866,,1.8637964725494385,
pace-exact/exact168.gr,300,15035,kapoce,0,7674,,60.19006276130676,
pace-exact/exact170.gr,300,15641,leiden,1,6866,,0.2237560749053955,
pace-exact/exact170.gr,300,15641,leiden,2,6866,,0.23580455780029297,
pace-exact/exact170.gr,300,15641,mfp,0,14680,,1.6898894309997559,
pace-exact/exact170.gr,300,15641,mfp,1,15952,,1.586902379989624,
pace-exact/exact170.gr,300,15641,ins,0,6866,,0.3005962371826172,
pace-exact/exact170.gr,300,15641,ins,1,6866,,0.3967151641845703,
pace-exact/exact170.gr,300,15641,mfp,2,14958,,1.7154498100280762,
pace-exact/exact170.gr,300,15641,ins,2,6866,,1.8187003135681152,
pace-exact/exact170.gr,300,15641,flip,0,6866,,6.782979726791382,
pace-exact/exact170.gr,300,15641,flip,1,6866,,6.588799715042114,
pace-exact/exact170.gr,300,15641,flip,2,6866,,8.06458854675293,
pace-exact/exact169.gr,300,15456,certiflip,0,9561,1967.0418064121295,62.335033893585205,
pace-exact/exact170.gr,300,15641,lb:greedy,0,,5504.0,0.15485239028930664,
pace-exact/exact170.gr,300,15641,lb:tri-mwu,0,,6785.141342756184,3.8826780319213867,
pace-exact/exact171.gr,300,25919,pivot,0,11602,,1.0844314098358154,
pace-exact/exact171.gr,300,25919,pivot,1,3562,,0.00017595291137695312,
pace-exact/exact171.gr,300,25919,pivot,2,3614,,0.00016045570373535156,
pace-exact/exact171.gr,300,25919,pivot50,0,3134,,0.022125244140625,
pace-exact/exact171.gr,300,25919,pivot50,1,3199,,0.01681828498840332,
pace-exact/exact171.gr,300,25919,pivot50,2,2901,,0.021437406539916992,
pace-exact/exact171.gr,300,25919,vote,0,2901,,0.030202388763427734,
pace-exact/exact171.gr,300,25919,vote,1,2901,,0.0009765625,
pace-exact/exact171.gr,300,25919,vote,2,2901,,0.017152786254882812,
pace-exact/exact171.gr,300,25919,louvain,0,2901,,0.04159069061279297,
pace-exact/exact171.gr,300,25919,louvain,1,2901,,0.014329671859741211,
pace-exact/exact171.gr,300,25919,louvain,2,2901,,0.0189971923828125,
pace-exact/exact169.gr,300,15456,kapoce,0,9561,,60.24758720397949,
pace-exact/exact171.gr,300,25919,leiden,1,2901,,0.3608415126800537,
pace-exact/exact171.gr,300,25919,leiden,2,2901,,0.2586181163787842,
pace-exact/exact171.gr,300,25919,leiden,0,2901,,2.282510280609131,
pace-exact/exact171.gr,300,25919,mfp,0,9472,,7.7029337882995605,
pace-exact/exact171.gr,300,25919,mfp,1,11270,,7.996696710586548,
pace-exact/exact171.gr,300,25919,ins,0,2901,,0.5427215099334717,
pace-exact/exact171.gr,300,25919,ins,1,2901,,0.38348960876464844,
pace-exact/exact171.gr,300,25919,ins,2,2901,,0.46068882942199707,
pace-exact/exact171.gr,300,25919,mfp,2,10032,,7.724439859390259,
pace-exact/exact171.gr,300,25919,flip,0,2901,,5.381397247314453,
pace-exact/exact171.gr,300,25919,flip,1,2901,,5.142434597015381,
pace-exact/exact171.gr,300,25919,flip,2,2901,,5.178476095199585,
pace-exact/exact170.gr,300,15641,certiflip,0,6866,1680.0331796585015,60.09465265274048,
pace-exact/exact171.gr,300,25919,lb:greedy,0,,2887.0,0.3466484546661377,
pace-exact/exact171.gr,300,25919,lb:tri-mwu,0,,2900.9119718309857,3.6555941104888916,
pace-exact/exact172.gr,300,28765,pivot,0,9224,,0.0001742839813232422,
pace-exact/exact172.gr,300,28765,pivot,1,9956,,0.0001704692840576172,
pace-exact/exact172.gr,300,28765,pivot,2,10901,,0.00017189979553222656,
pace-exact/exact172.gr,300,28765,pivot50,0,7213,,0.021367549896240234,
pace-exact/exact172.gr,300,28765,pivot50,1,8685,,0.01723003387451172,
pace-exact/exact172.gr,300,28765,pivot50,2,8814,,0.027727603912353516,
pace-exact/exact172.gr,300,28765,vote,0,6978,,0.017206430435180664,
pace-exact/exact172.gr,300,28765,vote,1,6978,,0.0011277198791503906,
pace-exact/exact172.gr,300,28765,vote,2,6978,,0.0010988712310791016,
pace-exact/exact172.gr,300,28765,louvain,0,6978,,0.015003681182861328,
pace-exact/exact172.gr,300,28765,louvain,1,6978,,0.014705657958984375,
pace-exact/exact172.gr,300,28765,louvain,2,6978,,0.017251014709472656,
pace-exact/exact170.gr,300,15641,kapoce,0,6866,,60.20272946357727,
pace-exact/exact172.gr,300,28765,leiden,0,6978,,2.1890127658843994,
pace-exact/exact172.gr,300,28765,leiden,2,6978,,0.625878095626831,
pace-exact/exact172.gr,300,28765,leiden,1,6978,,2.150973320007324,
pace-exact/exact172.gr,300,28765,mfp,0,19885,,9.157304286956787,
pace-exact/exact172.gr,300,28765,mfp,1,23546,,8.272583961486816,
pace-exact/exact172.gr,300,28765,ins,0,6978,,0.8780186176300049,
pace-exact/exact172.gr,300,28765,ins,1,6978,,0.758418083190918,
pace-exact/exact172.gr,300,28765,ins,2,6978,,0.884190559387207,
pace-exact/exact171.gr,300,25919,certiflip,0,2901,2900.0,34.41129541397095,
pace-exact/exact172.gr,300,28765,mfp,2,21019,,10.13267970085144,
pace-exact/exact172.gr,300,28765,flip,0,6978,,13.736361265182495,
pace-exact/exact172.gr,300,28765,flip,1,6978,,13.803828239440918,
pace-exact/exact172.gr,300,28765,flip,2,6978,,14.052219152450562,
pace-exact/exact172.gr,300,28765,lb:greedy,0,,6385.0,0.6657342910766602,
pace-exact/exact171.gr,300,25919,kapoce,0,2901,,60.331127882003784,
pace-exact/exact172.gr,300,28765,lb:tri-mwu,0,,6970.651408450704,7.602048635482788,
pace-exact/exact173.gr,313,1764,pivot,1,118,,0.00015783309936523438,
pace-exact/exact173.gr,313,1764,pivot,2,122,,0.00010704994201660156,
pace-exact/exact173.gr,313,1764,pivot50,0,107,,0.010967016220092773,
pace-exact/exact173.gr,313,1764,pivot50,1,109,,0.0028412342071533203,
pace-exact/exact173.gr,313,1764,pivot50,2,105,,0.0069370269775390625,
pace-exact/exact173.gr,313,1764,vote,0,100,,0.00021386146545410156,
pace-exact/exact173.gr,313,1764,vote,1,104,,0.00018835067749023438,
pace-exact/exact173.gr,313,1764,vote,2,104,,0.00017547607421875,
pace-exact/exact173.gr,313,1764,louvain,0,100,,0.0007340908050537109,
pace-exact/exact173.gr,313,1764,louvain,1,100,,0.000644683837890625,
pace-exact/exact173.gr,313,1764,louvain,2,100,,0.0006461143493652344,
pace-exact/exact173.gr,313,1764,pivot,0,234,,1.356191635131836,
pace-exact/exact173.gr,313,1764,leiden,0,100,,1.722543478012085,
pace-exact/exact173.gr,313,1764,leiden,2,100,,0.025525808334350586,
pace-exact/exact173.gr,313,1764,mfp,0,316,,0.11516523361206055,
pace-exact/exact173.gr,313,1764,mfp,1,262,,0.13517236709594727,
pace-exact/exact173.gr,313,1764,mfp,2,380,,0.13039636611938477,
pace-exact/exact173.gr,313,1764,leiden,1,100,,1.8947558403015137,
pace-exact/exact173.gr,313,1764,ins,1,100,,0.08555006980895996,
pace-exact/exact173.gr,313,1764,ins,2,100,,0.019688844680786133,
pace-exact/exact173.gr,313,1764,flip,0,100,,0.20259857177734375,
pace-exact/exact173.gr,313,1764,flip,1,100,,0.19748973846435547,
pace-exact/exact173.gr,313,1764,flip,2,100,,0.18152093887329102,
pace-exact/exact173.gr,313,1764,ins,0,100,,1.6561250686645508,
pace-exact/exact173.gr,313,1764,certiflip,0,100,100.0,1.4430558681488037,
pace-exact/exact173.gr,313,1764,lb:greedy,0,,99.0,0.021130800247192383,
pace-exact/exact173.gr,313,1764,lb:tri-mwu,0,,98.30633802816901,0.08371233940124512,
pace-exact/exact174.gr,313,2294,pivot,0,247,,0.0001323223114013672,
pace-exact/exact174.gr,313,2294,pivot,1,294,,0.00011563301086425781,
pace-exact/exact174.gr,313,2294,pivot,2,306,,8.559226989746094e-05,
pace-exact/exact174.gr,313,2294,pivot50,0,172,,0.008358240127563477,
pace-exact/exact174.gr,313,2294,pivot50,1,162,,0.01118326187133789,
pace-exact/exact174.gr,313,2294,pivot50,2,180,,0.007167816162109375,
pace-exact/exact174.gr,313,2294,vote,0,154,,0.0004508495330810547,
pace-exact/exact174.gr,313,2294,vote,1,154,,0.00021886825561523438,
pace-exact/exact174.gr,313,2294,vote,2,155,,0.0002334117889404297,
pace-exact/exact174.gr,313,2294,louvain,0,154,,0.004903554916381836,
pace-exact/exact174.gr,313,2294,louvain,1,154,,1.5729901790618896,
pace-exact/exact174.gr,313,2294,louvain,2,155,,0.0009365081787109375,
pace-exact/exact174.gr,313,2294,leiden,0,154,,1.588310956954956,
pace-exact/exact174.gr,313,2294,leiden,1,155,,0.02808403968811035,
pace-exact/exact174.gr,313,2294,leiden,2,155,,0.045862436294555664,
pace-exact/exact174.gr,313,2294,mfp,0,448,,0.22233033180236816,
pace-exact/exact174.gr,313,2294,mfp,1,454,,0.15151119232177734,
pace-exact/exact174.gr,313,2294,mfp,2,425,,0.15154480934143066,
pace-exact/exact174.gr,313,2294,ins,0,155,,0.036756038665771484,
pace-exact/exact174.gr,313,2294,ins,1,154,,0.006998538970947266,
pace-exact/exact174.gr,313,2294,ins,2,155,,0.01104736328125,
pace-exact/exact174.gr,313,2294,flip,0,154,,0.2393350601196289,
pace-exact/exact174.gr,313,2294,flip,1,154,,0.1479935646057129,
pace-exact/exact174.gr,313,2294,flip,2,154,,0.21615314483642578,
pace-exact/exact174.gr,313,2294,certiflip,0,154,154.0,1.3681788444519043,
pace-exact/exact172.gr,300,28765,certiflip,0,6978,1590.815127871696,60.10573124885559,
pace-exact/exact174.gr,313,2294,lb:greedy,0,,150.0,0.009729146957397461,
pace-exact/exact174.gr,313,2294,lb:tri-mwu,0,,152.9049295774648,0.03222060203552246,
pace-exact/exact175.gr,313,3516,pivot,0,1064,,0.00015020370483398438,
pace-exact/exact175.gr,313,3516,pivot,1,862,,9.036064147949219e-05,
pace-exact/exact175.gr,313,3516,pivot,2,964,,9.036064147949219e-05,
pace-exact/exact175.gr,313,3516,pivot50,0,640,,0.0071337223052978516,
pace-exact/exact175.gr,313,3516,pivot50,1,677,,0.007028818130493164,
pace-exact/exact175.gr,313,3516,pivot50,2,689,,0.0069637298583984375,
pace-exact/exact175.gr,313,3516,vote,0,582,,0.004340171813964844,
pace-exact/exact175.gr,313,3516,vote,1,558,,0.0002791881561279297,
pace-exact/exact175.gr,313,3516,vote,2,582,,0.00027441978454589844,
pace-exact/exact175.gr,313,3516,louvain,0,582,,1.0423028469085693,
pace-exact/exact175.gr,313,3516,louvain,1,557,,0.0009872913360595703,
pace-exact/exact175.gr,313,3516,louvain,2,582,,0.009114503860473633,
pace-exact/exact175.gr,313,3516,leiden,0,557,,1.1229965686798096,
pace-exact/exact175.gr,313,3516,leiden,1,557,,0.03205752372741699,
pace-exact/exact175.gr,313,3516,leiden,2,557,,0.06667757034301758,
pace-exact/exact175.gr,313,3516,mfp,0,1930,,0.19587302207946777,
pace-exact/exact175.gr,313,3516,mfp,1,1606,,0.12464427947998047,
pace-exact/exact175.gr,313,3516,mfp,2,1757,,0.11359381675720215,
pace-exact/exact175.gr,313,3516,ins,0,557,,0.02507805824279785,
pace-exact/exact175.gr,313,3516,ins,1,557,,0.018169641494750977,
pace-exact/exact175.gr,313,3516,ins,2,557,,0.01509404182434082,
pace-exact/exact172.gr,300,28765,kapoce,0,6978,,60.28921961784363,
pace-exact/exact175.gr,313,3516,flip,0,557,,0.21193695068359375,
pace-exact/exact175.gr,313,3516,flip,1,557,,0.33417463302612305,
pace-exact/exact175.gr,313,3516,flip,2,557,,0.2741811275482178,
pace-exact/exact175.gr,313,3516,certiflip,0,557,557.0,2.0728728771209717,
pace-exact/exact175.gr,313,3516,lb:greedy,0,,519.0,0.014334678649902344,
pace-exact/exact175.gr,313,3516,lb:tri-mwu,0,,551.3661971830986,0.06481313705444336,
pace-exact/exact176.gr,313,7570,pivot,0,1108,,0.00014257431030273438,
pace-exact/exact176.gr,313,7570,pivot,1,1772,,0.00010013580322265625,
pace-exact/exact176.gr,313,7570,pivot,2,1337,,9.441375732421875e-05,
pace-exact/exact176.gr,313,7570,pivot50,0,946,,0.007453441619873047,
pace-exact/exact176.gr,313,7570,pivot50,1,931,,0.008182525634765625,
pace-exact/exact176.gr,313,7570,pivot50,2,992,,0.008331537246704102,
pace-exact/exact176.gr,313,7570,vote,0,908,,0.004593610763549805,
pace-exact/exact176.gr,313,7570,vote,1,914,,0.004576444625854492,
pace-exact/exact176.gr,313,7570,vote,2,908,,0.0004515647888183594,
pace-exact/exact176.gr,313,7570,louvain,0,908,,0.0011587142944335938,
pace-exact/exact176.gr,313,7570,louvain,1,908,,0.0011682510375976562,
pace-exact/exact176.gr,313,7570,louvain,2,908,,0.0011379718780517578,
pace-exact/exact176.gr,313,7570,leiden,0,908,,1.1957380771636963,
pace-exact/exact173.gr,313,1764,kapoce,0,100,,47.9516818523407,
pace-exact/exact176.gr,313,7570,leiden,2,908,,1.573674201965332,
pace-exact/exact176.gr,313,7570,leiden,1,908,,1.3708829879760742,
pace-exact/exact176.gr,313,7570,mfp,0,2836,,0.6179800033569336,
pace-exact/exact176.gr,313,7570,mfp,1,2152,,0.6409573554992676,
pace-exact/exact176.gr,313,7570,ins,0,908,,0.09645771980285645,
pace-exact/exact176.gr,313,7570,ins,1,908,,0.04001164436340332,
pace-exact/exact176.gr,313,7570,ins,2,908,,0.02628159523010254,
pace-exact/exact176.gr,313,7570,mfp,2,2136,,0.5386507511138916,
pace-exact/exact176.gr,313,7570,flip,0,908,,0.5070414543151855,
pace-exact/exact176.gr,313,7570,flip,1,908,,0.7719168663024902,
pace-exact/exact176.gr,313,7570,flip,2,908,,0.6691598892211914,
pace-exact/exact174.gr,313,2294,kapoce,0,154,,46.572304487228394,
pace-exact/exact176.gr,313,7570,lb:greedy,0,,890.0,0.03602862358093262,
pace-exact/exact176.gr,313,7570,lb:tri-mwu,0,,905.8380281690141,0.21772003173828125,
pace-exact/exact177.gr,313,14634,pivot,0,5246,,0.00015234947204589844,
pace-exact/exact177.gr,313,14634,pivot,1,6629,,0.0001289844512939453,
pace-exact/exact177.gr,313,14634,pivot,2,7347,,0.9961462020874023,
pace-exact/exact177.gr,313,14634,pivot50,0,4452,,0.01205587387084961,
pace-exact/exact177.gr,313,14634,pivot50,1,4421,,0.011993408203125,
pace-exact/exact177.gr,313,14634,pivot50,2,4563,,0.007836580276489258,
pace-exact/exact177.gr,313,14634,vote,0,4090,,0.009353876113891602,
pace-exact/exact177.gr,313,14634,vote,1,4089,,0.0006797313690185547,
pace-exact/exact177.gr,313,14634,vote,2,4090,,0.0008313655853271484,
pace-exact/exact177.gr,313,14634,louvain,0,4089,,0.017077922821044922,
pace-exact/exact177.gr,313,14634,louvain,1,4089,,0.005906105041503906,
pace-exact/exact177.gr,313,14634,louvain,2,4090,,0.00232696533203125,
pace-exact/exact176.gr,313,7570,certiflip,0,908,908.0,4.5700602531433105,
pace-exact/exact177.gr,313,14634,leiden,1,4090,,0.15956425666809082,
pace-exact/exact177.gr,313,14634,leiden,2,4093,,0.12697196006774902,
pace-exact/exact177.gr,313,14634,leiden,0,4090,,1.223684310913086,
pace-exact/exact177.gr,313,14634,mfp,0,8573,,1.3939299583435059,
pace-exact/exact177.gr,313,14634,mfp,1,12067,,1.3783442974090576,
pace-exact/exact177.gr,313,14634,ins,0,4089,,0.36464643478393555,
pace-exact/exact177.gr,313,14634,ins,1,4089,,0.45772576332092285,
pace-exact/exact177.gr,313,14634,mfp,2,11258,,1.1512315273284912,
pace-exact/exact177.gr,313,14634,ins,2,4089,,0.3479759693145752,
pace-exact/exact177.gr,313,14634,flip,0,4089,,5.601464033126831,
pace-exact/exact177.gr,313,14634,flip,1,4089,,5.911986589431763,
pace-exact/exact177.gr,313,14634,flip,2,4089,,5.665390253067017,
pace-exact/exact175.gr,313,3516,kapoce,0,557,,60.12088751792908,
pace-exact/exact177.gr,313,14634,lb:greedy,0,,3684.0,0.11905288696289062,
pace-exact/exact177.gr,313,14634,lb:tri-mwu,0,,4032.489436619718,1.9062261581420898,
pace-exact/exact178.gr,330,573,pivot,0,238,,0.00019168853759765625,
pace-exact/exact178.gr,330,573,pivot,1,271,,0.00013208389282226562,
pace-exact/exact178.gr,330,573,pivot,2,264,,0.0001232624053955078,
pace-exact/exact178.gr,330,573,pivot50,0,229,,0.8996124267578125,
pace-exact/exact178.gr,330,573,pivot50,1,223,,0.003156423568725586,
pace-exact/exact178.gr,330,573,pivot50,2,234,,0.003408193588256836,
pace-exact/exact178.gr,330,573,vote,0,210,,0.0047266483306884766,
pace-exact/exact178.gr,330,573,vote,1,209,,0.00017762184143066406,
pace-exact/exact178.gr,330,573,vote,2,206,,0.0001583099365234375,
pace-exact/exact178.gr,330,573,louvain,0,210,,0.007909536361694336,
pace-exact/exact178.gr,330,573,louvain,1,209,,0.0010461807250976562,
pace-exact/exact178.gr,330,573,louvain,2,206,,0.0007090568542480469,
pace-exact/exact178.gr,330,573,leiden,0,211,,1.3158807754516602,
pace-exact/exact178.gr,330,573,leiden,1,213,,0.0415804386138916,
pace-exact/exact178.gr,330,573,leiden,2,206,,0.04692363739013672,
pace-exact/exact178.gr,330,573,mfp,0,533,,0.07225441932678223,
pace-exact/exact178.gr,330,573,mfp,1,536,,0.0029494762420654297,
pace-exact/exact178.gr,330,573,mfp,2,548,,0.0028870105743408203,
pace-exact/exact178.gr,330,573,ins,0,208,,0.011206865310668945,
pace-exact/exact178.gr,330,573,ins,1,201,,0.001520395278930664,
pace-exact/exact178.gr,330,573,ins,2,204,,0.0059010982513427734,
pace-exact/exact178.gr,330,573,flip,0,200,,0.08007621765136719,
pace-exact/exact178.gr,330,573,flip,1,200,,0.08222532272338867,
pace-exact/exact178.gr,330,573,flip,2,200,,1.0469717979431152,
pace-exact/exact178.gr,330,573,certiflip,0,200,199.16666666666669,0.8538792133331299,
pace-exact/exact176.gr,313,7570,kapoce,0,908,,60.09702920913696,
pace-exact/exact178.gr,330,573,lb:greedy,0,,175.0,0.003609895706176758,
pace-exact/exact178.gr,330,573,lb:tri-mwu,0,,187.65140845070422,0.013780832290649414,
pace-exact/exact179.gr,330,1370,pivot,0,865,,0.00012826919555664062,
pace-exact/exact179.gr,330,1370,pivot,1,1031,,7.367134094238281e-05,
pace-exact/exact179.gr,330,1370,pivot,2,883,,0.0001392364501953125,
pace-exact/exact179.gr,330,1370,pivot50,0,821,,0.002662181854248047,
pace-exact/exact179.gr,330,1370,pivot50,1,794,,0.0026998519897460938,
pace-exact/exact179.gr,330,1370,pivot50,2,792,,0.002878427505493164,
pace-exact/exact179.gr,330,1370,vote,0,665,,0.00024390220642089844,
pace-exact/exact179.gr,330,1370,vote,1,661,,0.00023937225341796875,
pace-exact/exact179.gr,330,1370,vote,2,668,,0.0002067089080810547,
pace-exact/exact179.gr,330,1370,louvain,0,654,,0.0016222000122070312,
pace-exact/exact179.gr,330,1370,louvain,1,652,,0.9960317611694336,
pace-exact/exact179.gr,330,1370,louvain,2,659,,0.0010807514190673828,
pace-exact/exact179.gr,330,1370,leiden,0,651,,1.2804844379425049,
pace-exact/exact179.gr,330,1370,leiden,1,652,,0.07324957847595215,
pace-exact/exact179.gr,330,1370,leiden,2,652,,0.04855942726135254,
pace-exact/exact179.gr,330,1370,mfp,0,1501,,0.06295228004455566,
pace-exact/exact179.gr,330,1370,mfp,1,1435,,0.007798194885253906,
pace-exact/exact179.gr,330,1370,mfp,2,1535,,0.007857084274291992,
pace-exact/exact179.gr,330,1370,ins,0,643,,0.008118391036987305,
pace-exact/exact179.gr,330,1370,ins,1,641,,0.007397890090942383,
pace-exact/exact179.gr,330,1370,ins,2,639,,0.007267475128173828,
pace-exact/exact179.gr,330,1370,flip,0,636,,0.12045502662658691,
pace-exact/exact179.gr,330,1370,flip,1,635,,0.13190102577209473,
pace-exact/exact179.gr,330,1370,flip,2,635,,0.16169357299804688,
pace-exact/exact177.gr,313,14634,certiflip,0,4089,1788.8353714834266,61.64066529273987,
pace-exact/exact177.gr,313,14634,kapoce,0,4089,,60.10742902755737,
pace-exact/exact179.gr,330,1370,lb:greedy,0,,519.0,0.005464792251586914,
pace-exact/exact179.gr,330,1370,lb:tri-mwu,0,,574.8908450704225,0.02594923973083496,
pace-exact/exact180.gr,330,2256,pivot,0,1679,,0.00012636184692382812,
pace-exact/exact180.gr,330,2256,pivot,1,1679,,0.00010752677917480469,
pace-exact/exact180.gr,330,2256,pivot,2,1456,,8.082389831542969e-05,
pace-exact/exact180.gr,330,2256,pivot50,0,1359,,0.002588987350463867,
pace-exact/exact180.gr,330,2256,pivot50,1,1370,,1.0205280780792236,
pace-exact/exact180.gr,330,2256,pivot50,2,1364,,0.010760307312011719,
pace-exact/exact180.gr,330,2256,vote,0,1130,,0.01678919792175293,
pace-exact/exact180.gr,330,2256,vote,1,1126,,0.00031375885009765625,
pace-exact/exact180.gr,330,2256,vote,2,1125,,0.0002968311309814453,
pace-exact/exact180.gr,330,2256,louvain,0,1127,,0.015919208526611328,
pace-exact/exact180.gr,330,2256,louvain,1,1122,,0.0009980201721191406,
pace-exact/exact180.gr,330,2256,louvain,2,1116,,0.0010504722595214844,
pace-exact/exact180.gr,330,2256,leiden,0,1104,,1.0210168361663818,
pace-exact/exact180.gr,330,2256,leiden,1,1098,,0.08230209350585938,
pace-exact/exact180.gr,330,2256,leiden,2,1096,,0.08978605270385742,
pace-exact/exact180.gr,330,2256,mfp,0,2395,,0.08875036239624023,
pace-exact/exact180.gr,330,2256,mfp,1,2475,,0.022960424423217773,
pace-exact/exact180.gr,330,2256,mfp,2,2375,,0.01654219627380371,
pace-exact/exact180.gr,330,2256,ins,0,1088,,0.01283407211303711,
pace-exact/exact180.gr,330,2256,ins,1,1093,,0.007444143295288086,
pace-exact/exact180.gr,330,2256,ins,2,1091,,0.005110263824462891,
pace-exact/exact180.gr,330,2256,flip,0,1082,,0.2607393264770508,
pace-exact/exact179.gr,330,1370,certiflip,0,633,628.7105985452702,18.564183950424194,
pace-exact/exact180.gr,330,2256,flip,1,1086,,0.40814852714538574,
pace-exact/exact180.gr,330,2256,flip,2,1087,,0.3432588577270508,
pace-exact/exact178.gr,330,573,kapoce,0,200,,29.14152216911316,
pace-exact/exact180.gr,330,2256,lb:greedy,0,,861.0,0.009317636489868164,
pace-exact/exact180.gr,330,2256,lb:tri-mwu,0,,951.3415492957746,0.10273909568786621,
pace-exact/exact181.gr,330,3253,pivot,0,2228,,0.000152587890625,
pace-exact/exact181.gr,330,3253,pivot,1,2131,,9.489059448242188e-05,
pace-exact/exact181.gr,330,3253,pivot,2,2018,,9.34600830078125e-05,
pace-exact/exact181.gr,330,3253,pivot50,0,1902,,0.007007122039794922,
pace-exact/exact181.gr,330,3253,pivot50,1,1921,,0.007125377655029297,
pace-exact/exact181.gr,330,3253,pivot50,2,1800,,0.007050991058349609,
pace-exact/exact181.gr,330,3253,vote,0,1605,,0.0003631114959716797,
pace-exact/exact181.gr,330,3253,vote,1,1609,,0.000522613525390625,
pace-exact/exact181.gr,330,3253,vote,2,1603,,0.0005645751953125,
pace-exact/exact181.gr,330,3253,louvain,0,1576,,0.04669022560119629,
pace-exact/exact181.gr,330,3253,louvain,1,1602,,0.0011878013610839844,
pace-exact/exact181.gr,330,3253,louvain,2,1595,,0.001191854476928711,
pace-exact/exact181.gr,330,3253,leiden,0,1581,,1.326575517654419,
pace-exact/exact181.gr,330,3253,leiden,1,1604,,0.12512516975402832,
pace-exact/exact181.gr,330,3253,leiden,2,1608,,0.06285691261291504,
pace-exact/exact181.gr,330,3253,mfp,0,3197,,1.0407907962799072,
pace-exact/exact181.gr,330,3253,mfp,1,3312,,0.09088611602783203,
pace-exact/exact181.gr,330,3253,mfp,2,3551,,0.06407332420349121,
pace-exact/exact181.gr,330,3253,ins,0,1569,,0.05834364891052246,
pace-exact/exact181.gr,330,3253,ins,1,1578,,0.024124860763549805,
pace-exact/exact181.gr,330,3253,ins,2,1573,,0.02388620376586914,
pace-exact/exact181.gr,330,3253,flip,0,1566,,0.4378793239593506,
pace-exact/exact181.gr,330,3253,flip,1,1570,,0.5817408561706543,
pace-exact/exact181.gr,330,3253,flip,2,1571,,0.5197563171386719,
pace-exact/exact179.gr,330,1370,kapoce,0,633,,50.02859687805176,
pace-exact/exact180.gr,330,2256,kapoce,0,1081,,60.10870695114136,
pace-exact/exact181.gr,330,3253,lb:greedy,0,,1221.0,0.016138076782226562,
pace-exact/exact181.gr,330,3253,lb:tri-mwu,0,,1355.2852112676057,0.14610815048217773,
pace-exact/exact182.gr,330,4329,pivot,0,2914,,0.00016927719116210938,
pace-exact/exact182.gr,330,4329,pivot,1,2980,,0.9358623027801514,
pace-exact/exact182.gr,330,4329,pivot,2,2698,,0.0001399517059326172,
pace-exact/exact182.gr,330,4329,pivot50,0,2577,,0.011247873306274414,
pace-exact/exact182.gr,330,4329,pivot50,1,2525,,0.0028204917907714844,
pace-exact/exact182.gr,330,4329,pivot50,2,2525,,0.007391929626464844,
pace-exact/exact182.gr,330,4329,vote,0,2225,,0.01774454116821289,
pace-exact/exact182.gr,330,4329,vote,1,2212,,0.0005638599395751953,
pace-exact/exact182.gr,330,4329,vote,2,2221,,0.006508350372314453,
pace-exact/exact182.gr,330,4329,louvain,0,2211,,0.01728224754333496,
pace-exact/exact182.gr,330,4329,louvain,1,2203,,0.0016918182373046875,
pace-exact/exact182.gr,330,4329,louvain,2,2182,,0.0013287067413330078,
pace-exact/exact182.gr,330,4329,leiden,0,2225,,1.2231478691101074,
pace-exact/exact182.gr,330,4329,leiden,1,2184,,0.06848502159118652,
pace-exact/exact182.gr,330,4329,leiden,2,2221,,0.12975192070007324,
pace-exact/exact182.gr,330,4329,mfp,0,4499,,0.14519858360290527,
pace-exact/exact182.gr,330,4329,mfp,1,4686,,0.0880889892578125,
pace-exact/exact182.gr,330,4329,mfp,2,4568,,0.14109396934509277,
pace-exact/exact182.gr,330,4329,ins,0,2177,,0.06336283683776855,
pace-exact/exact182.gr,330,4329,ins,1,2170,,0.04015851020812988,
pace-exact/exact182.gr,330,4329,ins,2,2192,,0.029962778091430664,
pace-exact/exact182.gr,330,4329,flip,0,2162,,1.8351449966430664,
pace-exact/exact182.gr,330,4329,flip,1,2160,,0.6850008964538574,
pace-exact/exact180.gr,330,2256,certiflip,0,1085,1044.3928571428569,66.3173668384552,
pace-exact/exact182.gr,330,4329,flip,2,2164,,0.6582982540130615,
pace-exact/exact181.gr,330,3253,certiflip,0,1570,1418.4776539141876,61.77870798110962,
pace-exact/exact182.gr,330,4329,lb:greedy,0,,1668.0,0.019672870635986328,
pace-exact/exact182.gr,330,4329,lb:tri-mwu,0,,1858.7077464788733,0.17821550369262695,
pace-exact/exact183.gr,330,5613,pivot,0,3674,,0.00019097328186035156,
pace-exact/exact183.gr,330,5613,pivot,1,3841,,0.00013375282287597656,
pace-exact/exact183.gr,330,5613,pivot,2,3594,,0.0001366138458251953,
pace-exact/exact183.gr,330,5613,pivot50,0,3313,,0.004338502883911133,
pace-exact/exact183.gr,330,5613,pivot50,1,3239,,0.004411458969116211,
pace-exact/exact183.gr,330,5613,pivot50,2,3271,,0.004306316375732422,
pace-exact/exact183.gr,330,5613,vote,0,2852,,0.0006880760192871094,
pace-exact/exact183.gr,330,5613,vote,1,2915,,0.0007033348083496094,
pace-exact/exact183.gr,330,5613,vote,2,2908,,0.9279389381408691,
pace-exact/exact183.gr,330,5613,louvain,0,2848,,0.012918472290039062,
pace-exact/exact183.gr,330,5613,louvain,1,2887,,0.0018947124481201172,
pace-exact/exact183.gr,330,5613,louvain,2,2892,,0.0018270015716552734,
pace-exact/exact183.gr,330,5613,leiden,0,2903,,1.481003999710083,
pace-exact/exact183.gr,330,5613,leiden,1,2821,,0.1088871955871582,
pace-exact/exact183.gr,330,5613,leiden,2,2811,,0.16604328155517578,
pace-exact/exact183.gr,330,5613,mfp,0,5703,,0.19100403785705566,
pace-exact/exact183.gr,330,5613,mfp,1,5912,,0.16056013107299805,
pace-exact/exact183.gr,330,5613,mfp,2,5902,,0.213134765625,
pace-exact/exact183.gr,330,5613,ins,0,2839,,0.04648637771606445,
pace-exact/exact183.gr,330,5613,ins,1,2800,,0.051125526428222656,
pace-exact/exact183.gr,330,5613,ins,2,2808,,0.08790087699890137,
pace-exact/exact183.gr,330,5613,flip,0,2789,,1.1649558544158936,
pace-exact/exact183.gr,330,5613,flip,1,2792,,0.9039437770843506,
pace-exact/exact183.gr,330,5613,flip,2,2795,,0.9963879585266113,
pace-exact/exact181.gr,330,3253,kapoce,0,1563,,60.08454489707947,
pace-exact/exact182.gr,330,4329,kapoce,0,2159,,60.114832639694214,
pace-exact/exact183.gr,330,5613,lb:greedy,0,,2173.0,0.061919450759887695,
pace-exact/exact183.gr,330,5613,lb:tri-mwu,0,,2449.81338028169,0.34208130836486816,
pace-exact/exact184.gr,330,7270,pivot,0,4985,,0.00016164779663085938,
pace-exact/exact184.gr,330,7270,pivot,1,4632,,0.00015473365783691406,
pace-exact/exact184.gr,330,7270,pivot,2,4711,,0.00010824203491210938,
pace-exact/exact184.gr,330,7270,pivot50,0,4201,,0.011183977127075195,
pace-exact/exact184.gr,330,7270,pivot50,1,4102,,0.01142740249633789,
pace-exact/exact184.gr,330,7270,pivot50,2,4157,,0.011290788650512695,
pace-exact/exact184.gr,330,7270,vote,0,3723,,0.0006227493286132812,
pace-exact/exact184.gr,330,7270,vote,1,3761,,0.0005524158477783203,
pace-exact/exact184.gr,330,7270,vote,2,3741,,0.00057220458984375,
pace-exact/exact184.gr,330,7270,louvain,0,3723,,0.0014989376068115234,
pace-exact/exact184.gr,330,7270,louvain,1,3752,,0.0014195442199707031,
pace-exact/exact184.gr,330,7270,louvain,2,3715,,0.005946159362792969,
pace-exact/exact184.gr,330,7270,leiden,0,3740,,1.2613348960876465,
pace-exact/exact184.gr,330,7270,leiden,1,3740,,0.1997525691986084,
pace-exact/exact182.gr,330,4329,certiflip,0,2171,1925.5614794186286,62.901413679122925,
pace-exact/exact184.gr,330,7270,mfp,0,7518,,0.2510221004486084,
pace-exact/exact184.gr,330,7270,mfp,1,7758,,0.28868937492370605,
pace-exact/exact184.gr,330,7270,mfp,2,7716,,0.28003430366516113,
pace-exact/exact184.gr,330,7270,ins,0,3706,,0.05898618698120117,
pace-exact/exact184.gr,330,7270,ins,1,3715,,0.0535430908203125,
pace-exact/exact184.gr,330,7270,ins,2,3688,,0.05509686470031738,
pace-exact/exact184.gr,330,7270,leiden,2,3724,,1.340806245803833,
pace-exact/exact184.gr,330,7270,flip,0,3692,,1.291764497756958,
pace-exact/exact184.gr,330,7270,flip,1,3691,,1.4579956531524658,
pace-exact/exact184.gr,330,7270,flip,2,3685,,1.4561376571655273,
pace-exact/exact183.gr,330,5613,certiflip,0,2788,2472.285094015637,60.98789358139038,
pace-exact/exact184.gr,330,7270,lb:greedy,0,,2833.0,0.03615689277648926,
pace-exact/exact184.gr,330,7270,lb:tri-mwu,0,,3240.330985915493,0.5305004119873047,
pace-exact/exact185.gr,347,1456,pivot,0,385,,0.0001456737518310547,
pace-exact/exact185.gr,347,1456,pivot,1,290,,0.7122299671173096,
pace-exact/exact185.gr,347,1456,pivot,2,322,,0.00012159347534179688,
pace-exact/exact185.gr,347,1456,pivot50,0,241,,0.007427215576171875,
pace-exact/exact185.gr,347,1456,pivot50,1,230,,0.007063150405883789,
pace-exact/exact185.gr,347,1456,pivot50,2,246,,0.003018617630004883,
pace-exact/exact185.gr,347,1456,vote,0,209,,0.012996912002563477,
pace-exact/exact185.gr,347,1456,vote,1,207,,0.00030541419982910156,
pace-exact/exact185.gr,347,1456,vote,2,203,,0.000247955322265625,
pace-exact/exact185.gr,347,1456,louvain,0,205,,0.01605534553527832,
pace-exact/exact185.gr,347,1456,louvain,1,203,,0.0007998943328857422,
pace-exact/exact185.gr,347,1456,louvain,2,203,,0.0007817745208740234,
pace-exact/exact185.gr,347,1456,leiden,0,203,,0.9545164108276367,
pace-exact/exact185.gr,347,1456,leiden,1,205,,0.014252185821533203,
pace-exact/exact185.gr,347,1456,leiden,2,203,,0.014474630355834961,
pace-exact/exact185.gr,347,1456,mfp,0,805,,0.047223806381225586,
pace-exact/exact185.gr,347,1456,mfp,1,668,,0.017414569854736328,
pace-exact/exact185.gr,347,1456,mfp,2,551,,0.0180819034576416,
pace-exact/exact185.gr,347,1456,ins,0,203,,0.007817983627319336,
pace-exact/exact185.gr,347,1456,ins,1,203,,0.002356290817260742,
pace-exact/exact185.gr,347,1456,ins,2,203,,0.002529621124267578,
pace-exact/exact185.gr,347,1456,flip,0,203,,1.1993653774261475,
pace-exact/exact185.gr,347,1456,flip,1,203,,0.13084101676940918,
pace-exact/exact185.gr,347,1456,flip,2,203,,0.12689971923828125,
pace-exact/exact185.gr,347,1456,certiflip,0,203,203.0,1.0497708320617676,
pace-exact/exact183.gr,330,5613,kapoce,0,2788,,60.08723855018616,
pace-exact/exact185.gr,347,1456,lb:greedy,0,,197.0,0.8641409873962402,
pace-exact/exact185.gr,347,1456,lb:tri-mwu,0,,197.6443661971831,0.05414628982543945,
pace-exact/exact186.gr,347,1942,pivot,0,960,,0.011489391326904297,
pace-exact/exact186.gr,347,1942,pivot,1,601,,0.00010418891906738281,
pace-exact/exact186.gr,347,1942,pivot,2,648,,9.226799011230469e-05,
pace-exact/exact186.gr,347,1942,pivot50,0,531,,0.00735163688659668,
pace-exact/exact186.gr,347,1942,pivot50,1,540,,0.007290840148925781,
pace-exact/exact186.gr,347,1942,pivot50,2,550,,0.007089138031005859,
pace-exact/exact186.gr,347,1942,vote,0,478,,0.013455390930175781,
pace-exact/exact186.gr,347,1942,vote,1,487,,0.0002665519714355469,
pace-exact/exact186.gr,347,1942,vote,2,480,,0.00023698806762695312,
pace-exact/exact186.gr,347,1942,louvain,0,475,,0.016032695770263672,
pace-exact/exact186.gr,347,1942,louvain,1,475,,0.0012278556823730469,
pace-exact/exact186.gr,347,1942,louvain,2,474,,0.0009515285491943359,
pace-exact/exact186.gr,347,1942,leiden,0,474,,1.3465123176574707,
pace-exact/exact186.gr,347,1942,leiden,1,473,,0.037490129470825195,
pace-exact/exact186.gr,347,1942,leiden,2,474,,0.06948399543762207,
pace-exact/exact186.gr,347,1942,mfp,0,1325,,0.04644632339477539,
pace-exact/exact186.gr,347,1942,mfp,1,1265,,0.039160728454589844,
pace-exact/exact186.gr,347,1942,mfp,2,1125,,0.043128252029418945,
pace-exact/exact186.gr,347,1942,ins,0,473,,1.1730005741119385,
pace-exact/exact186.gr,347,1942,ins,1,473,,0.012449502944946289,
pace-exact/exact186.gr,347,1942,ins,2,473,,0.01719522476196289,
pace-exact/exact186.gr,347,1942,flip,0,473,,0.35149407386779785,
pace-exact/exact186.gr,347,1942,flip,1,473,,0.24497461318969727,
pace-exact/exact186.gr,347,1942,flip,2,473,,0.25325727462768555,
pace-exact/exact186.gr,347,1942,certiflip,0,473,472.0,6.438478469848633,
pace-exact/exact185.gr,347,1456,kapoce,0,203,,40.625072956085205,
pace-exact/exact186.gr,347,1942,lb:greedy,0,,418.0,0.008875370025634766,
pace-exact/exact186.gr,347,1942,lb:tri-mwu,0,,458.40492957746477,0.054053544998168945,
pace-exact/exact187.gr,347,7500,pivot,0,4902,,0.00016760826110839844,
pace-exact/exact187.gr,347,7500,pivot,1,6104,,0.00011682510375976562,
pace-exact/exact187.gr,347,7500,pivot,2,7285,,0.00010466575622558594,
pace-exact/exact187.gr,347,7500,pivot50,0,4885,,0.0036551952362060547,
pace-exact/exact187.gr,347,7500,pivot50,1,5086,,0.013648748397827148,
pace-exact/exact187.gr,347,7500,pivot50,2,4736,,0.015776395797729492,
pace-exact/exact187.gr,347,7500,vote,0,3826,,0.0005948543548583984,
pace-exact/exact187.gr,347,7500,vote,1,3815,,0.0008134841918945312,
pace-exact/exact187.gr,347,7500,vote,2,3814,,0.0005335807800292969,
pace-exact/exact187.gr,347,7500,louvain,0,3814,,0.005831718444824219,
pace-exact/exact187.gr,347,7500,louvain,1,3815,,0.009917974472045898,
pace-exact/exact187.gr,347,7500,louvain,2,3814,,0.003196239471435547,
pace-exact/exact187.gr,347,7500,leiden,0,3814,,1.3257524967193604,
pace-exact/exact187.gr,347,7500,leiden,1,3818,,1.239875316619873,
pace-exact/exact187.gr,347,7500,leiden,2,3814,,0.1282641887664795,
pace-exact/exact187.gr,347,7500,mfp,0,8697,,0.35338330268859863,
pace-exact/exact187.gr,347,7500,mfp,1,7455,,0.35962724685668945,
pace-exact/exact187.gr,347,7500,mfp,2,7277,,0.35786986351013184,
pace-exact/exact187.gr,347,7500,ins,0,3818,,0.23650097846984863,
pace-exact/exact187.gr,347,7500,ins,1,3814,,0.17735886573791504,
pace-exact/exact187.gr,347,7500,ins,2,3814,,0.20138907432556152,
pace-exact/exact184.gr,330,7270,kapoce,0,3684,,60.130303621292114,
pace-exact/exact184.gr,330,7270,certiflip,0,3692,2627.0782423705205,60.94317865371704,
pace-exact/exact187.gr,347,7500,flip,0,3814,,3.1751911640167236,
pace-exact/exact187.gr,347,7500,flip,1,3814,,3.1913304328918457,
pace-exact/exact187.gr,347,7500,flip,2,3814,,3.1704094409942627,
pace-exact/exact187.gr,347,7500,lb:greedy,0,,2982.0,0.07916879653930664,
pace-exact/exact187.gr,347,7500,lb:tri-mwu,0,,3379.654929577465,0.9095785617828369,
pace-exact/exact188.gr,347,17983,pivot,0,9473,,0.0001747608184814453,
pace-exact/exact188.gr,347,17983,pivot,1,13784,,0.00018072128295898438,
pace-exact/exact188.gr,347,17983,pivot,2,10615,,0.00014400482177734375,
pace-exact/exact188.gr,347,17983,pivot50,0,9438,,0.017497539520263672,
pace-exact/exact188.gr,347,17983,pivot50,1,9487,,0.024776220321655273,
pace-exact/exact188.gr,347,17983,pivot50,2,9280,,0.008983135223388672,
pace-exact/exact188.gr,347,17983,vote,0,7882,,0.0009891986846923828,
pace-exact/exact188.gr,347,17983,vote,1,7888,,0.0011205673217773438,
pace-exact/exact188.gr,347,17983,vote,2,7884,,0.0010263919830322266,
pace-exact/exact188.gr,347,17983,louvain,0,7882,,0.0024089813232421875,
pace-exact/exact188.gr,347,17983,louvain,1,7882,,0.010695934295654297,
pace-exact/exact188.gr,347,17983,louvain,2,7884,,0.010637283325195312,
pace-exact/exact188.gr,347,17983,leiden,0,7884,,0.19620180130004883,
pace-exact/exact188.gr,347,17983,leiden,1,7882,,0.4780576229095459,
pace-exact/exact188.gr,347,17983,leiden,2,7882,,1.3305692672729492,
pace-exact/exact188.gr,347,17983,mfp,0,16640,,2.0526673793792725,
pace-exact/exact188.gr,347,17983,mfp,1,16990,,1.9907219409942627,
pace-exact/exact188.gr,347,17983,mfp,2,16180,,1.9179670810699463,
pace-exact/exact188.gr,347,17983,ins,0,7882,,0.7778623104095459,
pace-exact/exact188.gr,347,17983,ins,1,7882,,0.601468563079834,
pace-exact/exact188.gr,347,17983,ins,2,7882,,0.7191739082336426,
pace-exact/exact188.gr,347,17983,flip,0,7882,,10.910393476486206,
pace-exact/exact186.gr,347,1942,kapoce,0,473,,51.24964213371277,
pace-exact/exact188.gr,347,17983,flip,1,7882,,11.58411979675293,
pace-exact/exact188.gr,347,17983,flip,2,7882,,11.901501417160034,
pace-exact/exact187.gr,347,7500,certiflip,0,3814,1930.9432927846792,60.32213568687439,
pace-exact/exact188.gr,347,17983,lb:greedy,0,,6046.0,0.22313833236694336,
pace-exact/exact187.gr,347,7500,kapoce,0,3814,,60.11808681488037,
pace-exact/exact189.gr,347,31752,pivot,0,10628,,0.00021457672119140625,
pace-exact/exact189.gr,347,31752,pivot,1,17284,,0.00023889541625976562,
pace-exact/exact189.gr,347,31752,pivot,2,12469,,0.00016736984252929688,
pace-exact/exact189.gr,347,31752,pivot50,0,9787,,0.01415562629699707,
pace-exact/exact189.gr,347,31752,pivot50,1,9901,,0.013899803161621094,
pace-exact/exact189.gr,347,31752,pivot50,2,9614,,0.013921737670898438,
pace-exact/exact189.gr,347,31752,vote,0,8565,,0.002237558364868164,
pace-exact/exact189.gr,347,31752,vote,1,8563,,0.00944972038269043,
pace-exact/exact189.gr,347,31752,vote,2,8565,,0.8655281066894531,
pace-exact/exact189.gr,347,31752,louvain,0,8563,,0.03013014793395996,
pace-exact/exact189.gr,347,31752,louvain,1,8563,,0.0036191940307617188,
pace-exact/exact189.gr,347,31752,louvain,2,8565,,0.015609502792358398,
pace-exact/exact189.gr,347,31752,leiden,0,8563,,1.4527528285980225,
pace-exact/exact188.gr,347,17983,lb:tri-mwu,0,,7691.278169014085,3.7859416007995605,
pace-exact/exact189.gr,347,31752,leiden,2,8563,,0.5088992118835449,
pace-exact/exact189.gr,347,31752,leiden,1,8563,,0.3638906478881836,
pace-exact/exact189.gr,347,31752,mfp,1,19322,,7.377252817153931,
pace-exact/exact189.gr,347,31752,mfp,0,21646,,7.522420406341553,
pace-exact/exact189.gr,347,31752,ins,0,8563,,1.4710922241210938,
pace-exact/exact189.gr,347,31752,ins,1,8563,,1.1596696376800537,
pace-exact/exact189.gr,347,31752,ins,2,8563,,1.223867416381836,
pace-exact/exact189.gr,347,31752,mfp,2,25062,,6.669720888137817,
pace-exact/exact189.gr,347,31752,flip,0,8563,,20.452872276306152,
pace-exact/exact188.gr,347,17983,certiflip,0,7882,1470.5211038723828,60.45510268211365,
pace-exact/exact189.gr,347,31752,flip,1,8563,,20.836421489715576,
pace-exact/exact188.gr,347,17983,kapoce,0,7882,,60.19849371910095,
pace-exact/exact189.gr,347,31752,lb:greedy,0,,6114.0,0.6249558925628662,
pace-exact/exact189.gr,347,31752,lb:tri-mwu,0,,8493.12676056338,6.367210626602173,
pace-exact/exact190.gr,400,28650,pivot,0,24691,,0.0001919269561767578,
pace-exact/exact190.gr,400,28650,pivot,1,22944,,0.0001609325408935547,
pace-exact/exact190.gr,400,28650,pivot,2,18977,,0.00016236305236816406,
pace-exact/exact190.gr,400,28650,pivot50,0,18350,,0.013906478881835938,
pace-exact/exact190.gr,400,28650,pivot50,1,17688,,0.009666681289672852,
pace-exact/exact190.gr,400,28650,pivot50,2,18756,,0.013739824295043945,
pace-exact/exact190.gr,400,28650,vote,0,13921,,0.0015134811401367188,
pace-exact/exact190.gr,400,28650,vote,1,13917,,0.00587916374206543,
pace-exact/exact190.gr,400,28650,vote,2,13923,,0.8114449977874756,
pace-exact/exact190.gr,400,28650,louvain,0,13921,,0.0348353385925293,
pace-exact/exact190.gr,400,28650,louvain,1,13915,,0.010557413101196289,
pace-exact/exact190.gr,400,28650,louvain,2,13923,,0.0031189918518066406,
pace-exact/exact190.gr,400,28650,leiden,0,13915,,1.6587629318237305,
pace-exact/exact190.gr,400,28650,leiden,1,13915,,0.4317038059234619,
pace-exact/exact190.gr,400,28650,leiden,2,13923,,0.2944152355194092,
pace-exact/exact190.gr,400,28650,mfp,0,26398,,2.8333961963653564,
pace-exact/exact189.gr,347,31752,flip,2,8563,,21.81020212173462,
pace-exact/exact190.gr,400,28650,mfp,1,25667,,2.9566903114318848,
pace-exact/exact190.gr,400,28650,ins,0,13915,,0.7522180080413818,
pace-exact/exact190.gr,400,28650,ins,1,13917,,0.6642992496490479,
pace-exact/exact190.gr,400,28650,mfp,2,31170,,2.2552270889282227,
pace-exact/exact190.gr,400,28650,ins,2,13915,,0.6191060543060303,
pace-exact/exact190.gr,400,28650,flip,1,13915,,11.12179970741272,
pace-exact/exact190.gr,400,28650,flip,0,13915,,12.667328834533691,
pace-exact/exact190.gr,400,28650,flip,2,13915,,11.34595537185669,
pace-exact/exact189.gr,347,31752,certiflip,0,8563,1602.024276099295,60.2452654838562,
pace-exact/exact190.gr,400,28650,lb:greedy,0,,10373.0,0.1690223217010498,
pace-exact/exact189.gr,347,31752,kapoce,0,8563,,60.251994371414185,
pace-exact/exact191.gr,400,31201,pivot,0,27960,,0.00019288063049316406,
pace-exact/exact191.gr,400,31201,pivot,1,24942,,0.0001761913299560547,
pace-exact/exact191.gr,400,31201,pivot,2,23303,,0.00017571449279785156,
pace-exact/exact191.gr,400,31201,pivot50,0,22530,,0.014194488525390625,
pace-exact/exact191.gr,400,31201,pivot50,1,23048,,0.009970903396606445,
pace-exact/exact191.gr,400,31201,pivot50,2,23303,,0.010622501373291016,
pace-exact/exact191.gr,400,31201,vote,0,18427,,0.0113067626953125,
pace-exact/exact191.gr,400,31201,vote,1,18427,,0.008888721466064453,
pace-exact/exact191.gr,400,31201,vote,2,18427,,0.007369279861450195,
pace-exact/exact191.gr,400,31201,louvain,0,18427,,0.012497901916503906,
pace-exact/exact191.gr,400,31201,louvain,1,18427,,0.8565242290496826,
pace-exact/exact191.gr,400,31201,louvain,2,18427,,0.012618064880371094,
pace-exact/exact191.gr,400,31201,leiden,0,18427,,1.5287470817565918,
pace-exact/exact191.gr,400,31201,leiden,1,18427,,0.4922792911529541,
pace-exact/exact191.gr,400,31201,leiden,2,18427,,0.3864436149597168,
pace-exact/exact190.gr,400,28650,lb:tri-mwu,0,,13022.841549295774,7.364166259765625,
pace-exact/exact191.gr,400,31201,mfp,0,31250,,2.2104179859161377,
pace-exact/exact191.gr,400,31201,mfp,1,32235,,2.6204888820648193,
pace-exact/exact191.gr,400,31201,ins,0,18427,,1.1027379035949707,
pace-exact/exact191.gr,400,31201,mfp,2,31469,,2.7076663970947266,
pace-exact/exact191.gr,400,31201,ins,1,18427,,0.9679803848266602,
pace-exact/exact191.gr,400,31201,ins,2,18427,,1.063985824584961,
pace-exact/exact191.gr,400,31201,flip,0,18427,,19.579045295715332,
pace-exact/exact191.gr,400,31201,flip,1,18427,,19.867080211639404,
pace-exact/exact190.gr,400,28650,certiflip,0,13915,2563.3108108108136,60.294373512268066,
pace-exact/exact190.gr,400,28650,kapoce,0,13915,,60.21044969558716,
pace-exact/exact191.gr,400,31201,lb:greedy,0,,12891.0,0.22499346733093262,
pace-exact/exact191.gr,400,31201,flip,2,18427,,18.344070434570312,
pace-exact/exact192.gr,400,32613,pivot,0,17191,,0.0001556873321533203,
pace-exact/exact192.gr,400,32613,pivot,1,8872,,0.00015926361083984375,
pace-exact/exact192.gr,400,32613,pivot,2,19674,,0.7882602214813232,
pace-exact/exact192.gr,400,32613,pivot50,0,8149,,0.01795482635498047,
pace-exact/exact192.gr,400,32613,pivot50,1,8297,,0.021942138671875,
pace-exact/exact192.gr,400,32613,pivot50,2,8044,,0.009910821914672852,
pace-exact/exact192.gr,400,32613,vote,0,7249,,0.014080286026000977,
pace-exact/exact192.gr,400,32613,vote,1,7249,,0.0016598701477050781,
pace-exact/exact192.gr,400,32613,vote,2,7249,,0.005279064178466797,
pace-exact/exact192.gr,400,32613,louvain,0,7249,,0.022411346435546875,
pace-exact/exact192.gr,400,32613,louvain,1,7249,,0.0029096603393554688,
pace-exact/exact192.gr,400,32613,louvain,2,7249,,0.002833127975463867,
pace-exact/exact192.gr,400,32613,leiden,0,7249,,1.2139861583709717,
pace-exact/exact192.gr,400,32613,leiden,1,7249,,0.3148226737976074,
pace-exact/exact192.gr,400,32613,leiden,2,7249,,0.3962230682373047,
pace-exact/exact191.gr,400,31201,lb:tri-mwu,0,,15494.601476014761,8.73785662651062,
pace-exact/exact192.gr,400,32613,mfp,0,24982,,5.020006895065308,
pace-exact/exact192.gr,400,32613,mfp,1,17099,,5.014999866485596,
pace-exact/exact192.gr,400,32613,ins,0,7249,,0.4660172462463379,
pace-exact/exact192.gr,400,32613,ins,1,7249,,0.4676399230957031,
pace-exact/exact192.gr,400,32613,ins,2,7249,,1.3791894912719727,
pace-exact/exact192.gr,400,32613,mfp,2,28689,,5.012922048568726,
pace-exact/exact192.gr,400,32613,flip,0,7249,,7.764684677124023,
pace-exact/exact192.gr,400,32613,flip,1,7249,,8.186218738555908,
pace-exact/exact192.gr,400,32613,flip,2,7249,,7.693420886993408,
pace-exact/exact191.gr,400,31201,certiflip,0,18427,1950.6607407407355,60.502928256988525,
pace-exact/exact192.gr,400,32613,lb:greedy,0,,6768.0,0.2321939468383789,
pace-exact/exact191.gr,400,31201,kapoce,0,18427,,60.282305002212524,
pace-exact/exact193.gr,400,42153,pivot,0,29300,,0.008304834365844727,
pace-exact/exact193.gr,400,42153,pivot,1,30096,,0.00022864341735839844,
pace-exact/exact193.gr,400,42153,pivot,2,32082,,0.0002167224884033203,
pace-exact/exact193.gr,400,42153,pivot50,0,24865,,0.011353015899658203,
pace-exact/exact193.gr,400,42153,pivot50,1,23978,,0.015514373779296875,
pace-exact/exact193.gr,400,42153,pivot50,2,24630,,0.01506352424621582,
pace-exact/exact193.gr,400,42153,vote,0,20429,,0.002146005630493164,
pace-exact/exact193.gr,400,42153,vote,1,20429,,0.0057220458984375,
pace-exact/exact193.gr,400,42153,vote,2,20429,,0.009858131408691406,
pace-exact/exact193.gr,400,42153,louvain,0,20429,,0.012578248977661133,
pace-exact/exact193.gr,400,42153,louvain,1,20429,,0.019253253936767578,
pace-exact/exact193.gr,400,42153,louvain,2,20429,,0.012263774871826172,
pace-exact/exact192.gr,400,32613,lb:tri-mwu,0,,7228.158450704225,5.454500436782837,
pace-exact/exact193.gr,400,42153,leiden,1,20434,,0.6016216278076172,
pace-exact/exact193.gr,400,42153,leiden,0,20429,,1.9421637058258057,
pace-exact/exact193.gr,400,42153,leiden,2,20434,,0.6526925563812256,
pace-exact/exact193.gr,400,42153,mfp,0,40880,,6.426413536071777,
pace-exact/exact193.gr,400,42153,mfp,1,41109,,6.537125825881958,
pace-exact/exact193.gr,400,42153,ins,0,20429,,1.4829645156860352,
pace-exact/exact193.gr,400,42153,ins,1,20429,,1.4055755138397217,
pace-exact/exact193.gr,400,42153,ins,2,20429,,1.579197883605957,
pace-exact/exact193.gr,400,42153,mfp,2,38626,,6.792482137680054,
pace-exact/exact192.gr,400,32613,certiflip,0,7249,3436.0,60.146966218948364,
pace-exact/exact192.gr,400,32613,kapoce,0,7249,,60.19288182258606,
pace-exact/exact193.gr,400,42153,flip,0,20429,,27.506930351257324,
pace-exact/exact193.gr,400,42153,flip,1,20429,,27.64348840713501,
pace-exact/exact193.gr,400,42153,lb:greedy,0,,14931.0,0.5142502784729004,
pace-exact/exact193.gr,400,42153,lb:tri-mwu,0,,19892.716845878138,14.361671209335327,
pace-exact/exact194.gr,400,70027,pivot,0,11498,,0.012958765029907227,
pace-exact/exact194.gr,400,70027,pivot,1,29394,,0.00019121170043945312,
pace-exact/exact194.gr,400,70027,pivot,2,10450,,0.00016736984252929688,
pace-exact/exact194.gr,400,70027,pivot50,0,9672,,0.022002220153808594,
pace-exact/exact194.gr,400,70027,pivot50,1,9172,,0.021852970123291016,
pace-exact/exact194.gr,400,70027,pivot50,2,8940,,0.021722793579101562,
pace-exact/exact194.gr,400,70027,vote,0,8908,,0.01535797119140625,
pace-exact/exact194.gr,400,70027,vote,1,8908,,0.002561807632446289,
pace-exact/exact194.gr,400,70027,vote,2,8908,,0.006604909896850586,
pace-exact/exact194.gr,400,70027,louvain,0,8908,,0.037153005599975586,
pace-exact/exact194.gr,400,70027,louvain,1,8908,,0.029392004013061523,
pace-exact/exact194.gr,400,70027,louvain,2,8908,,0.008141279220581055,
pace-exact/exact194.gr,400,70027,leiden,0,8908,,1.7439765930175781,
pace-exact/exact194.gr,400,70027,leiden,1,8908,,0.6723639965057373,
pace-exact/exact194.gr,400,70027,leiden,2,8908,,0.7044999599456787,
pace-exact/exact193.gr,400,42153,flip,2,20429,,29.653892040252686,
pace-exact/exact194.gr,400,70027,mfp,1,24678,,22.881897926330566,
pace-exact/exact194.gr,400,70027,mfp,0,45327,,23.439621210098267,
pace-exact/exact194.gr,400,70027,ins,0,8908,,1.5067048072814941,
pace-exact/exact194.gr,400,70027,ins,1,8908,,1.5916361808776855,
pace-exact/exact194.gr,400,70027,ins,2,8908,,1.5380756855010986,
pace-exact/exact193.gr,400,42153,certiflip,0,20429,1393.2146126316002,60.64355731010437,
pace-exact/exact193.gr,400,42153,kapoce,0,20429,,60.306050062179565,
pace-exact/exact194.gr,400,70027,mfp,2,16880,,23.641810417175293,
pace-exact/exact194.gr,400,70027,flip,0,8908,,25.70518970489502,
pace-exact/exact194.gr,400,70027,flip,1,8908,,26.05635094642639,
pace-exact/exact194.gr,400,70027,flip,2,8908,,26.701260328292847,
pace-exact/exact194.gr,400,70027,lb:greedy,0,,7537.0,3.693098545074463,
pace-exact/exact195.gr,620,3992,pivot,0,3626,,0.00017499923706054688,
pace-exact/exact195.gr,620,3992,pivot,1,3540,,0.00011134147644042969,
pace-exact/exact195.gr,620,3992,pivot,2,3509,,0.00014019012451171875,
pace-exact/exact195.gr,620,3992,pivot50,0,3261,,0.021885395050048828,
pace-exact/exact195.gr,620,3992,pivot50,1,3311,,0.00898289680480957,
pace-exact/exact195.gr,620,3992,pivot50,2,3316,,0.02120375633239746,
pace-exact/exact195.gr,620,3992,vote,0,2606,,0.0005018711090087891,
pace-exact/exact195.gr,620,3992,vote,1,2641,,0.0005385875701904297,
pace-exact/exact195.gr,620,3992,vote,2,2589,,0.00045013427734375,
pace-exact/exact195.gr,620,3992,louvain,0,2603,,0.002273082733154297,
pace-exact/exact195.gr,620,3992,louvain,1,2578,,0.006623268127441406,
pace-exact/exact195.gr,620,3992,louvain,2,2577,,0.0017137527465820312,
pace-exact/exact195.gr,620,3992,leiden,0,2581,,1.4744975566864014,
pace-exact/exact195.gr,620,3992,leiden,1,2590,,1.2603883743286133,
pace-exact/exact195.gr,620,3992,leiden,2,2586,,0.3960552215576172,
pace-exact/exact195.gr,620,3992,mfp,0,4440,,0.16625332832336426,
pace-exact/exact195.gr,620,3992,mfp,1,4542,,0.08295869827270508,
pace-exact/exact195.gr,620,3992,mfp,2,4307,,0.07759881019592285,
pace-exact/exact195.gr,620,3992,ins,0,2542,,0.12971901893615723,
pace-exact/exact195.gr,620,3992,ins,1,2537,,0.08732104301452637,
pace-exact/exact195.gr,620,3992,ins,2,2536,,0.07917070388793945,
pace-exact/exact195.gr,620,3992,flip,0,2534,,1.0439453125,
pace-exact/exact195.gr,620,3992,flip,1,2536,,1.0327951908111572,
pace-exact/exact195.gr,620,3992,flip,2,2536,,1.2741737365722656,
pace-exact/exact194.gr,400,70027,lb:tri-mwu,0,,8860.739436619719,14.280894994735718,
pace-exact/exact194.gr,400,70027,certiflip,0,8908,1893.659807355515,60.06295919418335,
pace-exact/exact195.gr,620,3992,lb:greedy,0,,1791.0,0.02358412742614746,
pace-exact/exact195.gr,620,3992,lb:tri-mwu,0,,1888.894366197183,0.14668655395507812,
pace-exact/exact196.gr,620,14834,pivot,0,8938,,0.00015664100646972656,
pace-exact/exact196.gr,620,14834,pivot,1,9697,,0.0001456737518310547,
pace-exact/exact196.gr,620,14834,pivot,2,9452,,0.00015211105346679688,
pace-exact/exact196.gr,620,14834,pivot50,0,7247,,0.013277530670166016,
pace-exact/exact196.gr,620,14834,pivot50,1,6921,,0.009451627731323242,
pace-exact/exact196.gr,620,14834,pivot50,2,7225,,0.009205341339111328,
pace-exact/exact196.gr,620,14834,vote,0,5394,,0.0008730888366699219,
pace-exact/exact196.gr,620,14834,vote,1,5403,,0.0008778572082519531,
pace-exact/exact196.gr,620,14834,vote,2,5414,,0.008930683135986328,
pace-exact/exact196.gr,620,14834,louvain,0,5384,,0.006497383117675781,
pace-exact/exact196.gr,620,14834,louvain,1,5384,,0.0030760765075683594,
pace-exact/exact196.gr,620,14834,louvain,2,5381,,0.002385854721069336,
pace-exact/exact196.gr,620,14834,leiden,0,5381,,1.5660996437072754,
pace-exact/exact196.gr,620,14834,leiden,1,5380,,0.2738382816314697,
pace-exact/exact196.gr,620,14834,leiden,2,5381,,0.3097527027130127,
pace-exact/exact196.gr,620,14834,mfp,0,13248,,0.9242899417877197,
pace-exact/exact196.gr,620,14834,mfp,1,12867,,0.9275400638580322,
pace-exact/exact196.gr,620,14834,mfp,2,12067,,1.9757616519927979,
pace-exact/exact196.gr,620,14834,ins,0,5380,,0.23104047775268555,
pace-exact/exact196.gr,620,14834,ins,1,5376,,0.17847490310668945,
pace-exact/exact196.gr,620,14834,ins,2,5380,,0.1881246566772461,
pace-exact/exact194.gr,400,70027,kapoce,0,8908,,60.39367985725403,
pace-exact/exact196.gr,620,14834,flip,1,5375,,2.877610445022583,
pace-exact/exact196.gr,620,14834,flip,0,5375,,3.42264723777771,
pace-exact/exact196.gr,620,14834,flip,2,5375,,3.0903074741363525,
pace-exact/exact195.gr,620,3992,certiflip,0,2533,2126.929907968779,61.18563365936279,
pace-exact/exact196.gr,620,14834,lb:greedy,0,,4414.0,0.0948801040649414,
pace-exact/exact196.gr,620,14834,lb:tri-mwu,0,,5275.908450704225,0.8801145553588867,
pace-exact/exact197.gr,620,35188,pivot,0,47018,,0.00023293495178222656,
pace-exact/exact197.gr,620,35188,pivot,1,29398,,0.0001971721649169922,
pace-exact/exact197.gr,620,35188,pivot,2,22320,,0.00019431114196777344,
pace-exact/exact197.gr,620,35188,pivot50,0,20534,,0.023364543914794922,
pace-exact/exact197.gr,620,35188,pivot50,1,19878,,0.019855737686157227,
pace-exact/exact197.gr,620,35188,pivot50,2,19767,,0.028183937072753906,
pace-exact/exact195.gr,620,3992,kapoce,0,2529,,60.10517072677612,
pace-exact/exact197.gr,620,35188,vote,1,15887,,0.0021600723266601562,
pace-exact/exact197.gr,620,35188,vote,2,15892,,0.002682209014892578,
pace-exact/exact197.gr,620,35188,louvain,0,15850,,0.008315324783325195,
pace-exact/exact197.gr,620,35188,louvain,1,15886,,0.01463460922241211,
pace-exact/exact197.gr,620,35188,louvain,2,15886,,0.008651256561279297,
pace-exact/exact197.gr,620,35188,vote,0,15850,,0.793769121170044,
pace-exact/exact197.gr,620,35188,leiden,0,15849,,1.6071619987487793,
pace-exact/exact197.gr,620,35188,leiden,1,15886,,1.6433606147766113,
pace-exact/exact197.gr,620,35188,leiden,2,15849,,0.4371786117553711,
pace-exact/exact197.gr,620,35188,mfp,0,31967,,3.1993489265441895,
pace-exact/exact197.gr,620,35188,mfp,1,30152,,3.0976333618164062,
pace-exact/exact197.gr,620,35188,ins,0,15831,,0.6085939407348633,
pace-exact/exact197.gr,620,35188,ins,1,15831,,0.7376601696014404,
pace-exact/exact197.gr,620,35188,ins,2,15831,,0.7093508243560791,
pace-exact/exact197.gr,620,35188,mfp,2,29075,,2.9664816856384277,
pace-exact/exact197.gr,620,35188,flip,1,15831,,12.685383796691895,
pace-exact/exact197.gr,620,35188,flip,0,15831,,13.290091753005981,
pace-exact/exact197.gr,620,35188,flip,2,15831,,12.860123872756958,
pace-exact/exact196.gr,620,14834,certiflip,0,5375,2825.1154951955396,62.18683958053589,
pace-exact/exact197.gr,620,35188,lb:greedy,0,,12530.0,0.3222196102142334,
pace-exact/exact196.gr,620,14834,kapoce,0,5375,,60.16968774795532,
pace-exact/exact198.gr,620,91572,pivot,0,87574,,0.0002105236053466797,
pace-exact/exact198.gr,620,91572,pivot,1,66615,,0.0002319812774658203,
pace-exact/exact198.gr,620,91572,pivot,2,61352,,0.0001933574676513672,
pace-exact/exact198.gr,620,91572,pivot50,0,53239,,0.03750205039978027,
pace-exact/exact198.gr,620,91572,pivot50,1,54282,,0.0385282039642334,
pace-exact/exact198.gr,620,91572,pivot50,2,52210,,0.03179526329040527,
pace-exact/exact198.gr,620,91572,vote,0,46766,,0.016764163970947266,
pace-exact/exact198.gr,620,91572,vote,1,46768,,0.016880512237548828,
pace-exact/exact198.gr,620,91572,vote,2,47772,,0.013033628463745117,
pace-exact/exact198.gr,620,91572,louvain,0,46766,,0.022619962692260742,
pace-exact/exact198.gr,620,91572,louvain,1,46766,,0.020905256271362305,
pace-exact/exact198.gr,620,91572,louvain,2,47772,,0.02554488182067871,
pace-exact/exact198.gr,620,91572,leiden,0,46766,,2.595216989517212,
pace-exact/exact197.gr,620,35188,lb:tri-mwu,0,,14118.605633802817,7.343693494796753,
pace-exact/exact198.gr,620,91572,leiden,1,47771,,1.5337986946105957,
pace-exact/exact198.gr,620,91572,leiden,2,46764,,2.387955665588379,
pace-exact/exact198.gr,620,91572,mfp,0,85453,,20.29623579978943,
pace-exact/exact198.gr,620,91572,mfp,1,86242,,19.613045692443848,
pace-exact/exact198.gr,620,91572,ins,0,47771,,4.351864576339722,
pace-exact/exact198.gr,620,91572,ins,1,46766,,4.250055313110352,
pace-exact/exact197.gr,620,35188,certiflip,0,15831,1841.5135304184805,60.899972915649414,
pace-exact/exact198.gr,620,91572,ins,2,47771,,4.674274921417236,
pace-exact/exact198.gr,620,91572,mfp,2,84403,,20.81307077407837,
pace-exact/exact197.gr,620,35188,kapoce,0,15831,,60.26545786857605,
pace-exact/exact198.gr,620,91572,flip,0,46766,,79.51750922203064,
pace-exact/exact198.gr,620,91572,flip,1,46764,,77.40577697753906,
pace-exact/exact198.gr,620,91572,lb:greedy,0,,34919.0,1.9518532752990723,
pace-exact/exact198.gr,620,91572,flip,2,46766,,81.08027338981628,
pace-exact/exact199.gr,620,163863,pivot,0,27866,,0.00021386146545410156,
pace-exact/exact199.gr,620,163863,pivot,1,27969,,0.00019812583923339844,
pace-exact/exact198.gr,620,91572,certiflip,0,46766,nan,79.32656645774841,
pace-exact/exact199.gr,620,163863,pivot,2,83106,,0.00020003318786621094,
pace-exact/exact199.gr,620,163863,pivot50,0,27141,,0.06193137168884277,
pace-exact/exact199.gr,620,163863,pivot50,1,27411,,0.030084848403930664,
pace-exact/exact199.gr,620,163863,vote,0,27073,,0.009680509567260742,
pace-exact/exact199.gr,620,163863,pivot50,2,27206,,0.04137396812438965,
pace-exact/exact199.gr,620,163863,vote,1,27073,,0.012977123260498047,
pace-exact/exact199.gr,620,163863,vote,2,27073,,0.021898269653320312,
pace-exact/exact199.gr,620,163863,louvain,0,27073,,0.023688316345214844,
pace-exact/exact199.gr,620,163863,louvain,1,27073,,0.031946659088134766,
pace-exact/exact199.gr,620,163863,louvain,2,27073,,0.03580665588378906,
pace-exact/exact199.gr,620,163863,leiden,0,27073,,1.8871047496795654,
pace-exact/exact199.gr,620,163863,leiden,1,27073,,3.187624216079712,
pace-exact/exact199.gr,620,163863,leiden,2,27073,,1.2793428897857666,
pace-exact/exact198.gr,620,91572,lb:tri-mwu,0,,44245.71841155235,43.25041890144348,
pace-exact/exact198.gr,620,91572,kapoce,0,46764,,60.48524284362793,
pace-exact/exact199.gr,620,163863,ins,0,27073,,4.537334203720093,
pace-exact/exact199.gr,620,163863,ins,1,27073,,4.217373371124268,
pace-exact/exact199.gr,620,163863,ins,2,27073,,5.401379346847534,
pace-exact/exact199.gr,620,163863,mfp,1,99998,,97.58137941360474,
pace-exact/exact199.gr,620,163863,mfp,0,106293,,100.44118237495422,
pace-exact/exact199.gr,620,163863,mfp,2,99670,,102.15457367897034,
pace-exact/exact199.gr,620,163863,flip,0,27073,,89.41828894615173,
pace-exact/exact199.gr,620,163863,flip,1,27073,,91.18607258796692,
pace-exact/exact199.gr,620,163863,flip,2,27073,,91.87429285049438,
pace-exact/exact199.gr,620,163863,lb:greedy,0,,25140.0,8.374658107757568,
pace-exact/exact200.gr,620,190499,pivot,0,1391,,0.00021839141845703125,
pace-exact/exact200.gr,620,190499,pivot,1,1391,,0.0001876354217529297,
pace-exact/exact200.gr,620,190499,pivot,2,17168,,0.0001971721649169922,
pace-exact/exact200.gr,620,190499,pivot50,0,1391,,0.6999485492706299,
pace-exact/exact200.gr,620,190499,pivot50,1,1391,,0.07497644424438477,
pace-exact/exact200.gr,620,190499,pivot50,2,1391,,0.06307363510131836,
pace-exact/exact200.gr,620,190499,vote,0,1391,,0.020567655563354492,
pace-exact/exact200.gr,620,190499,vote,1,1391,,0.011774063110351562,
pace-exact/exact200.gr,620,190499,vote,2,1391,,0.011585235595703125,
pace-exact/exact200.gr,620,190499,louvain,0,1391,,0.0745844841003418,
pace-exact/exact200.gr,620,190499,louvain,1,1391,,0.0335693359375,
pace-exact/exact200.gr,620,190499,louvain,2,1391,,0.023101806640625,
pace-exact/exact199.gr,620,163863,kapoce,0,27073,,61.075807094573975,
pace-exact/exact200.gr,620,190499,leiden,0,1391,,2.6326258182525635,
pace-exact/exact200.gr,620,190499,leiden,2,1391,,1.671797275543213,
pace-exact/exact200.gr,620,190499,leiden,1,1391,,3.093374729156494,
pace-exact/exact199.gr,620,163863,certiflip,0,27073,nan,94.45248341560364,
pace-exact/exact199.gr,620,163863,lb:tri-mwu,0,,27012.552816901407,52.07626128196716,
pace-exact/exact200.gr,620,190499,ins,0,1391,,1.6839656829833984,
pace-exact/exact200.gr,620,190499,ins,1,1391,,1.7383663654327393,
pace-exact/exact200.gr,620,190499,ins,2,1391,,4.311195611953735,
pace-exact/exact200.gr,620,190499,flip,0,1391,,37.58988690376282,
pace-exact/exact200.gr,620,190499,flip,1,1391,,36.964136600494385,
pace-exact/exact200.gr,620,190499,flip,2,1391,,39.29986214637756,
pace-exact/exact200.gr,620,190499,mfp,1,10189,,160.46297216415405,
pace-exact/exact200.gr,620,190499,mfp,0,16185,,163.77835845947266,
pace-exact/exact200.gr,620,190499,lb:greedy,0,,1391.0,7.137516021728516,
pace-exact/exact200.gr,620,190499,mfp,2,5034,,159.23948073387146,
pace-exact/exact200.gr,620,190499,lb:tri-mwu,0,,1391.0,8.387061595916748,
pace-exact/exact200.gr,620,190499,certiflip,0,1391,nan,24.60641098022461,
pace-exact/exact200.gr,620,190499,kapoce,0,1391,,60.70916390419006,
